Name	Reactants	SMARTS	Products	Comments
1.1.1_01	cpd00003;Any	[#6;H1D3:4]=[#6;H0D3:3][#6;H1D3:2]=[#7+;H0D3:1].[#1;D1R0:8][#8;H1D2R0:7][#6;H1D4:5]([#1;D1R0:6])([#8,#16,#14:9])[#8,#16,#14:10]>>[#1+:6].[*:9]-[*:5](-[*:10])=[*:7].[*:8]-[*:4]-[*:3]=[*:2]-[N+0:1]	cpd00004;cpd00067;Any
1.1.1_02	Any;cpd00003	[#1;D1R0:2][#8;H1D2R0:3][#6:4]([#1;D1R0:1])[#6:5]-;!@[#6;H0D3:6](=[#8;H0D1R0:7])[#8;H1D2R0:8][#1;D1R0:9].[#6;H1D3:13]=[#6;H0D3:12][#6;H1D3:11]=[#7+;H0D3:10]>>[#1+:9].[*:7]=[*:6]=[*:8].[*:1]-[*:5]-[*:4]=[*:3].[*:2]-[*:13]-[*:12]=[*:11]-[N+0:10]	cpd00067;cpd00011;Any;cpd00004	
1.1.1_02.rev	Any;cpd00004;cpd00011;cpd00067	[#1;D1R0:1][#6:4][#6:3]=[#8;H0D1R0:2].[#1;D1R0:5][#6;H2D4:9][#6;H0D3:8]=[#6;H1D3:7][#7;H0D3:6].[#8;H0D1R0:11]=[#6;H0D2R0:10]=[#8;H0D1R0:12].[#1;R0:13]>>[#7+:6]=[*:7]-[*:8]=[*:9].[*:5]-[*:2]-[*:3](-[*:1])-[*:4]-[*:10](=[*:11])-[*:12]-[*:13]	cpd00003;Any	
1.1.1_03	Any;cpd00001;cpd00003	[#1;D1R0:11][#7:3]1[#6:2]=[#7:1][#6:9]2=[#6:4]1[#7:5]=[#6:6]([#1;D1R0:10])[#7:7][#6:8]2.[#1;D1R0:12][#8;H2D2R0:13][#1;D1R0:14].[#6;H1D3:18]=[#6;H0D3:17][#6;H1D3:16]=[#7;H0D3:15]>>[#1+:10].[*:14]-[*:18]-[*:17]=[*:16]-[N+0:15].[*:11]-[*:1]-1-[*:2]=[*:3]-[*:4]-2=[*:9]-1-[*:8]-[*:7]-[*:6](=[*:13])-[*:5]-2-[*:12]	cpd00067;cpd00004;Any
1.1.1_04	Any;cpd00003	[#1;D1R0:9][#8;H1D2:10][#6:6]1[#6:5][#8;H0D2:4][#6:3]([#1;D1R0:11])([#8;H1D2:2][#1;D1R0:1])[#6:8]([#8;H1D2R0:13])[#6:7]1[#8;H1D2R0:12].[#6;H1D3:17]=[#6;H0D3:16][#6;H1D3:15]=[#7;H0D3:14]>>[#1+:9].[*:1]-[*:17]-[*:16]=[*:15]-[N+0:14].[*:11]-[*:4]-[*:5]-[*:6]-1-[*:10]-[*:3](=[*:2])-[*:8](-[*:13])-[*:7]-1-[*:12]	cpd00004;cpd00067;Any	
1.1.1_04.rev	cpd00004;Any;cpd00067	[#1;D1R0:1][#6;H2D4:5][#6;H0D3:4]=[#6;H1D3:3][#7;H0D3:2].[#1;D1R0:14][#8;H1D2R0:8][#6:9][#6:10]1[#8;H0D2:13][#6:7](=[#8;H0D1R0:6])[#6:12]([#8;H1D2R0:16])[#6:11]1[#8;H1D2R0:15].[#1;R0:17]>>[#7+:2]=[*:3]-[*:4]=[*:5].[*:17]-[*:13]-[*:10]-1-[*:9]-[*:8]-[*:7](-[*:14])(-[*:6]-[*:1])-[*:12](-[*:16])-[*:11]-1-[*:15]	cpd00003;Any	
1.1.1_05	Any;cpd00003	[#1;D1R0:1][#8;H1D2:2][#6:3][#6:4]([#8;H1D2R0:9])[#6:5]([#8;H1D2R0:10])[#6:6]([#8;H1D2R0:11])[#6:7]([#1;D1R0:8])[#8;H1D2R0:12].[#6;H1D3:16]=[#6;H0D3:15][#6;H1D3:14]=[#7;H0D3:13]>>[#1+:1].[*:8]-[*:16]-[*:15]=[*:14]-[N+0:13].[*:9]-[*:4]-1-[*:3]-[*:2]-[*:7](-[*:12])-[*:6](-[*:11])-[*:5]-1-[*:10]	cpd00004;cpd00067;Any	
1.1.1_05.rev	cpd00067;Any;cpd00004	[#1;R0:1].[#8;H1D2R0:8][#6:4]1[#6:3][#8;H0D2:2][#6:7]([#8;H1D2R0:11])[#6:6]([#8;H1D2R0:10])[#6:5]1[#8;H1D2R0:9].[#1;D1R0:12][#6;H2D4:16][#6;H0D3:15]=[#6;H1D3:14][#7;H0D3:13]>>[#7+:13]=[*:14]-[*:15]=[*:16].[*:1]-[*:2]-[*:3]-[*:4](-[*:8])-[*:5](-[*:9])-[*:6](-[*:10])-[*:7](-[*:11])-[*:12]	cpd00003;Any	
1.1.1_06	Any;cpd00003	[#1;D1R0:1][#8;H1D2:2][#6:3][#6:4]([#8;H1D2R0:8])[#6:5]([#8;H1D2R0:9])[#6:6]([#1;D1R0:7])[#8;H1D2R0:10].[#6;H1D3:14]=[#6;H0D3:13][#6;H1D3:12]=[#7;H0D3:11]>>[#1+:1].[*:7]-[*:14]-[*:13]=[*:12]-[N+0:11].[*:8]-[*:4]-1-[*:3]-[*:2]-[*:6](-[*:10])-[*:5]-1-[*:9]	cpd00004;cpd00067;Any	
1.1.1_06.rev	cpd00067;Any;cpd00004	[#1;R0:1].[#8;H1D2R0:7][#6:4]1[#6:3][#8;H0D2:2][#6:6]([#8;H1D2R0:9])[#6:5]1[#8;H1D2R0:8].[#1;D1R0:10][#6;H2D4:14][#6;H0D3:13]=[#6;H1D3:12][#7;H0D3:11]>>[#7+:11]=[*:12]-[*:13]=[*:14].[*:1]-[*:2]-[*:3]-[*:4](-[*:7])-[*:5](-[*:8])-[*:6](-[*:9])-[*:10]	cpd00003;Any	
1.1.1_07	Any;cpd00001;cpd00003;cpd00003	[#1;D1R0:1][#6:3]([#1;D1R0:2])([#8;H1D2R0:12])[#6:4]1[#8;H0D2:5][#6:6][#6:7][#6:8]([#8;H1D2R0:10])[#6:9]1[#8;H1D2R0:11].[#1;D1R0:14][#8;H2D2R0:13][#1;D1R0:15].[#6;H1D3:19]=[#6;H1D3:18][#6;H1D3:17]=[#7;H0D3:16].[#6;H1D3:23]=[#6;H1D3:22][#6;H1D3:21]=[#7;H0D3:20]>>[*:14].[*:15].[*:1]-[*:19]-[*:18]=[*:17]-[N+0:16].[*:2]-[*:23]-[*:22]=[*:21]-[N+0:20].[*:10]-[*:8]-1-[*:7]-[*:6]-[*:5]-[*:4](-[*:9]-1-[*:11])-[*:3](-[*:12])=[*:13]	Any;cpd00004;cpd00004;cpd00067;cpd00067	
1.1.1_08	cpd00004;cpd00067;Any	[#1;D1R0:5][#6;H2D4:4][#6;H0D3:3]=[#6;H1D3:2][#7;H0D3:1].[#1;R0:6].[#1;D1R0:14][#6;D4R0;H2,H3:12]([#1;D1R0:15])([R0;#6;H3D4,#1D1:13])[#6;H0D4R0:10]([#8;H1D2R0:11])([#6;H0D3R0:16]([#6:18])=[#8;H0D1R0:17])[#6;H0D3R0:8]([#8;H1D2R0:7])=[#8;H0D1R0:9]>>[#7+:1]=[*:2]-[*:3]=[*:4].[*:5]-[*:17]-[*:16](-[*:18])(-[*:12](-[*:13])(-[*:14])-[*:15])-[*:10](-[*:6])(-[*:11])-[*:8](-[*:7])=[*:9]	cpd00003;Any	
1.1.1_09	Any	[#1;D1R0:1][#8;H1D2R0:2][#6;D4;H0,H1,H2:3][#6;D4;H0,H1,H2:4][#6;D4;H0,H1,H2:5][#6;D4;H0,H1,H2:6][#6;D3R0;H0,H1AR0:7]([#6,#1D1AR0:8])=[#8;H0D1R0:9]>>[*:1]-[*:9]-[*:7]-1(-[*:8])-[*:2]-[*:3]-[*:4]-[*:5]-[*:6]-1	Any	
1.1.1_09.rev	Any	[#1;D1R0:1][#8;H1D2:2][#6:3]1[#6:8][#6:7][#6:6][#6:5][#8;H0D2:4]1>>[*:1]-[*:4]-[*:5]-[*:6]-[*:7]-[*:8]-[*:3]=[*:2]	Any	
1.1.1_10	Any	[#1;D1R0:1][#8;H1D2R0:2][#6;D4;H0,H1,H2:3][#6;D4;H0,H1,H2:4][#6;D4;H0,H1,H2:5][#6;D3R0;H0,H1:6]([#6,#1D1AR0:7])=[#8;H0D1R0:8]>>[*:1]-[*:8]-[*:6]-1(-[*:7])-[*:2]-[*:3]-[*:4]-[*:5]-1	Any
1.1.1_10.rev	Any	[#1;D1R0:1][#8;H1D2:2][#6:3]1[#6:7][#6:6][#6:5][#8;H0D2:4]1>>[*:1]-[*:4]-[*:5]-[*:6]-[*:7]-[*:3]=[*:2]	Any	
1.1.1_11	cpd00003;Any	[#6;H1D3:4]=[#6;H0D3:3][#6;H1D3:2]=[#7+;H0D3:1].[#1;D1R0:8][#8;H1D2R0:7][#6;D4;H1,H2,H3AR0:5]([#1;D1R0:6])([#6,#1D1AR0:9])[#6,#1D1AR0:10]>>[#1+:6].[*:9]-[*:5](-[*:10])=[*:7].[*:8]-[*:4]-[*:3]=[*:2]-[#7+0:1]	cpd00067;Any;cpd00004	
1.1.1_11.rev	cpd00004;cpd00067;Any	[#1;D1R0:5][#6;H2D4:4][#6;H0D3:3]=[#6;H1D3:2][#7;H0D3:1].[#1;R0:6].[#1D1AR0,#6:9][#6;D3;H0,H1,H2:7]([#1D1AR0,#6:10])=[#8;H0D1AR0,#7H0D2,#7H1D2AR0:8]>>[#7+:1]=[*:2]-[*:3]=[*:4].[*:6]-[*:8]-[*:7](-[*:5])(-[*:9])-[*:10]	cpd00003;Any	
1.1.3_01	Any;cpd00007	[#1;D1R0:10][#8;H1D2R0:9][#6:4]1([#1;D1R0:8])[#6:3]([#1;D1R0:7])[#6:2]([#1;D1R0:6])[#8;H0D2:1][#6:5]1=[#8;H0D1R0:11].[#8;H0D1R0:12]=[#8;H0D1R0:13]>>[*:8]-[*:12]-[*:13]-[*:10].[*:6]-[*:2]-1-[*:1]-[*:5](=[*:11])-[*:4](=[*:9])-[*:3]-1-[*:7]	cpd00025;Any
1.1.3_02	Any;cpd00007	[#1;D1R0:13][#8;H1D2R0:12][#6:6]1([#1;D1R0:11])[#8;H0D2:1][#6:2]([#1;D1R0:7])[#6:3]([#1;D1R0:8])[#6:4]([#1;D1R0:9])[#6:5]1([#1;D1R0:10])[#8;H1D2R0:14].[#8;H0D1R0:15]=[#8;H0D1R0:16]>>[*:11]-[*:15]-[*:16]-[*:13].[*:7]-[*:2]-1-[*:1]-[*:6](=[*:12])-[*:5](-[*:10])(-[*:14])-[*:4](-[*:9])-[*:3]-1-[*:8]	cpd00025;Any	
1.1.3_03	Any;cpd00007	[#1;D1R0:2][#8;H1D2R0:1][#6:3]([#1;D1R0:4])[#6:5]([#8;H1D2R0:7])=[#8;H0D1R0:6].[#8;H0D1R0:8]=[#8;H0D1R0:9]>>[*:2]-[*:8]-[*:9]-[*:4].[*:7]-[*:5](=[*:6])-[*:3]=[*:1]	cpd00025;Any	
1.1.99_01	Any;Any	[#1;D1R0:7][#8;H1D2R0:6][#6:3]([#1;D1R0:8])([#6:4])[#6:2]([#8;H1D2R0:1])=[#8;H0D1R0:5].[#6:12][#6:11](=[#8;H0D1R0:14])[#6:10]([#8;H1D2R0:9])=[#8;H0D1R0:13]>>[*:1]-[*:2](=[*:5])-[*:3](-[*:4])=[*:6].[*:7]-[*:14]-[*:11](-[*:8])(-[*:12])-[*:10](-[*:9])=[*:13]	Any;Any	
1.1.99_02	Any;cpd00003	[#1;D1R0:7][#8;H1D2R0:6][#6R0:3]([#1;D1R0:10])([#8;H0D2:2][#6:1])[#6:4]([#1;D1R0:9])([#6:5])[#8;H1D2R0:8].[#6;H1D3:14]=[#6;H0D3:13][#6;H1D3:12]=[#7+;H0D3:11]>>[H+:10].[*:7]-[*:14]-[*:13]=[*:12]-[N+0:11].[*:1]-[*:2]-[*:3](=[*:6])-[*:4](-[*:5])(-[*:8])-[*:9]	Any;cpd00004;cpd00067	
1.13.11_01	cpd00007;Any	[#8;H0D1R0:1]=[#8;H0D1R0:2].[#1;D1R0:12][#8;H1D2R0:11][#6;H0D3:7]1=[#6;H0D3,#6H1D3,#7H0D2:8][#6;D3;H0,H1:9]([R0;#8H1D2,#1D1:10])=[#6;H0D3:3]([#8;H1D2R0:4])[#6;H0D3,#6H1D3,#7H0D2:5]=[#6;H0D3,#6H1D3,#7H0D2:6]1>>[*:12]-[*:8](-[*:9](-[*:10])=[*:2])-[*:7](=[*:11])-[*:6]=[*:5]-[*:3](-[*:4])=[*:1]	Any	
1.13.11_02	cpd00007;Any	[#8;H0D1R0:1]=[#8;H0D1R0:2].[R0;#8H1D2,#1D1:4][#6;D3;H0,H1:3]=;@[#6;H0D3,#6H1D3,#7H0D2:5]>>([*:2]=[*:5].[*:4]-[*:3]=[*:1])	Any	
1.13.11_03	cpd00007;Any	[#8;H0D1R0:1]=[#8;H0D1R0:2].[R0;#8H1D2,#1D1:4][#6;D3;H0,H1:3]=;!@[#6;H0D3,#6H1D3,#7H0D2:5]>>[*:2]=[*:5].[*:4]-[*:3]=[*:1]	Any;Any	
1.13.11_04	cpd00007;Any	[#8;H0D1R0:1]=[#8;H0D1R0:2].[#1;D1R0:7][#8;H1D2R0:6][#6;H0D3:5]1=[#6;H0D3:3]([#8;H1D2R0:4])[#6;H0D3:11]=[#6;D3;H0,H1,H0:10][#6;H0D3,#6H1D3,#7H0D2:9]=[#6;H0D3,#6H1D3,#7H0D2:8]1>>[*:7]-[*:2]-[*:11]=[*:10]-[*:9]=[*:8]-[*:5](=[*:6])-[*:3](-[*:4])=[*:1]	Any	
1.13.11_05	cpd00007;Any	[#8;H0D1R0:1]=[#8;H0D1R0:2].[#1;D1R0:7][#8;H1D2R0:6][#6;H0D3:5]1=[#6;H0D3,#6H1D3,#7H0D2:8]-[#6;H0D3,#6H1D3,#7H0D2:9]=[#6;D3;H0,H1:10][#6;H0D3:11]=[#6;H0D3:3]1[#8;H1D2R0:4]>>[*:7]-[*:2]-[*:11]=[*:10]-[*:9]=[*:8]-[*:5](=[*:6])-[*:3](-[*:4])=[*:1]	Any	
1.13.11_06	cpd00007;Any	[#8;H0D1R0:1]=[#8;H0D1R0:2].[#1;D1R0:10][#8;H1D2R0:9][#6;H0D3:3]1=[#6;D3;H0,H1:8][#6;D3;H0,H1:7]=[#6;D3;H0,H1:6][#6;D3;H0,H1:5]=[#6;H0D3:4]1[#8;H1D2R0:11]>>[*:10]-[*:2]-[*:3](=[*:1])-[*:4]-1(-[*:11])-[*:9]-[*:8]=[*:7]-[*:6]=[*:5]-1	Any	
1.13.11_07	Any;cpd00007	[#1;D1R0:6][#8;H1D2R0:5][#6;H0D3:1]([#6;D3;H0,H1:4])=[#6;H0D3:2]([#6;D3;H0,H1:3])[#8;H1D2R0:7].[#8;H0D1R0:8]=[#8;H0D1R0:9]>>[*:6]-[*:9]-[*:1](=[*:8])-[*:2](-[*:3])(-[*:7])-[*:5]-[*:4]	Any	
1.13.11_08	cpd00007;Any	[#8;H0D1R0:1]=[#8;H0D1R0:2].[#8;H1D2R0:4][#6;H0D3:3]1=[#6;D3;H0,H1:5][#6;H0D3,#6H1D3,#7H0D2:6]=[#6;H0D3,#6H1D3,#7H0D2:7][#6;H0D3:8][#6;H0D3:9]1>>[*:4]-[*:3](=[*:1])-[*:9]-[*:8]-[*:7]=[*:6]-[*:5]=[*:2]	Any	
1.13.11_09	cpd00007;Any	[#8;H0D1R0:1]=[#8;H0D1R0:2].[#8;H1D2R0:4][#6;H0D3:3]1=[#6;H0D3,#6H1D3,#7H0D2:5]-[#6;H0D3,#6H1D3,#7H0D2:6]=[#6;H0D3,#6H1D3,#7H0D2:7]-[#6;H0D3,#6H1D3,#7H0D2:8]=[#6;H0D3,#6H1D3,#7H0D2:9]1>>[*:4]-[*:3](=[*:1])-[*:9]=[*:8]-[*:7]=[*:6]-[*:5]=[*:2]	Any	
1.13.11_10	cpd00007;Any	[#8;H0D1R0:1]=[#8;H0D1R0:2].[#8;H1D2R0:4][#6;H0D3:3]1=[#6;H0D3,#6H1D3,#7H0D2:5]-[#6;H0D3,#6H1D3,#7H0D2:6]=[#6;H0D3,#6H1D3,#7H0D2:7]-[#6;H0D3,#6H1D3,#7H0D2:8]=[#6;H0D3,#6H1D3,#7H0D2:9]1>>[*:4]-[*:3](=[*:1])-[*:5]=[*:6]-[*:7]=[*:8]-[*:9]=[*:2]	Any	
1.13.12_01	cpd00067;cpd00004;cpd00007;Any	[#1;R0:1].[#1;D1R0:6][#6;H2D4:5][#6;H0D3:4]=[#6;H1D3:3][#7;H0D3:2].[#8;H0D1R0:7]=[#8;H0D1R0:8].[#1;D1R0:14][#6:11]([#6,#1D1AR0:12])([#6,#1D1AR0:13])-;@[#7!r4;!r3:10]([#6:9])[#6:15]>>[*:1]-[*:8]-[*:6].([*:9]-[*:10](-[#1:14])-[*:15].[*:12]-[*:11](-[*:13])=[*:7]).[#7+:2]=[*:3]-[*:4]=[*:5]	cpd00001;Any;cpd00003
1.13.12_02	cpd00067;cpd00004;cpd00007;Any	[#1;R0:1].[#1;D1R0:6][#6;H2D4:5][#6;H0D3:4]=[#6;H1D3:3][#7;H0D3:2].[#8;H0D1R0:7]=[#8;H0D1R0:8].[#1;D1R0:14][#6!r3:11]([#6,#1D1AR0:12])([#6,#1D1AR0:13])-;!@[#7!r3:10]([#6:9])[#6:15]>>[*:1]-[*:8]-[*:6].[*:9]-[*:10](-[#1:14])-[*:15].[*:12]-[*:11](-[*:13])=[*:7].[#7+:2]=[*:3]-[*:4]=[*:5]	cpd00001;Any;Any;cpd00003	Changed by Andrew Stine on 8/14/2012, atom 9 changed from being able to be a carbon or a nitrogen to having to be a nitrogen. This was to better reflect real reactions.
1.14.11_01	Any;cpd00024;cpd00007	[#1;D1R0:4][#6;H2D4R0:3][#8;H0D2R0:2][#6;a;H0D3R1:1].[#1;D1R0:15][#8;H1D2R0:14][#6;H0D3R0:12](=[#8;H0D1R0:13])[#6;H0D3R0:10](=[#8;H0D1R0:11])[#6;H2D4R0:9][#6;H2D4R0:8][#6;H0D3R0:6]([#8;H1D2R0:5])=[#8;H0D1R0:7].[#8;H0D1R0:16]=[#8;H0D1R0:17]>>[*:2]=[*:3].[*:1]-[*:17]-[*:4].[*:13]=[*:12]=[*:14].[*:15]-[*:16]-[*:10](=[*:11])-[*:9]-[*:8]-[*:6](-[*:5])=[*:7]	cpd00011;Any;Any;Any	Covers 1.14.11.32, - and others
1.14.12_01	cpd00067;cpd00004;cpd00007;Any	[#1;R0:1].[#1;D1R0:6][#6;H2D4:5][#6;H0D3:4]=[#6;H1D3:3][#7;H0D3:2].[#8;H0D1R0:7]=[#8;H0D1R0:8].[#1;D1R0:15][#6;H1D3:10]([#6;D3;H1,H0:11])=[#6;H0D3:9]([#6;D3;H1,H0:12])[H0R0;#16;D4,#7D3:13]=[#8;H0D1R0:14]>>[*:13]-[*:14]-[*:15].[#7+:2]=[*:3]-[*:4]=[*:5].[*:1]-[*:7]-[*:9](-[*:12])=[*:10](-[*:11])-[*:8]-[*:6]	Any;cpd00003;Any
1.14.12_02	cpd00004;cpd00067;cpd00007;Any	[#1;D1R0:5][#6;H2D4:4][#6;H0D3:3]=[#6;H1D3:2][#7;H0D3:1].[#1;R0:6].[#8;H0D1R0:7]=[#8;H0D1R0:8].[#1;D1R0:16][#6;H1D3:10]1=[#6;D3;H0,H1:11][#6;D3;H0,H1:12]=[#6;D3;H0,H1:13][#6;D3;H0,H1:14]=[#6;H0D3:9]1[R0;#7;H2D3,ClH0D1:15]>>[*:15]-[*:16].[#7+:1]=[*:2]-[*:3]=[*:4].[*:5]-[*:8]-[*:10]-1=[*:11]-[*:12]=[*:13]-[*:14]=[*:9]-1-[*:7]-[*:6]	Any;cpd00003;Any
1.14.12_03	cpd00004;cpd00067;cpd00007;Any	[#1;D1R0:5][#6;H2D4:4][#6;H0D3:3]=[#6;H1D3:2][#7;H0D3:1].[#1;R0:6].[#8;H0D1R0:7]=[#8;H0D1R0:8].[#1;D1R0:16][#6;H1D3:10]1=[#6;H0D3:9]([R0;#7;H2D3,ClH0D1:15])[#6;D3;H0,H1:14]=[#6;D3;H0,H1:13][#6;D3;H0,H1:12]=[#6;D3;H0,H1:11]1>>[*:15]-[*:16].[#7+:1]=[*:2]-[*:3]=[*:4].[*:5]-[*:8]-[*:10]-1=[*:9](-[*:7]-[*:6])-[*:14]=[*:13]-[*:12]=[*:11]-1	Any;cpd00003;Any
1.14.12_04	cpd00067;cpd00004;cpd00007;Any	[#1;R0:1].[#1;D1R0:6][#6;H2D4:5][#6;H0D3:4]=[#6;H1D3:3][#7;H0D3:2].[#8;H0D1R0:7]=[#8;H0D1R0:8].[#6;D3;H1,H0:9]1=[#6;D3;H1,H0:14][#6;D3;H1,H0:13]=[#6;D3;H1,H0:12][#6;D3;H1,H0:11]=[#6;D3;H1,H0:10]1>>[#7+:2]=[*:3]-[*:4]=[*:5].[*:1]-[*:7]-[*:9]-1-[*:14]=[*:13]-[*:12]=[*:11]-[*:10]-1-[*:8]-[*:6]	cpd00003;Any	
1.14.12_05	cpd00067;cpd00004;cpd00007;Any	[#1;R0:1].[#1;D1R0:6][#6;H2D4:5][#6;H0D3:4]=[#6;H1D3:3][#7;H0D3:2].[#8;H0D1R0:7]=[#8;H0D1R0:8].[#6;D3;H1,H0:9]1=[#6;D3;H1,H0:10][#6;D3;H1,H0:11]=[#6;D3;H1,H0:12][#6;D3;H1,H0:13]=[#6;D3;H1,H0:14]1>>[#7+:2]=[*:3]-[*:4]=[*:5].[*:1]-[*:7]-[*:9]-1-[*:14]=[*:13]-[*:12]=[*:11]-[*:10]-1-[*:8]-[*:6]	cpd00003;Any	
1.14.13_01	cpd00067;cpd00004;cpd00007;Any	[#1;R0:1].[#1;D1R0:6][#6;H2D4:5][#6;H0D3:4]=[#6;H1D3:3][#7;H0D3:2].[#8;H0D1R0:7]=[#8;H0D1R0:8].[#1;D1R0:10][#6;D4;H3AR0,H2:9][#8;H0D2:11]-;!@[#6;D4;H3AR0,H2:12]>>[*:9]=[*:11].[*:1]-[*:7]-[*:6].[*:10]-[*:8]-[*:12].[#7+:2]=[*:3]-[*:4]=[*:5]	Any;cpd00001;Any;cpd00003
1.14.13_02	cpd00004;cpd00007;Any;cpd00067	[#1;D1R0:5][#6;H2D4:4][#6;H0D3:3]=[#6;H1D3:2][#7;H0D3:1].[#8;H0D1R0:6]=[#8;H0D1R0:7].[#1;D1R0:11][#7;D3R0;H1,H2:8][R0;#6,#7,#1D1:9].[#1;R0:10]>>[*:5]-[*:7]-[*:10].[*:11]-[*:6]-[*:8]-[*:9].[#7+:1]=[*:2]-[*:3]=[*:4]	cpd00001;Any;cpd00003	
1.14.13_03	cpd00067;cpd00067;cpd00004;cpd00004;cpd00007;Any	[#1;R0:1].[#1;R0:2].[#1;D1R0:7][#6;H2D4:6][#6;H0D3:5]=[#6;H1D3:4][#7;H0D3:3].[#1;D1R0:12][#6;H2D4:11][#6;H1D3:10]=[#6;H1D3:9][#7;H0D3:8].[#8;H0D1R0:13]=[#8;H0D1R0:14].[#6;H0D3,H3D4AR0,H0D3:15]-;!@[H0;#16;D4,#7D3:16]=[#8;H0D1R0:17]>>[*:1]-[*:13]-[*:15].[*:2]-[*:14]-[*:7].[*:12]-[*:17]-[*:16].[#7+:3]=[*:4]-[*:5]=[*:6].[#7+:8]=[*:9]-[*:10]=[*:11]	Any;cpd00001;Any;cpd00003;cpd00003	
1.14.13_04	cpd00067;cpd00004;cpd00007;Any	[#1;R0:1].[#1;D1R0:6][#6;H2D4:5][#6;H0D3:4]=[#6;H1D3:3][#7;H0D3:2].[#8;H0D1R0:7]=[#8;H0D1R0:8].[#6;H0D3:10]=[#16;H0D1:9]>>[*:1]-[*:8]-[*:6].[*-:7]-[*+:9]=[*:10].[#7+:2]=[*:3]-[*:4]=[*:5]	cpd00001;Any;cpd00003
1.14.13_05	cpd00067;cpd00004;cpd00007;Any	[#1;R0:1].[#1;D1R0:6][#6;H2D4:5][#6;H0D3:4]=[#6;H1D3:3][#7;H0D3:2].[#8;H0D1R0:7]=[#8;H0D1R0:8].[#6;H2D4,H0D3,H1D3:10][#16H0!r3;D2,D3:9][#6;H2D4,H0D3,H1D3:11]>>[*:1]-[*:8]-[*:6].[*:10]-[*:9](-[*:11])=[*:7].[#7+:2]=[*:3]-[*:4]=[*:5]	cpd00001;Any;cpd00003
1.14.13_06	cpd00067;cpd00004;cpd00007;Any	[#1;R0:1].[#1;D1R0:6][#6;H2D4:5][#6;H0D3:4]=[#6;H1D3:3][#7;H0D3:2].[#8;H0D1R0:7]=[#8;H0D1R0:8].[#6;H0D3R1,H2D4R1:9][#6;H2D4R1,H0D3AR0:10]>>[*:1]-[*:8]-[*:6].[*:9]-[*:7]-[*:10].[#7+:2]=[*:3]-[*:4]=[*:5]	cpd00001;Any;cpd00003	
1.14.13_07	cpd00067;cpd00067;cpd00004;cpd00004;cpd00007;Any	[#1;R0:1].[#1;R0:2].[#1;D1R0:7][#6;H2D4:6][#6;H0D3:5]=[#6;H1D3:4][#7;H0D3:3].[#1;D1R0:12][#6;H2D4:11][#6;H0D3:10]=[#6;H1D3:9][#7;H0D3:8].[#8;H0D1R0:13]=[#8;H0D1R0:14].[ClH0D1AR0,#7H2D3AR0,#7H0D3,#6H0D2,#16H0D4,BrH0D1AR0,#8H0D2,#6H1D3AR0,#6H0D3AR0:16]!@[#6;H0D3:15]1=[#6;D3;H0,H1:17][#6;D3;H0,H1:19]=[#6;D3;H0,H1:21][#6;D3;H0,H1:20]=[#6;D3;H0,H1:18]1>>[*:12]-[*:16].[*:2]-[*:14]-[*:7].[#7+:3]=[*:4]-[*:5]=[*:6].[#7+:8]=[*:9]-[*:10]=[*:11].[*:1]-[*:13]-[*:15]-1=[*:17]-[*:19]=[*:21]-[*:20]=[*:18]-1	Any;cpd00003;cpd00003;cpd00001;Any	
1.14.13_08	cpd00067;cpd00004;cpd00007;Any	[#1;R0:1].[#1;D1R0:6][#6;H2D4:5][#6;H0D3:4]=[#6;H1D3:3][#7;H0D3:2].[#8;H0D1R0:7]=[#8;H0D1R0:8].[#6D3;H2AR0,H0,H1:9]=[#6D3;H2AR0,H0,H1:10]>>[*:1]-[*:8]-[*:6].[*:7]-1-[*:9]-[*:10]-1.[#7+:2]=[*:3]-[*:4]=[*:5]	cpd00001;Any;cpd00003	
1.14.13_09	cpd00067;cpd00004;cpd00007;Any	[#1;R0:1].[#1;D1R0:6][#6;H2D4:5][#6;H0D3:4]=[#6;H1D3:3][#7;H0D3:2].[#8;H0D1R0:7]=[#8;H0D1R0:8].[#1;D1R0:12][#8;H1D2R0:11][#6;H0D3R0:10]([#6;H0D3:9])=[#8;H0D1R0:13]>>[*:1]-[*:8]-[*:6].[*:9]-[*:7]-[*:12].[*:11]=[*:10]=[*:13].[#7+:2]=[*:3]-[*:4]=[*:5]	cpd00011;Any;cpd00003;cpd00001	8 must be in an aromatic ring. (MM, 6-7-11 based on statement in SF thesis)
1.14.13_10	cpd00067;cpd00004;cpd00007;Any	[#1;R0:1].[#1;D1R0:6][#6;H2D4:5][#6;H0D3:4]=[#6;H1D3:3][#7;H0D3:2].[#8;H0D1R0:7]=[#8;H0D1R0:8].[#6;H1D3a,H1D3R1,H2D4R1,H3D4AR0,H4D4AR0:9][#1;D1R0:10]>>[*:1]-[*:8]-[*:6].[*:9]-[*:7]-[*:10].[#7+:2]=[*:3]-[*:4]=[*:5]	cpd00001;Any;cpd00003	If 8 is CH or CH2, it must be in a ring. (MM, 6-7-11, based on note in SF thesis)
1.14.15_01	cpd00067;cpd00067;cpd00007;Any	[#1;R0:1].[#1;R0:2].[#8;H0D1R0:3]=[#8;H0D1R0:4].[#6;H0D3,H2D4,H1D4:9][#6;H2D4,H1D4,H0D3,H0D4:6][#6;!r4H0D3:5]([#6;D4;H2,H1:8])=[#8;H0D1R0:7]>>[*:1]-[*:4]-[*:2].[*:9]-[*:6]-[*:3]-[*:5](-[*:8])=[*:7]	cpd00001;Any
1.14.15_02	cpd00067;cpd00067;cpd00007;Any	[#1;R0:1].[#1;R0:2].[#8;H0D1R0:3]=[#8;H0D1R0:4].[#1;D1R0:6][#6;!r3;D4;H2,H1:5]([#6:7])([#6:8])[#6,#1D1AR0:9]>>[*:1]-[*:4]-[*:2].[*:6]-[*:3]-[*:5](-[*:7])(-[*:8])-[*:9]	cpd00001;Any	6,7 must be in a ring of some form.
1.2.1_01	Any;cpd00010;cpd00003	[#1;D1R0:6][#8;H1D2R0:5][#6:4](=[#8;H0D1R0:7])[#6:3][#6:2]([#1;D1R0:1])=[#8;H0D1R0:8].[#16;H1D2R0:9][#1;D1R0:10].[#6;H1D3:14]=[#6;H0D3:13][#6;H1D3:12]=[#7;H0D3:11]>>[#1+:10].[*:5]=[*:4]=[*:7].[*:6]-[*:14]-[*:13]=[*:12]-[*:11].[*:1]-[*:3]-[*:2](-[*:9])=[*:8]	cpd00004;cpd00067;cpd00011;Any	
1.2.1_02	cpd00003;cpd00009;Any	[#6;H1D3:4]=[#6;H0D3:3][#6;H1D3:2]=[#7;H0D3:1].[#1;D1R0:5][#8;H1D2R0:6][#15;H0D4R0:7].[#1;D1R0:12][#6;H1D3R0:10](=[#8;H0D1R0:11])[#6;H1D4:9][#8;H1D2R0:8]>>[#1+:12].[*:5]-[*:4]-[*:3]=[*:2]-[N+0:1].[*:7]-[*:6]-[*:10](=[*:11])-[*:9]-[*:8]	cpd00067;cpd00004;Any	
1.2.1_02.rev	cpd00004;cpd00067;Any	[#1;D1R0:5][#6;H2D4:4][#6;H0D3:3]=[#6;H1D3:2][#7;H0D3:1].[#1;R0:6].[#8;H1D2R0:8][#6;H1D4:7][#6;H0D3:9](=[#8;H0D1R0:10])[#8;H0D2:11][#15;H0D4R0:12]([#8;H1D2R0:13])[#8;H1D2R0:14]>>[#7+:1]=[*:2]-[*:3]=[*:4].[*:6]-[*:11]-[*:12](-[*:13])-[*:14].[*:8]-[*:7]-[*:9](-[*:5])=[*:10]	cpd00003;cpd00009;Any	
1.2.1_03	Any;cpd00001	[#1;D1R0:9][#6:5]1([#6:10])[#8;H0D2:1][#6:2](=[#8;H0D1R0:6])[#6;H1D4:3]([R0;#8H1D2,#1D1:7])[#6;H1D4:4]1[R0;#8H1D2,#1D1:8].[#8;H2D2R0:12][#1;D1R0:11]>>[*:11]-[*:1]-[*:5](-[*:9])(-[*:10])-[*:4](-[*:8])-[*:3](-[*:7])-[*:2](-[*:12])=[*:6]	Any	
1.2.1_03.rev	Any	[#1;D1R0:11][#8;H1D2R0:1][#6:5]([#1;D1R0:9])([#6:10])[#6;H1D4:4]([R0;#8H1D2,#1D1:8])[#6;H1D4:3]([R0;#8H1D2,#1D1:7])[#6:2]([#8;H1D2R0:12])=[#8;H0D1R0:6]>>[*:11]-[*:12].[*:7]-[*:3]-1-[*:4](-[*:8])-[*:5](-[*:9])(-[*:10])-[*:1]-[*:2]-1=[*:6]	cpd00001;Any	
1.2.1_04	cpd00003;Any;cpd00001	[#6;H1D3:4]=[#6;H0D3:3][#6;H1D3:2]=[#7+;H0D3:1].[#1;D1R0:8][#6;D3R0;H1,H2:6]([#6,#1D1AR0:5])=[#8;H0D1R0:7].[#8;H2D2R0:9][#1;D1R0:10]>>[#1+:8].[*:5]-[*:6](-[*:9])=[*:7].[*:10]-[*:4]-[*:3]=[*:2]-[N+0:1]	cpd00067;Any;cpd00004	
1.2.3_01	Any;cpd00010;cpd00007	[#1;D1R0:5][#8;H1D2R0:4][#6:3](=[#8;H0D1R0:7])[#6:2]([#6:1])=[#8;H0D1R0:6].[#16;H1D2R0:8][#1;D1R0:9].[#8;H0D1R0:10]=[#8;H0D1R0:11]>>[*:4]=[*:3]=[*:7].[*:5]-[*:11]-[*:10]-[*:9].[*:1]-[*:2](-[*:8])=[*:6]	cpd00025;cpd00011;Any	
1.2.3_01.rev	Any;cpd00011;cpd00025	[#6:1][#6:2]([#16;H0D2R0:4])=[#8;H0D1R0:3].[#8;H0D1R0:6]=[#6:5]=[#8;H0D1R0:7].[#1;D1R0:8][#8;H1D2R0:11][#8;H1D2R0:10][#1;D1R0:9]>>[*:4]-[*:9].[*:10]=[*:11].[*:8]-[*:6]-[*:5](=[*:7])-[*:2](-[*:1])=[*:3]	Any;cpd00007;Any	
1.2.3_02	Any;cpd00007;cpd00001	[#1;D1R0:1][#6:2]([#6:3])=[#8;H0D1R0:4].[#8;H0D1R0:5]=[#8;H0D1R0:6].[#8;H2D2R0:7][#1;D1R0:8]>>[*:1]-[*:5]-[*:6]-[*:8].[*:3]-[*:2](-[*:7])=[*:4]	cpd00025;Any	
1.2.3_03	Any;cpd00009;cpd00007	[#1;D1R0:7][#8;H1D2R0:6][#6:3](=[#8;H0D1R0:5])[#6:2]([#6:1])=[#8;H0D1R0:4].[#1;D1R0:13][#8;H1D2R0:9][#15;H0D4:8]([#8;H1D2R0:10])([#8;H1D2R0:11])=[#8;H0D1R0:12].[#8;H0D1R0:14]=[#8;H0D1R0:15]>>[*:5]=[*:3]=[*:6].[*:7]-[*:14]-[*:15]-[*:13].[*:1]-[*:2](=[*:4])-[*:9]-[*:8](-[*:10])(-[*:11])=[*:12]	cpd00025;cpd00011;Any	
1.2.4_01	Any;Any	[#1;D1R0:9][#16:8][#6:7][#6;H2D4:6][#6;H2D4:5][#16:4][#6:2]([#6:1])=[#8;H0D1R0:3].[#1;D1R0:15][#6:10]1=[#7:11][#6:12]=[#6:13][#16:14]1>>[*:4]-1-[*:5]-[*:6]-[*:7]-[*:8]-1.[*:9]-[*:3]-[*:2](-[*:1])(-[*:15])-[*:10]-1=[*:11]-[*:12]=[*:13]-[*:14]-1	Any;Any	
1.2.7_01	Any;cpd00001	[#1;D1R0:5][#6:3](=[#8;H0D1R0:4])[#6:2][#8;H1D2R0:1].[#8;H2D2R0:6][#1;D1R0:7]>>[#1+:5].[#1+:7].[*:1]-[*:2]-[*:3](-[*:6])=[*:4]	cpd00067;cpd00067;Any	
1.2.7_02	Any;cpd00001;cpd00003	[#1;D1R0:3][#6;H1D3R0:1](=[#8;H0D1R0:2])[#6:4][#8;H1D2R0:5].[#8;H2D2R0:6][#1;D1R0:7].[#6;H1D3:11]=[#6;H0D3:10][#6;H1D3:9]=[#7+;H0D3:8]>>[#1+:7].[*:3]-[*:11]-[*:10]=[*:9]-[N+0:8].[*:5]-[*:4]-[*:1](-[*:6])=[*:2]	cpd00004;cpd00067;Any	
1.2.7_03	Any;cpd00010	[#1;D1R0:6][#8;H1D2R0:5][#6:2](=[#8;H0D1R0:4])[#6:1]=[#8;H0D1R0:3].[#16;H1D2R0:7][#1;D1R0:8]>>[#1+:6].[#1+:8].[*:7]-[*:1]=[*:3].[*:4]=[*:2]=[*:5]	cpd00067;cpd00067;Any;cpd00011	
1.2.7_04	Any;cpd00003;cpd00010	[#1;D1R0:6][#8;H1D2R0:5][#6;H0D3R0:2](=[#8;H0D1R0:4])[#6;D3;H0,H1AR0:1]=[#8;H0D1R0:3].[#6;H1D3:10]=[#6;H0D3:9][#6;H1D3:8]=[#7+;H0D3:7].[#16;H1D2R0:12][#1;D1R0:11]>>[#1+:11].[*:12]-[*:1]=[*:3].[*:4]=[*:2]=[*:5].[*:6]-[*:10]-[*:9]=[*:8]-[N+0:7]	cpd00067;Any;cpd00011;cpd00004	
1.3.1_01	cpd00003;Any	[#6;H1D3:4]=[#6;H0D3:3][#6;H1D3:2]=[#7+;H0D3:1].[#1;D1R0:6][#6;H1D4:5]1([R0;#8H1D2,ClH0D1,BrH0D1,FH0D1:13])[#6;H1D3:12]=[#6;H0D3:11]([R0;#8H1D2,ClH0D1,BrH0D1,FH0D1:16])[#6;H1D4:9]([#1;D1R0:10])([R0;#8H1D2,ClH0D1,BrH0D1,FH0D1:15])[#6;H1D3:8]=[#6;H0D3:7]1[R0;#8H1D2,ClH0D1,BrH0D1,FH0D1:14]>>[#1+:10].[*:6]-[*:4]-[*:3]=[*:2]-[N+0:1].[*:13]-[*:5]-1=[*:12]-[*:11](-[*:16])=[*:9](-[*:15])-[*:8]=[*:7]-1-[*:14]	cpd00004;cpd00067;Any	
1.3.1_02	cpd00004;cpd00067;Any	[#1;D1R0:5][#6;H2D4:4][#6;H0D3:3]=[#6;H1D3:2][#7;H0D3:1].[#1;R0:6].[#6:7][#6;H0D3;!r3:9]([#6:8])=[#6D3;H0,H1,H2:10]>>[#7+:1]=[*:2]-[*:3]=[*:4].[*:6]-[*:10]-[*:9](-[*:5])(-[*:7])-[*:8]	cpd00003;Any
1.3.1_03	cpd00003;Any	[#6;H1D3:4]=[#6;H0D3:3][#6;H1D3:2]=[#7+;H0D3:1].[#8;H1D2R0:5][#6;H1D4r6:6]([#1;D1R0:9])[#6;H1D4r6:7]([#1;D1R0:10])[#8;H1D2R0:8]>>[N+0:1]-[*:2]=[*:3]-[*:4][*:9].[*:5]-[*:6]=[*:7]-[*:8].[#1+:10]	cpd00067;Any;cpd00004	
1.3.1_04	cpd00003;Any	[#6;H1D3:4]=[#6;H0D3:3][#6;H1D3:2]=[#7+;H0D3:1].[#1;D1R0:5][#8;H1D2R0:6][#6;H0D3R0:7](=[#8;H0D1R0:8])[#6;D4;H0,H1:9]1[#6;D3;H0,H1:10]=[#6;D3;H0,H1:11][#6;D4;H2,H1:12]([#1;D1R0:13])[#6;D3;H0,H1:14]=[#6;D3;H0,H1:15]1>>[#1+:5].[*:6]=[*:7]=[*:8].[*:13]-[*:4]-[*:3]=[*:2]-[N+0:1].[*:9]-1=[*:15]-[*:14]=[*:12]-[*:11]=[*:10]-1	cpd00067;cpd00011;cpd00004;Any	
1.3.1_05	cpd00003;Any	[#6;H1D3:4]=[#6;H0D3:3][#6;H1D3:2]=[#7+;H0D3:1].[#1;D1R0:6][#6;D4;!r3!r4;H1,H2,H3AR0:5][#6;!r3;D4;H1,H2:7]([#1;D1R0:8])[#6;H0D3,#6H1D3,#7H0D2,#7H0D3:9]=[#6;H0D3,#6H1D3,#6H2D3AR0,#8H0D1AR0,#7H0D2,#7H0D3,#7H1D2AR0:10]>>[#1+:6].[*:5]=[*:7]-[*:9]=[*:10].[*:8]-[*:4]-[*:3]=[*:2]-[N+0:1]	cpd00067;Any;cpd00004	"This operator describes the hydrogenation of a carbon carbon double bond. This is mechanism 1.1.1.K from Andy's report although andy uses H2. Let us acknowledge that a variety of redox agents could be used here. I'm not sure if this is reversible, but I donot know if the reverse requires ATP."
1.3.1_05.rev	cpd00067;cpd00004;Any	[#1;R0:1].[#1;D1R0:6][#6;H2D4:5][#6;H1D3:4]=[#6;H1D3:3][#7;H0D3:2].[#6H0D3,#6H1D3,#6H2D3AR0,#7H1D2AR0,#7H0D2,#7+H0D3:7]=[#6H0D3,#6H1D3,#7+H0D3,#7H0D2:8]-[#6H0D3,#6H1D3,#7H0D2,#7+H0D3:9]=[#6;H0D3,#6H1D3,#6H2D3AR0,#8H0D1AR0,#7H0D2,#7+H0D3,#7H1D2AR0:10]>>[#7+:2]=[*:3]-[*:4]=[*:5].[*:1]-[*:7]-[*:8](-[*:6])-[*:9]=[*:10]	cpd00003;Any	Exact reverse of 1.3.1.a
1.4.1_01	cpd00003;Any;cpd00001	[#6;H1D3:4]=[#6;H0D3:3][#6;H1D3:2]=[#7;H0D3:1].[#1;D1R0:8][#6;D4!r3;H1,H2:6](-;!@[#7;D3;H1,H2AR0:9])([#6,#1D1AR0:5])[#6,#1D1AR0:7].[#1;D1R0:11][#8;H2D2R0:10][#1;D1R0:12]>>[#1+:12].[*:9]-[*:11].[*:5]-[*:6](-[*:7])=[*:10].[*:8]-[*:4]-[*:3]=[*:2]-[N+0:1]	cpd00067;Any;Any;cpd00004
1.4.1_01.rev	cpd00004;Any;cpd00013;cpd00067	[#1;D1R0:5][#6;H2D4:4][#6;H1D3:3]=[#6;H1D3:2][#7;H0D3:1].[#6,#1D1AR0:6][#6;D3;H0,H1AR0,H2AR0:7]([#6,#1D1AR0:8])=[#8;H0D1R0:9].[#7;D3;H2,H3AR0:10][#1;D1R0:11].[#1;R0:12]>>[*:5]-[*:9]-[*:12].[#7+:1]=[*:2]-[*:3]=[*:4].[*:6]-[*:7](-[*:8])(-[*:10])-[*:11]	cpd00003;cpd00001;Any	
1.4.3_01	Any;cpd00001;cpd00007	[#1;D1R0:2][#6D4R0;H1,H2,H3:1][#7D3R0:3].[#8;H2D2R0:4][#1;D1R0:5].[#8;H0D1R0:6]=[#8;H0D1R0:7]>>[*:2]-[*:3].[*:1]=[*:7].[*:4]-[*:6]-[*:5]	Any;Any;cpd00025	Covers 1.4.3.4, 7, 15, 19, 21 and others
1.5.1_01	cpd00003;Any	[#6;H1D3:4]=[#6;H0D3:3][#6;H1D3:2]=[#7+;H0D3:1].[#1;D1R0:9][#6;H1D4R1:6][#7;H1D3!r3:7]([#1;D1R0:8])[#6;H1D4R1:5]>>[#1+:9].[*:5]-[*:7]=[*:6].[*:8]-[*:4]-[*:3]=[*:2]-[N+0:1]	cpd00067;Any;cpd00004	Covers 1.5.1.2, 3, 18, 32, 40, 47 and others
1.5.1_02	cpd00003;Any	[#6;H1D3:4]=[#6;H0D3:3][#6;H1D3:2]=[#7+;H0D3:1].[#1;D1R0:8][#6;H1D4:5][#7+0H0D3!r3;R1,R2:7][#6;H1,H2;D4:6]>>[*:6]-[#7+:7]=[*:5].[*:8]-[*:4]-[*:3]=[*:2]-[N+0:1]	Any;cpd00004	Covers 1.5.1.5, 15, 31 and others
1.5.1_03	cpd00003;Any	[#6;H1D3:4]=[#6;H0D3:3][#6;H1D3:2]=[#7+;H0D3:1].[#1;D1R0:6][#7;H1D3R1;!r5:5][#6;H0D3R2:7]=[#6;H0D3R2:8][#7H1D3R1,#6H2D4R1:9]([#1;D1R0:10])[#6;H0D3:11]>>[#1+:10].[*:6]-[*:4]-[*:3]=[*:2]-[N+0:1].[*:11]-[*:9]=[*:8]-[*:7]=[*:5]	cpd00067;cpd00004;Any	Covers 1.5.1.30, 36, 37, 38, 39, 41, 42, 45 and others
1.5.1_04	cpd00003;Any	[#6;H1D3:4]=[#6;H0D3:3][#6;H1D3:2]=[#7+;H0D3:1].[#1;D1R0:6][#7;H1D3R1:5][#6;H1D4R1:7]([#1;D1R0:8])[#6;H0D3R0:9]([#8;H1D2R0:11])=[#8;H0D1R0:10]>>[#1+:8].[*:6]-[*:4]-[*:3]=[*:2]-[N+0:1].[*:11]-[*:9](=[*:10])-[*:7]=[*:5]	cpd00067;cpd00004;Any	Covers 1.5.1.1, 21, 25 and others
1.5.1_05	cpd00003;cpd00001;Any	[#6;H1D3:4]=[#6;H0D3:3][#6;H1D3:2]=[#7;H0D3:1].[#1;D1R0:6][#8;H2D2R0:5][#1;D1R0:7].[#1;D1R0:12][#6;H1D4R0:11]([#7;H1D3R0:13])[#6;H0D3R0:9]([#8;H1D2R0:8])=[#8;H0D1R0:10]>>[#1+:7].[*:12]-[*:13].[*:6]-[*:4]-[*:3]=[*:2]-[N+0:1].[*:8]-[*:9](=[*:10])-[*:11]=[*:5]	cpd00067;Any;cpd00004;Any	Covers 1.5.1.7, 8, 9, 10, 11, 16 and others
1.7.1_01	cpd00067;cpd00067;cpd00004;cpd00004;Any	[#1;R0:1].[#1;R0:2].[#1;D1R0:7][#6;H2D4:6][#6;H0D3:5]=[#6;H1D3:4][#7;H0D3:3].[#1;D1R0:12][#6;H2D4:11][#6;H1D3:10]=[#6;H1D3:9][#7;H0D3:8].[#6;H0D3,#8H1D2AR0:15][#7;H0D2:13]=;!@[#7;H0D2:14][#6;H0D3,#8H1D2AR0:16]>>[*:1]-[*:13](-[*:2])-[*:15].[*:7]-[*:14](-[*:12])-[*:16].[#7+:3]=[*:4]-[*:5]=[*:6].[#7+:8]=[*:9]-[*:10]=[*:11]	Any;Any;cpd00003;cpd00003
1.7.1_02	cpd00067;cpd00004;Any	[#1;R0:1].[#1;D1R0:6][#6;H2D4:5][#6;H0D3:4]=[#6;H1D3:3][#7;H0D3:2].[#1;D1R0:11][#8;H1D2R0:10][#7;H1D3R0:8]([#1;D1R0:9])[#6;H0D3:7]>>[*:1]-[*:10]-[*:11].[*:6]-[*:8](-[*:7])-[*:9].[#7+:2]=[*:3]-[*:4]=[*:5]	cpd00001;Any;cpd00003
1.7.1_03	cpd00067;cpd00067;cpd00004;cpd00004;Any	[#1;R0:1].[#1;R0:2].[#1;D1R0:7][#6;H2D4:6][#6;H0D3:5]=[#6;H1D3:4][#7;H0D3:3].[#1;D1R0:12][#6;H2D4:11][#6;H1D3:10]=[#6;H1D3:9][#7;H0D3:8].[#6;H0D3:13][#7;H0D3R0:14](=[#8;H0D1R0:15])=[#8;H0D1R0:16]>>[*:1]-[*:15]-[*:2].[#7+:3]=[*:4]-[*:5]=[*:6].[#7+:8]=[*:9]-[*:10]=[*:11].[*:12]-[*:16]-[*:14](-[*:7])-[*:13]	cpd00003;cpd00003;cpd00001;Any	
1.97.1_01	cpd00067;cpd00067;Any	[#1;R0:1].[#1;R0:2].[#8;H0D1R0:4]=[H0R0sD4,ClD4,ClD3:3]>>[*:3].[*:1]-[*:4]-[*:2]	cpd00001;Any	
1.97.1_02	cpd00067;cpd00067;Any	[#1;R0:1].[#1;R0:2].[#6:5][#6!r3:3]([H0D1R0;Cl,Br,I,F:4])[#6,#1D1AR0,ClH0D1AR0:6]>>[*:2]-[*:4].[*:1]-[*:3](-[*:5])-[*:6]	Any;Any
1.97.1_03	cpd00067;cpd00067;Any	[#1;R0:1].[#1;R0:2].[H0D1R0;Cl,Br,I,F:4][#6;D3;H0,H1:3]([#6,#1D1AR0,ClH0D1AR0:6])=[#6:5]>>[*:2]-[*:4].[*:1]-[*:3](-[*:6])=[*:5]	Any;Any	
2.1.1_01	cpd00017;Any	[#6:2][#16+;H0D3:1]([#6:3])[#6;H3D4R0:4].[#1;D1R0:8][#8;H1D2R0:7][#17:6][#6,#1D1AR0:5]>>[#1+:8].[*:2]-[#16+0:1]-[*:3].[*:4]-[*:6](-[*:5])=[*:7]	cpd00067;cpd00019;Any	
2.1.1_02	cpd00017;Any	[#6:2][#16+;H0D3:1]([#6:3])[#6;H3D4R0:4].[#1;D1R0:7][#16,#7,#8,#6H1D3,#6H2D3AR0:6]-[#6,#1D1AR0:5]>>[#1+:7].[*:2]-[#16+0:1]-[*:3].[*:4]-[*:6]-[*:5]	cpd00067;cpd00019;Any	R01883, R01349
2.1.2_01	Any;cpd00071	[#1;D1R0:1][#6;D4R0;H1,H2:2]([#7;H2D3R0:3])[#6;H0D3R0:4]([#8;H1D2R0:6])=[#8;H0D1R0:5].[#6;H3D4R0:9][#6;H1D3R0:8]=[#8;H0D1R0:7]>>[*:1]-[*:7]-[*:8](-[*:9])-[*:2](-[*:3])-[*:4](-[*:6])=[*:5]	Any	
2.1.2_02	cpd00055;Any	[#6;D3R0;H0,H1,H2:2]=[#8;H0D1R0:1].[#1;D1R0:3][#6;D4R0;H1,H2:4]([#7;H2D3R0:5])[#6;H0D3R0:6]([#8;H1D2R0:8])=[#8;H0D1R0:7]>>[*:3]-[*:1]-[*:2]-[*:4](-[*:5])-[*:6](-[*:8])=[*:7]	Any	
2.1.2_02.rev	Any	[#1;D1R0:1][#8;H1D2R0:2][#6;H2D4R0:3][#6;D4R0;H0,H1:4]([#7;H2D3R0:5])[#6;H0D3R0:6]([#8;H1D2R0:8])=[#8;H0D1R0:7]>>[*:2]=[*:3].[*:4](-[*:5])-[*:6](-[*:8])=[*:7]	cpd00055;Any	
2.2.1_01	Any;Any	[#1;D1R0:6][#8;H1D2R0:5][#6:3][#6:2]([#6:1])=[#8;H0D1R0:4].[#1;D1R0:12][#6:7]1=[#7:8][#6:9]=[#6:10][#16:11]1>>[*:3]=[*:5].[*:12]-[*:4]-[*:2](-[*:1])(-[*:6])-[*:7]-1=[*:8]-[*:9]=[*:10]-[*:11]-1	Any;Any	
2.2.1_02	Any;Any	[#1;D1R0:7][#8;H1D2R0:6][#6;H0D3:3](=[#8;H0D1R0:5])[#6;H0D3:2]([#6:1])=[#8;H0D1R0:4].[#8;H1D2R0:11][#6;H0D3R0:10](=[#8;H0D1R0:13])[#6;D3;H0,H1AR0:9]([#6;H2D4,#6H3D4AR0,#1D1AR0:8])=[#8;H0D1R0:12]>>[*:5]=[*:3]=[*:6].[*:7]-[*:12]-[*:9](-[*:8])(-[*:2](-[*:1])=[*:4])-[*:10](-[*:11])=[*:13]	cpd00011;Any	
2.2.1_03	Any;cpd00011	[#1;D1R0:7][H1;#8;D2AR0,#6D4:5][#6;H1D4:4]([#6;D3;H1,H0AR0:6])[#6;H0D3R0:2]([#6;H2D4R0:1])=[#8;H0D1R0:3].[#8;H0D1R0:9]=[#6;H0D2R0:8]=[#8;H0D1R0:10]>>[*:6]-[*:4]=[*:5].[*:7]-[*:10]-[*:8](=[*:9])-[*:2](-[*:1])=[*:3]	Any;Any	Covers 2.2.1.5, 6, 7, 9 and others
2.2.1_03.rev	Any;Any	[#1;D1R0:6][#8;H1D2R0:7][#6:3]([#1;D1R0:8])([#1;D1R0:9])[#6:2](=[#8;H0D1R0:5])[#6:1]([#1;D1R0:10])[#8;H1D2R0:4].[#1;D1R0:12][#8;H1D2R0:18][#6:15]([#1;D1R0:19])([#6:16][#8;H1D2R0:17])[#6:11]([#1;D1R0:14])=[#8;H0D1R0:13]>>[*:17]-[*:16]-[*:15](-[*:19])=[*:18].[*:12]-[*:13]-[*:11](-[*:8])(-[*:14])-[*:3](=[*:7])-[*:2](-[*:9])(-[*:5]-[*:6])-[*:1](-[*:4])-[*:10]	Any;Any	
2.3.1_01	Any;cpd00010	[#6;D4;H3AR0,H2:3][#6;H0D3:2](=[#8;H0D1R0:1])[#8;H0D2:4][#15;H0D4R0:5]([#8;H1D2R0:6])[#8;H1D2R0:7].[#16;H1D2:9][#1;D1R0:8]>>[*:3]-[*:2](-[*:9])=[*:1].[*:8]-[*:4]-[*:5](-[*:6])-[*:7]	Any;Any	
2.3.1_02	Any;cpd00010	[#6;D4;H3AR0,H2:3][#6;H0D3R0:2]([H0;#16;D2,#6D3AR0:4])=[#8;H0D1R0:1].[#16;H1D2:6][#1;D1R0:5]>>[*:4]-[*:5].[*:3]-[*:2](-[*:6])=[*:1]	Any;Any	
2.3.1_02.rev	cpd00022;Any	[#6;D4;H3AR0,H2:3][#6;H0D3:2]([#16;H0D2:4])=[#8;H0D1R0:1].[#1;D1R0:9][#8;H1D2R0:8][#6;H1D3R0:6]([#1;D1R0:5])=[#8;H0D1R0:7]>>[*:4]-[*:5].[*:9]-[*:8]-[*:6](=[*:7])-[*:2](-[*:3])=[*:1]	cpd00010;Any
2.3.1_03	cpd00895;Any	[#1;D1R0:5][#7;H1D3:4]([#6;H1D4:6])[#6;H0D3:3][#6;H0D3:2]=[#8;H0D1R0:1].[#1;D1R0:7][#6;H1D3R0:8](=[#8;H0D1R0:9])[#7;H1D3:10][#6:11]>>[*:5]-[*:10]-[*:11].[*:6]-[*:4](-[*:3]-[*:2]=[*:1])-[*:8](-[*:7])=[*:9]	Any;cpd00936	
2.3.1_04	Any;cpd00022	[#1;D1R0:3][#7;H2D3R0:1][#6,#7H1D3AR0:2].[#6;R0:4][#6;H0D3R0:5]([#16;H0D2R0:7])=[#8;H0D1R0:6]>>[*:3]-[*:7].[*:2]-[*:1]-[*:5](-[*:4])=[*:6]	cpd00010;Any	
2.3.1_05	cpd00010;Any	[#16;H1D2R0:1][#1;D1R0:2].[#8;H1D2R0:9][#6;D4;H1,H2:6]([#1D1AR0,#16H0D2:7])[#6;D4;H1,H2:5]-;!@[#6;D3;H1,H0:4]([#6,#1D1AR0:3])=[#8;H0D1R0:8]>>[*:1]-[*:4](-[*:3])=[*:8].[*:2]-[*:5]-[*:6](-[*:7])-[*:9]	Any;Any	
2.3.1_06	Any;cpd00010	[#6,#1D1AR0:1][#6;D3;H0,H1:2](=[#8;H0D1R0:6])-;!@[#6;D4;H1,H2:3][#6;D3;H0,H1:4]([#16;H0D2,#1D1AR0:5])=[#8;H0D1R0:7].[#16;H1D2R0:8][#1;D1R0:9]>>[*:1]-[*:2](-[*:8])=[*:6].[*:9]-[*:3]-[*:4](-[*:5])=[*:7]	Any;Any	
2.3.1_07	cpd00022;Any	[#6;D4;H3AR0,H2:3][#6;H0D3:2]([#16;H0D2:4])=[#8;H0D1R0:1].[#16;H1D2R0:6][#1;D1R0:5]>>[*:4]-[*:5].[*:3]-[*:2](-[*:6])=[*:1]	cpd00010;Any	
2.3.2_01	Any;cpd00001	[#6D4R0;H1,H2:4][#7;H1D3R0:3][#6;H0D3R0:1]=[#8;H0D1R0:2].[#8;H2D2R0:5][#1;D1R0:6]>>[*:4]-[*:3]-[*:6].[*:5]-[*:1]=[*:2]	Any;Any	Covers 1.14.11.13 and others
2.3.3_01	cpd00001;cpd00022;Any	[#8;H2D2R0:1][#1;D1R0:2].[#1;D1R0:8][#6;D4;H3,H2,H1:7][#6;D4;H0,H1,H2:6][#6;H0D3:4]([#16;H0D2:3])=[#8;H0D1R0:5].[#6;D3;H0,H1AR0:9]=[#8;H0D1R0:10]>>[*:2]-[*:3].[*:8]-[*:10]-[*:9]-[*:7]-[*:6]-[*:4](-[*:1])=[*:5]	cpd00010;Any	
2.3.3_02	Any;cpd00010	[#1;D1R0:7][#8;H1D2R0:6][#6:4]-;!@[#6:3][#6R0:2]([#8;H1D2R0:1])=[#8;H0D1R0:5].[#16;H1D2R0:8][#1;D1R0:9]>>[*:1]-[*:9].[*:4]=[*:6].[*:3]-[*:2](-[*:8])=[*:5]	cpd00001;Any;Any	
2.3.3_03	Any;cpd00001;cpd00022	[#6,#1D1AR0:3][#6;D3;H0,H1AR0,H2AR0:2]([#6,#1D1AR0:4])=[#8;H0D1R0:1].[#8;H2D2R0:5][#1;D1R0:6].[#1;D1R0:10][#6;H3D4R0:9][#6;H0D3R0:8][#16;H0D2R0:7]>>[*:6]-[*:7].[*:5]-[*:8]-[*:9]-[*:2](-[*:3])(-[*:4])-[*:1]-[*:10]	Any;Any	
2.3.3_03.rev	cpd00010;cpd00002;cpd00001;Any	[#16;H1D2R0:1][#1;D1R0:2].[#1;D1R0:3][#8;H1D2R0:4][#6;D4;H0,H1,H2:5]([#1D1AR0,#6:6])([#1D1AR0,#6:7])[#6;H2D4:8][#6;H0D3R0:9]([#8;H1D2R0:11])=[#8;H0D1R0:10].[#8;H1D2R0:13][#15;H0D4R0:12]([#8;H1D2R0:14])[#8;H0D2:15][#15;H0D4:16].[#8;H2D2R0:18][#1;D1R0:17]>>[*:2]-[*:11].[*:16]-[*:15]-[*:17].[*:13]-[*:12](-[*:14])-[*:18].[*:6]-[*:5](-[*:7])=[*:4].[*:3]-[*:8]-[*:9](-[*:1])=[*:10]	Any;Any;cpd00001;cpd00008;cpd00009	
2.4.1_01	Any;Any	[#8;H0D2:14][#15;H0D4:13][#8;H0D2:12][#6;H1D4:6]1[#8;H0D2:1][#6;H1D4:2]([#6;H2D4:7][R0;#1D1,#8H1D2:8])[#6;D4;H1,H2:3]([R0;#1D1,#8H1D2:9])[#6;D4;H1,H2:4]([R0;#1D1,#8H1D2:10])[#6;D4;H1,H2:5]1[#8;H1D2R0:11].[#1;D1R0:20][#8;H1D2R0:19][#6:18]([#6;H2D4:21][#8;H0D2:22][#15;H0D4:23])[#6;H0D3:16]([R0;#1D1,#8H1D2:15])=[#8;H0D1R0:17]>>[*:14]-[*:13]-[*:12]-[*:20].[*:23]-[*:22]-[*:21]-[*:18](-[*:19]-[*:6]-1-[*:1]-[*:2](-[*:7]-[*:8])-[*:3](-[*:9])-[*:4](-[*:10])-[*:5]-1-[*:11])-[*:16](-[*:15])=[*:17]	Any;cpd00008	Actual KEGG reaction generates GDP.
2.4.1_02	Any;cpd00009	[#8;H1D2R0:11][#6;H1D4:6]1[#6;D4;H1,H2:7]([R0;#1D1,#8H1D2:10])[#6;D4;H1,H2:8]([R0;#1D1,#8H1D2:9])[#6;H1D4:3]([#6;D4;H2,H3AR0:2][R0;#1D1,#8H1D2:1])[#8;H0D2:4][#6;H1D4:5]1[#8;H0D2:12][#6;H1D4:13]1[#8;H0D2:14][#6;H1D4:15]([#6;D4;H2,H3:22][R0;#1D1,#8H1D2:23])[#6;D4;H1,H2:16]([R0;#1D1,#8H1D2:21])[#6;D4;H1,H2:17]([R0;#1D1,#8H1D2:20])[#6;H1D4:18]1[#8;H1D2R0:19].[#1;D1R0:24][#8;H1D2R0:25][#15;H0D4R0:26]>>[*:1]-[*:2]-[*:3]-1-[*:4]-[*:5](-[*:25]-[*:26])-[*:6](-[*:11])-[*:7](-[*:10])-[*:8]-1-[*:9].[*:23]-[*:22]-[*:15]-1-[*:14]-[*:13](-[*:12]-[*:24])-[*:18](-[*:19])-[*:17](-[*:20])-[*:16]-1-[*:21]	Any;Any	
2.4.1_03	Any;Any	[#1;D1R0:1][#8;H1D2:2][#6:3]1([#6;H2D4:8][#8;H1D2R0:9])[#8;H0D2:7][#6;H1D4:6]([#6;H2D4:10][#8;D2;H0,H1AR0:11])[#6;D4;H1,H2:5]([R0;#8H1D2,#1D1:13])[#6;D4;H1,H2:4]1[R0;#8H1D2,#1D1:12].[#15;H0D4:23][#8;H0D2:22][#6;H1D4:20]1[#8;H0D2:21][#6;H1D4:16]([#6;D4;H2,H3AR0:15][R0;#8H1D2,#1D1:14])[#6;D4;H1,H2:17]([R0;#8H1D2,#1D1:24])[#6;D4;H1,H2:18]([R0;#8H1D2,#1D1:25])[#6;D4;H1,H2:19]1[R0;#8H1D2,#1D1:26]>>[*:1]-[*:22]-[*:23].[*:11]-[*:10]-[*:6]-1-[*:7]-[*:3](-[*:8]-[*:9])(-[*:2]-[*:20]-2-[*:21]-[*:16](-[*:15]-[*:14])-[*:17](-[*:24])-[*:18](-[*:25])-[*:19]-2-[*:26])-[*:4](-[*:12])-[*:5]-1-[*:13]	Any;Any	
2.4.1_03.rev	Any;Any	[#1;D1R0:1][#8;H1D2R0:2][#15;H0D4:3].[#8;D2;H0,H1AR0:13][#6;H2D4:12][#6;H1D4:8]1[#8;H0D2:9][#6:5]([#6;H2D4:10][#8;H1D2R0:11])([#8;H0D2:4][#6;H1D4:22]2[#8;H0D2:23][#6;H1D4:18]([#6;D4;H2,H3AR0:17][R0;#8H1D2,#1D1:16])[#6;D4;H1,H2:19]([R0;#8H1D2,#1D1:24])[#6;D4;H1,H2:20]([R0;#8H1D2,#1D1:25])[#6;D4;H1,H2:21]2[R0;#8H1D2,#1D1:26])[#6;D4;H1,H2:6]([R0;#8H1D2,#1D1:14])[#6;D4;H1,H2:7]1[R0;#8H1D2,#1D1:15]>>[*:13]-[*:12]-[*:8]-1-[*:9]-[*:5](-[*:4]-[*:1])(-[*:10]-[*:11])-[*:6](-[*:14])-[*:7]-1-[*:15].[*:3]-[*:2]-[*:22]-1-[*:23]-[*:18](-[*:17]-[*:16])-[*:19](-[*:24])-[*:20](-[*:25])-[*:21]-1-[*:26]	Any;Any	
2.4.1_04	cpd00009;Any	[#8;H1D2R0:1][#1;D1R0:2].[#6;R1r5:5][#6;H1D4R1r5:4]([#8;H0D2R1r5:3])[D3;nH0r5R1,#7H0r6R1,nH0r6R1,#7H1AR0:6]>>[*:2]-[*:6].[*:1]-[*:4](-[*:3])-[*:5]	Any;Any	
2.4.1_05	Any;cpd00018	[#8;H0D2:12][#6;H1D4:6]1[#8;H0D2:1][#6;H1D4:2]([#6;D4;H2,H3AR0:7][R0;#8H1D2,#1D1:8])[#6;D4;H1,H2:3]([R0;#8H1D2,#1D1:9])[#6;D4;H1,H2:4]([R0;#8H1D2,#1D1:10])[#6;D4;H1,H2:5]1[R0;#8H1D2,#1D1:11].[#8;H1D2R0:16][#15;H0D4:15]([#8;H1D2R0:17])[#8;H0D2:13][#15;H0D4:14]>>[*:12]-[*:15](-[*:16])-[*:17].[*:8]-[*:7]-[*:2]-1-[*:1]-[*:6](-[*:13]-[*:14])-[*:5](-[*:11])-[*:4](-[*:10])-[*:3]-1-[*:9]	Any;Any	GMP to GTP is the actual KEGG reaction cofactor
2.4.1_06	Any;Any	[#6:1][#6;H1D4:2]1[#8;H0D2:3][#6;H1D4:7]([#8;D2R0;H1,H0:11][#1D1AR0,cH0D3!r4R1,#6H1D4r6!r4R1,#6H1D4!r6r5!r4R1:12])[#6;D4;H1,H2:6]([R0;#8H1D2,#1D1:10])[#6;D4;H1,H2:5]([R0;#8H1D2,#1D1:9])[#6;D4;H1,H2:4]1[R0;#8H1D2,#1D1:8].[#1;D1R0:15][#8;H1D2R0:13][#15;H0D4:14]>>[*:12]-[*:11]-[*:15].[*:14]-[*:13]-[*:7]-1-[*:3]-[*:2](-[*:1])-[*:4](-[*:8])-[*:5](-[*:9])-[*:6]-1-[*:10]	Any;Any	
2.4.2_01	Any;Any	[#6;R1r5:3][#6;H1D4R1r5:2]([#8;H0D2R1r5:1])[#8;H0D2R0:4][#15;H0D4R0:5].[H1D3R1;nr5,#7r6:6][#1;D1R0:7]>>[*:5]-[*:4]-[*:7].[*:1]-[*:2](-[*:3])-[*:6]	Any;Any	Reverse of hydrolysis
2.5.1_01	Any;cpd00113	[#6;D4R0;H2,H3:1][#6;H0D3R0:2]([#6;H3D4R0:3])=[#6;H1D3R0:4][#6;H2D4R0:5][#8;H0D2R0:6][#15;H0D4R0:7][#8;H0D2R0:8][$(P(=O)(O[#1])O[#1])].[#1;D1R0:19][#6;H3D4R0:10][#6;H0D3R0:11](=[#6;H2D3R0:12])[#6;H2D4R0:13]([H:20])[#6;H2D4R0:14][#8;H0D2R0:15][#15;H0D4R0:16][#8;H0D2R0:17][#15;H0D4R0:18]>>[*:8]-[*:7]-[*:6]-[*:19].[*:18]-[*:17]-[*:16]-[*:15]-[*:14]-[*:13]=[*:11](-[*:12][H:20])-[*:10]-[*:5]-[*:4]=[*:2](-[*:1])-[*:3]	cpd00012;Any	Terpenoid Extention See 2.5.1.28 2.5.1.82 2.5.1.92 ect
2.6.1_01	cpd00023;Any	[#1;D1R0:3][#6;H1D4:2][#7;R0;H2D3,H3D4:1].[#6,#1D1AR0:6][#6;D3;H0,H1,H2AR0:5]([#6,#1D1AR0:7])=[#8;H0D1R0:4]>>[*:2]=[*:4].[*:1]-[*:5](-[*:3])(-[*:6])-[*:7]	cpd00024;Any	
2.6.1_01.rev	cpd00024;Any	[#8;H1D2R0:5][#6;H0D3R0:3](=[#8;H0D1R0:4])[#6;H0D3:2]=[#8;H0D1R0:1].[#1;D1R0:8][#6;D4!r3;H3AR0,H2,H1:6]([#7;R0;H2D3,H3D4:7])([#6,#1D1AR0:9])[#6,#1D1AR0:10]>>[*:9]-[*:6](-[*:10])=[*:1].[*:7]-[*:2](-[*:8])-[*:3](-[*:5])=[*:4]	Any;cpd00023
2.7.1_01	Any;cpd00002	[#1;D1R0:1][#6:2][#6;H0D3R0:3](=[#8;H0D1R0:4])[#6;H0D3R0:5]([#8;H1D2R0:7])=[#8;H0D1R0:6].[#8;H1D2R0:11][#15;H0D4R0:8]([#8;H1D2R0:12])[#8;H0D2:9][#15;H0D4:10]>>[*:1]-[*:9]-[*:10].[*:11]-[*:8](-[*:12])-[*:4]-[*:3](=[*:2])-[*:5](-[*:7])=[*:6]	cpd00008;Any	KEGG indicates that this can be any NTP
2.7.1_02	Any;Any	[#1;D1R0:1][#8;H1D2R0:2][#6;H1D4:3]1[#8;H0D2:8][#6;H1D4:7]([#6:12])[#6;H1D4:6]([R0;#8H1D2,#1D1:11])[#6;H1D4:5]([R0;#8H1D2,#1D1:10])[#6;H1D4:4]1[R0;#8H1D2,#1D1:9].[#15;H0D4R0:13][#7;H1D2:14][#6;H1D3:15]=[#7:16]>>[*:1]-[*:16]-[*:15]=[*:14].[*:13]-[*:2]-[*:3]-1-[*:8]-[*:7](-[*:12])-[*:6](-[*:11])-[*:5](-[*:10])-[*:4]-1-[*:9]	Any;cpd00119	
2.7.1_02.rev	Any;Any	[#1;D1R0:1][#7:4][#6;H1D3:3]=[#7;H1D3AR0:2].[#6:15][#6;H1D4:10]1[#8;H0D2:11][#6;H1D4:6]([#8;H0D2R0:5][#15;H0D4R0:16])[#6;H1D4:7]([R0;#8H1D2,#1D1:12])[#6;H1D4:8]([R0;#8H1D2,#1D1:13])[#6;H1D4:9]1[R0;#8H1D2,#1D1:14]>>[*:16]-[*:2]-[*:3]=[*:4].[*:1]-[*:5]-[*:6]-1-[*:11]-[*:10](-[*:15])-[*:9](-[*:14])-[*:8](-[*:13])-[*:7]-1-[*:12]	Any;Any	
2.7.1_03	Any;Any	[#1;D1R0:1][#8;H1D2R0:2][#6;H2D4:3][#6:4]1([#8;H1D2:11][#1;D1R0:10])[#8;H0D2:9][#6;H2D4:8][#6;H1D4:7]([R0;#8H1D2,#1D1:14])[#6;H1D4:6]([R0;#8H1D2,#1D1:13])[#6;H1D4:5]1[R0;#8H1D2,#1D1:12].[#15;H0D4R0:15][#7:16][#6;H1D3:17]=[#7:18]>>[*:1]-[*:18]-[*:17]=[*:16].[*:10]-[*:9]-[*:8]-[*:7](-[*:14])-[*:6](-[*:13])-[*:5](-[*:12])-[*:4](=[*:11])-[*:3]-[*:2]-[*:15]	Any;cpd00119	
2.7.1_04	Any;cpd00002	[#1;D1R0:8][#8;H1D2:9][#6:3]1([#6;H2D4:2][#8;H1D2R0:1])[#8;H0D2:7][#6;H2D4:6][#6;D4;H1,H2:5]([R0;#8H1D2,#1D1:11])[#6;D4;H1,H2:4]1[R0;#8H1D2,#1D1:10].[#8;H1D2R0:15][#15;H0D4R0:12]([#8;H1D2R0:16])[#8;H0D2:13][#15;H0D4:14]>>[*:8]-[*:13]-[*:14].[*:1]-[*:2]-[*:3](=[*:9])-[*:4](-[*:10])-[*:5](-[*:11])-[*:6]-[*:7]-[*:12](-[*:15])-[*:16]	cpd00008;Any	
2.7.1_04.rev	Any;cpd00008	[#8;H1D2R0:1][#6;H2D4:2][#6:3](=[#8;H0D1R0:8])[#6;D4;H1,H2:4]([R0;#8H1D2,#1D1:9])[#6;D4;H1,H2:5]([R0;#8H1D2,#1D1:10])[#6;H2D4:6][#8;H0D2:7][#15;H0D4R0:11]([#8;H1D2R0:12])[#8;H1D2R0:13].[#1;D1R0:14][#8;H1D2R0:15][#15;H0D4:16]>>[*:16]-[*:15]-[*:11](-[*:12])-[*:13].[*:1]-[*:2]-[*:3]-1(-[*:8]-[*:14])-[*:7]-[*:6]-[*:5](-[*:10])-[*:4]-1-[*:9]	cpd00002;Any	
2.7.1_05	Any;cpd00002	[#1;D1R0:8][#8;H1D2R0:7][#6;H1D4:3]1[#6;H2D4:2][#8;H0D2:1][#6:6]([#6:12])([#8;H1D2R0:11])[#6;H1D4:5]([#8;H1D2R0:10])[#6;H1D4:4]1[#8;H1D2R0:9].[#8;H0D2:18][#15;H0D4R0:17][#8;H0D2:16][#15;H0D4R0:15][#8;H0D2:14][#15;H0D4R0:13]>>[*:8]-[*:14]-[*:15]-[*:16]-[*:17]-[*:18].[*:13]-[*:1]-[*:2]-[*:3]-1-[*:7]-[*:6](-[*:11])(-[*:12])-[*:5](-[*:10])-[*:4]-1-[*:9]	cpd00008;Any
2.7.1_05.rev	Any;cpd00008	[#6:11][#6:6]1([#8;H1D2R0:10])[#8;H0D2R0:7][#6;H1D4:3]([#6;H2D4:2][#8;H0D2:1][#15;H0D4R0:12])[#6;H1D4:4]([#8;H1D2R0:8])[#6;H1D4:5]1[#8;H1D2R0:9].[#1;D1R0:13][#8;H1D2R0:14][#15;H0D4R0:15][#8;H0D2:16][#15;H0D4R0:17][#8;H0D2:18]>>[*:12]-[*:14]-[*:15]-[*:16]-[*:17]-[*:18].[*:13]-[*:7]-[*:3]-1-[*:2]-[*:1]-[*:6](-[*:10])(-[*:11])-[*:5](-[*:9])-[*:4]-1-[*:8]	cpd00002;Any	
2.7.1_06	cpd00008;Any	[#8;H1D2R0:4][#15;H0D4R0:1]([#8;H1D2R0:5])[#8;H0D2:2][#15;H0D4:3].[#8;H1D2R0:6][#6;H2D4:7][#6;D4;H0,H1:8][#6;H1D4:9]([#8;H1D2R0:10])[#6;H1D4:11]([#8;H1D2R0:12])[#6;H1D4:13][#6;D4;H1,H2:14][#8;D2;H0,H1AR0:15][R0;#1D1,PH0D4:16]>>[*:3]-[*:6].[*:16]-[*:15]-[*:14]-[*:13]-[*:11](-[*:12])-[*:9](-[*:10])-[*:8]-[*:7]-[*:2]-[*:1](-[*:4])-[*:5]	cpd00018;Any	
2.7.1_07	Any;Any	[#1;D1R0:1][#8;H1D2R0:2][#6;H2D4:3].[#15;H0D4R0:4][#7;H1D2:5][#6;H1D3:6]=[#7:7]>>[*:3]-[*:2]-[*:4].[*:1]-[*:7]-[*:6]=[*:5]	cpd00119;Any	
2.7.1_07.rev	Any;Any	[#1;D1R0:4][#7;H1D3:1][#6;H1D3:2]=[#7;H0D2:3].[#8:17][#6;H1D4:12]1[#8;H0D2:13][#6;H1D4:8]([#6;H2D4:7][#8;H0D2R0:6][#15;H0D4R0:5])[#6;H1D4:9]([#8;H1D2R0:14])[#6;H1D4:10]([#8:15])[#6;H1D4:11]1[#8,#7:16]>>[*:5]-[*:3]-[*:2]=[*:1].[*:4]-[*:6]-[*:7]-[*:8]-1-[*:13]-[*:12](-[*:17])-[*:11](-[*:16])-[*:10](-[*:15])-[*:9]-1-[*:14]	Any;Any	
2.7.1_08	cpd00002;Any	[#6;H2D4:8][#8;H0D2:7][#15;H0D4:6][#8;H0D2:5][#15;H0D4:4][#8;H0D2:3][#15;H0D4:2][#8;H1D2R0:1].[#1;D1R0:11][#8;H1D2R0:10][#6:9]>>[*:1]-[*:2]-[*:10]-[*:9].[*:8]-[*:7]-[*:6]-[*:5]-[*:4]-[*:3]-[*:11]	Any;cpd00008	
2.7.4_01	cpd00002;Any	[#8;H0D2:1][#15;H0D4R0:2]([#8;H1D2R0:3])[#8;H1D2R0:4].[#1;D1R0:10][#8;H1D2R0:9][#15;H0D4R0:8]([#8;H1D2R0:11])[#8;H0D2:7][#6;H2D4:6][#6;H2D4:5]>>[*:1]-[*:10].[*:5]-[*:6]-[*:7]-[*:8](-[*:11])-[*:9]-[*:2](-[*:3])-[*:4]	cpd00008;Any	Dante Pertusi, based off ECs 2.7.4.2, 2.7.4.16
2.7.7_01	Any;Any;cpd00002	[#1;D1R0:2][#6:1]([#8;H1D2R0:4])=[#8;H0D1R0:3].[#1;D1R0:17][#7:15]([#6:16])[#6;H2D4:14][#6:11]1[#6:12][#7;H1D3:13][#6:7]2=[#6:8]([#6:9][#7:19]([#1;D1R0:18])[#6:5]=[#7:6]2)[#7;H1D3:10]1.[#8;H1D2R0:22][#15;H0D4:20]([#8;H1D2R0:23])(=[#8;H0D1R0:24])[#8;H0D2:21][#15;H0D4:25]>>[*:17]-[*:21]-[*:25].[*:4]-[*:20](-[*:22])(-[*:23])=[*:24].[*:16]-[*:15](-[*:14]-[*:11]-1-[*:12]-[*:13]-[*:7]-2=[*:8](-[*:9]-[*:19]=[*:5]-[*:6]-2-[*:18])-[*:10]-1)-[*:1](-[*:2])=[*:3]	Any;cpd00009;cpd00008	
2.7.7_02	cpd00008;Any	[#6;H2D4:1][#8;H0D2:2][#15;H0D4:3][#8;H0D2:4][#15;H0D4R0:5][#8;H1D2R0:6].[#1;D1R0:17][#8;H1D2R0:16][#15;H0D4R0:14]([#8;H1D2R0:15])[#8;H0D2:13][#6;D4;H0,H1:12]1[#6;D4;H1,H2:11][#6;D4;H1,H2:10][#6;D4;H1,H2:9][#6;D4;H1,H2:8][#8;H0D2:7]1>>[*:6]-[*:5]-[*:4]-[*:17].[*:1]-[*:2]-[*:3]-[*:16]-[*:14](-[*:15])-[*:13]-[*:12]-1-[*:7]-[*:8]-[*:9]-[*:10]-[*:11]-1	cpd00009;Any	This chemistry can be performed on many different NTP/NDP-based compounds
2.7.7_03	cpd00002;Any	[#6;H2D4:1][#8;H0D2:2][#15;H0D4:3][#8;H0D2:4][#15;H0D4:5][#8;H0D2:6].[#1;D1R0:17][#8;H1D2R0:16][#15;H0D4R0:14]([#8;H1D2R0:15])[#8;H0D2:13][#6;D4;H0,H1:12]1[#6;D4;H1,H2:11][#6;D4;H1,H2:10][#6;D4;H1,H2:9][#6;D4;H1,H2:8][#8;H0D2:7]1>>[*:6]-[*:5]-[*:4]-[*:17].[*:1]-[*:2]-[*:3]-[*:16]-[*:14](-[*:15])-[*:13]-[*:12]-1-[*:7]-[*:8]-[*:9]-[*:10]-[*:11]-1	cpd00012;Any	This chemistry can be performed on many different NTP/NDP-based compounds
2.7.8_01	Any;Any	[#6;H1D4:12][#6;H2D4R0:11][#8;H0D2R0:10][#15;H0D4R0:7]([#8;H1D2R0:9])(=[#8;H0D1R0:8])[#8;H0D2R0:6][#15;H0D4R0:3]([#8;H1D2R0:5])(=[#8;H0D1R0:4])[#8;H0D2R0:2][#6;H1D4:1].[#6;D4;H1,H2AR0:18][#8;H0D2R0:17][#15;H0D4R0:14]([#8;H1D2R0:13])([#8;H1D2R0:16])=[#8;H0D1R0:15]>>[*:12]-[*:11]-[*:17]-[*:14](-[*:13])(-[*:16])=[*:15].[*:1]-[*:2]-[*:3](-[*:5])(=[*:4])-[*:6]-[*:7](-[*:9])(=[*:8])-[*:10]-[*:18]	Any;Any	Covers 2.7.8.13, 15, 33 and others
2.8.2_01	cpd00044;Any	[#15;H0D4R0:3][#8;H0D2R0:2][#16;H0D4R0:1].[#1;D1R0:4][#8;H1D2R0:5][#7H0D2AR0,cr6R1,#6R1:6]>>[*:1]-[*:5]-[*:6].[*:3]-[*:2]-[*:4]	Any;cpd00045	Based on: 2.5.1.5, 27, 6 ect.
2.8.3_01	Any;cpd00022	[#8;H1D2R0:3][#6;H0D3R0:1](=[#8;H0D1R0:2])[#6;D4;H3AR0,H2,H1:4][#6,#1D1AR0:5].[#6;D4;H3AR0,H2,H1:9][#6;H0D3R0:6]([#16;H0D2R0:8])=[#8;H0D1R0:7]>>[*:3]-[*:6](-[*:9])=[*:7].[*:5]-[*:4]-[*:1](-[*:8])=[*:2]	Any;Any	
3.1.1_01	Any	[#8;R0H1D2,#1D1:18][#6;H1:5]1[#6H1:6]([#8;H1;D2R0:11])[#6;H1:7]([#8R0H1D2,#1D1:17])[#6;H1:8]([#8;H0D2:9][#6;H1:4]1[#6:3][#8;H1D2:2][H;D1R0:1])[#8;H1D2R0:15][H;D1R0:16]>>[*:11]-[*:16].[*:1]-[*:9]-[*:4]-1-[*:3]-[*:2]-[*:6](-[*:7](-[*:17])-[*:8]=[*:15])-[*:5]-1-[*:18]	Any;cpd00001	
3.1.1_01.rev	Any;cpd00001	[#1;D1R0:1][#8;H1D2R0:9][#6:4]1([#1;D1R0:10])[#6:3][#8;H0D2:2][#6:6]([#1;D1R0:11])([#6:7]([#1;D1R0:12])([R0;#8H1D2,#1D1:15])[#6:8]([#1;D1R0:13])=[#8;H0D1R0:14])[#6:5]1([#1;D1R0:17])[R0;#8H1D2,#1D1:16].[#8;H2D2R0:18][#1;D1R0:19]>>[*:1]-[*:2]-[*:3]-[*:4]-1(-[*:10])-[*:9]-[*:8](-[*:13])(-[*:14]-[*:19])-[*:7](-[*:12])(-[*:15])-[*:6](-[*:11])(-[*:18])-[*:5]-1(-[*:16])-[*:17]	Any	
3.1.1_02	cpd00001;Any	[#8;H2D2R0:1][#1;D1R0:2].[#6:3][#6;H0D3:4](=[#8;H0D1R0:5])-;!@[#8;H0D2:6][#6;H0D4:7]-;!@[#16;H0D4R0:8]=[#8;H0D1R0:9]>>[*:6]=[*:7].[*:2]-[*:9]-[*:8].[*:1]-[*:4](-[*:3])=[*:5]	Any;Any;Any	
3.1.1_03	cpd00001;Any	[#8;H2D2R0:1][#1;D1R0:2].[#6:3][#6;H0D3:4](=[#8;H0D1R0:5])-;!@[#8;H0D2:6][#6;H0D4:7][H0D1R0;Cl,F,Br:8]>>[*:2]-[*:8].[*:6]=[*:7].[*:1]-[*:4](-[*:3])=[*:5]	Any;Any;Any	
3.1.1_04	cpd00001;Any	[#8;H2D2R0:1][#1;D1R0:2].[#6:6][#8;H0D2:5]-;!@[#6;D3;H0,H1AR0:3]=[#6;D3;H0,H1,H2AR0:4]>>[*:2]-[*:5]-[*:6].[*:1]-[*:3]=[*:4]	Any;Any	
3.1.1_05	cpd00001;Any	[#8;H2D2R0:1][#1;D1R0:2].[#6:7][#8R0;H0D2:6][#6;D3;H0,H1:4]([#6,#1D1AR0:3])=[#8;H0D1R0:5]>>[*:2]-[*:6]-[*:7].[*:1]-[*:4](-[*:3])=[*:5]	Any;Any	
3.1.2_01	cpd00003;cpd00010;Any	[#6;H1D3:4]=[#6;H1D3:3][#6;H1D3:2]=[#7;H0D3:1].[#16;H1D2R0:5][#1;D1R0:6].[#1;D1R0:9][#6;D3R0;H1,H2:7]([#6,#1D1AR0:10])=[#8;H0D1R0:8]>>[*:6].[*:5]-[*:7](-[*:10])=[*:8].[*:9]-[*:4]-[*:3]=[*:2]-[N+0:1]	cpd00067;Any;cpd00003	
3.1.3_01	cpd00001;Any	[#8;H2D2R0:1][#1;D1R0:2].[#6:6][#8;R0H0D2:5][#15;R0H0D4:3]=[#8;H0D1R0:4]>>[*:2]-[*:5]-[*:6].[*:1]-[*:3]=[*:4]	Any;Any	
3.1.4_01	cpd00001;Any	[#8;H2D2R0:1][#1;D1R0:2].[#6;H2D4R0:4][#8;H0D2R0:3][#15;H0D4R0:5]([#8;H1D2R0:7])(=[#8;H0D1R0:6])[#8;H0D2R0:8][#6;H2D4R0:9]>>[*:1]-[*:4].[*:2]-[*:3]-[*:5](-[*:7])(=[*:6])-[*:8]-[*:9]	Any;Any	Covers 3.1.4.2, 13, 38, 43, 44, 46, and others
3.1.6_01	Any;cpd00001	[#6;H0D4,H0D3,H1D4,H2D4AR0,H3D4AR0:6][#8;H0D2R0:5][#16;H0D4R0:1]([#8;H1D2R0:4])(=[#8;H0D1R0:2])=[#8;H0D1R0:3].[#8;H2D2R0:7][#1;D1R0:8]>>[*:6]-[*:8].[*:7]-[*:5]-[*:1](-[*:4])(=[*:2])=[*:3]	Any;Any	Covers 3.1.6.1, 2, 3, 6, 9, 10, 11, 16, 17 and others
3.13.1_01	cpd00001;Any	[#8;H2D2R0:1][#1;D1R0:2].[#6:5][#16;H0D4R0:3]=[#8;H0D1R0:4]>>[*:1]-[*:5].[*:2]-[*:4]-[*:3]	Any;Any	
3.2.1_01	cpd00001;Any	[#8;H2D2R0:1][#1;D1R0:2].[#6;R1r6:5][#6;H1D4R1r6:4]([#8;H0D2R1r6:3])[#8;H0D2R0:6]>>[*:2]-[*:6].[*:1]-[*:4](-[*:3])-[*:5]	Any;Any	Based on: pretty much all 5.1.3 rxns
3.2.2_01	Any;cpd00001	[#6:4][#7;H0D3:3]([#6:5])-;!@[#6;H1D4r5;!r6!r4:2][#8;r5;!r6!r4:1].[#8;H2D2R0:6][#1;D1R0:7]>>[*:1]-[*:2]-[*:6].[*:4]-[*:3](-[*:5])-[*:7]	Any;Any	
3.3.2_01	cpd00001;Any	[#8;H2D2R0:1][#1;D1R0:2].[#6;D4;H0,H1,H2:3]1[#6;D4;H0,H1,H2:5][#8;H0D2:4]1>>[*:1]-[*:3]-[*:5]-[*:4]-[*:2]	Any	
3.5.1_01	cpd00001;Any	[#8;H2D2R0:1][#1;D1R0:2].[#7:5]-;@[#6;D3;H0,H1AR0:3]=[#8;H0D1R0:4]>>([*:2]-[*:5].[*:1]-[*:3]=[*:4])	Any	
3.5.1_02	cpd00001;Any	[#8;H2D2R0:1][#1;D1R0:2].[#7:5]-;!@[#6;D3;H0,H1AR0:3]=[#8;H0D1R0:4]>>[*:2]-[*:5].[*:1]-[*:3]=[*:4]	Any;Any	
3.5.3_01	cpd00001;Any	[#8;H2D2R0:1][#1;D1R0:2].[#7AD3R0;H0,H1,H2:5][#6AD3R0;H0,H1:4]=[#7AD2R0;H0,H1:3]>>[*:2]-[*:5].[*:1]-[*:4]=[*:3]	Any;Any	
3.5.3_02	cpd00001;Any	[#1;D1R0:2][#8;H2D2R0:1][#1;D1R0:3].[#6AR0:4]=[#7AD2R0;H0,H1:5]>>[*:1]=[*:4].[*:2]-[*:5]-[*:3]	Any;Any	
3.5.4_01	Any;cpd00001	[#7;H2D3R0:4][#6;H0D3:2]([#7,#6:3])=[#7;H0D2:1].[#1;D1R0:6][#8;H2D2R0:5][#1;D1R0:7]>>[*:4]-[*:7].[*:3]-[*:2](=[*:5])-[*:1]-[*:6]	cpd00013;Any	
3.5.5_01	cpd00001;cpd00001;Any	[#1;D1R0:2][#8;H2D2R0:1][#1;D1R0:3].[#1;D1R0:5][#8;H2D2R0:4][#1;D1R0:6].[#6;H0D2R0:7]#[#7;H0D1R0:8]>>[*:6]-[*:4]-[*:7]=[*:1].[*:2]-[*:8](-[*:3])-[*:5]	Any;cpd00013	Covers 3.5.5 all, and others
3.6.1_01	Any;cpd00001	[#8;D2;H0,H1AR0:2][#6;H1D4:1][#6;H2D4R0:3][#8;H0D2R0:4][#15;H0D4R0:5][#8;H0D2R0:6][#15;H0D4R0:7].[#8;H2D2R0:8][#1;D1R0:9]>>[*:7]-[*:6]-[*:9].[*:2]-[*:1]-[*:3]-[*:4]-[*:5]-[*:8]	Any;Any	Covers 3.6.1.8, 12, 19, 23, 31, - and others
3.6.1_02	Any;cpd00001	[#15;H0D4:10][#8;H0D2:9][#15;H0D4:8][#8;H0D2:7][#6:6]1[#6:5][#6:4][#6:3][#6:2][#8;H0D2:1]1.[#8;H2D2R0:12][#1;D1R0:11]>>[*:10]-[*:9]-[*:11].[*:12]-[*:8]-[*:7]-[*:6]-1-[*:1]-[*:2]-[*:3]-[*:4]-[*:5]-1	Any;Any	KEGG reactions actually produce several different NMPs (A,U,G)
3.7.1_01	cpd00001;Any	[#1;D1R0:2][#8;H2D2R0:1][#1;D1R0:3].[#6,#7,#1D1AR0:4][#6:5]@[#6D3;!r3;!r4;H1,H0:6]([#6,#7,#1D1AR0:7])=[#8;H0D1R0:8]>>([*:2]-[*:5]-[*:4].[*:3]-[*:1]-[*:6](-[*:7])=[*:8])	Any
3.7.1_02	cpd00001;Any	[#1;D1R0:2][#8;H2D2R0:1][#1;D1R0:3].[#6,#7,#1D1AR0:4][#6:5]-;!@[#6;D3;H1,H0:6]([#6,#7,#1D1AR0:7])=[#8;H0D1R0:8]>>[*:2]-[*:5]-[*:4].[*:3]-[*:1]-[*:6](-[*:7])=[*:8]	Any;Any	
3.7.1_03	cpd00001;Any	[#8;H2D2R0:1][#1;D1R0:2].[#6,#1D1AR0,#7,#16:9][#6;D3;H0,H1:7](=[#8;H0D1R0:8])-;@[#6;!r5;!r4;!r3D3;H0,H1:6]=[#6;D3;H0,H1:5][#6;D3;H0,H1:4]=[#8;H0D1R0:3]>>([*:1]-[*:7](-[*:9])=[*:8].[*:2]-[*:6]=[*:5]-[*:4]=[*:3])	Any
3.7.1_04	cpd00001;Any	[#8;H2D2R0:1][#1;D1R0:2].[#6,#1D1AR0,#7,#16:9][#6;D3;H0,H1:7](=[#8;H0D1R0:8])-;!@[#6;D3;H0,H1:6]=[#6;D3;H0,H1:5][#6;D3;H0,H1:4]=[#8;H0D1R0:3]>>[*:1]-[*:7](-[*:9])=[*:8].[*:2]-[*:6]=[*:5]-[*:4]=[*:3]	Any;Any	
3.8.1_01	cpd00001;Any	[#1;D1R0:2][#8;H2D2R0:1][#1;D1R0:3].[H0D1R0;Cl,Br,F:5][#6;D3;H1,H0:4]=[#6:6]>>[*:2]-[*:5].[*:3]-[*:6]-[*:4]=[*:1]	Any;Any	
3.8.1_02	cpd00001;Any	[#1;D1R0:2][#8;H2D2R0:1][#1;D1R0:3].[H0D1R0;Cl,Br,F:5][#6:4]([#6,#1D1AR0:6])[H0D1R0;Cl,Br,F:7]>>[*:2]-[*:5].[*:3]-[*:7].[*:6]-[*:4]=[*:1]	Any;Any;Any	
3.8.1_03	cpd00001;Any	[#1;D1R0:2][#8;H2D2R0:1][#1;D1R0:3].[H0D1R0;Cl,Br,F:5][#6:4][#6,#7,#1D1AR0:6]>>[*:3]-[*:5].[*:2]-[*:1]-[*:4]-[*:6]	Any;Any	
4.1.1_01	Any	[#1;D1R0:6][#8;H1D2:5][#6:4](=[#8;H0D1R0:7])[#6:3]([#8;H1D2R0:9][#1;D1R0:10])=[#6:2]([#6:1])[R0;#8H1D2,#1D1:8]>>[*:5]=[*:4]=[*:7].[*:10]-[*:3](=[*:9])-[*:2](-[*:1])(-[*:6])-[*:8]	cpd00011;Any	
4.1.1_02	Any	[#1;D1R0:9][#8;H1D2R0:8][#6:2]([#6:1])=[#6:3]([R0;#8H1D2,#1D1:10])[#6:4](=[#8;H0D1R0:7])[#8;H1D2:5][#1;D1R0:6]>>[*:5]=[*:4]=[*:7].[*:1]-[*:2](=[*:8])-[*:3](-[*:6])(-[*:9])-[*:10]	cpd00011;Any
4.1.1_03	Any;cpd00001	[#1;D1R0:6][#8;H1D2:5][#6:4](=[#8;H0D1R0:9])[#6:3](=[#8;H0D1R0:8])[#6:2]([#6:1])=[#8;H0D1R0:7].[#8;H2D2R0:10][#1;D1R0:11]>>[*:5]=[*:4]=[*:9].[*:11]-[*:7]-[*:2](-[*:1])(-[*:6])-[*:3](-[*:10])=[*:8]	cpd00011;Any	
4.1.1_03.rev	Any;cpd00011	[#1;D1R0:8][#8;H1D2R0:5][#6:2]([#1;D1R0:4])([#6:1])[#6:3]([#8;H1D2R0:7])=[#8;H0D1R0:6].[#8;H0D1R0:10]=[#6;H0D2:9]=[#8;H0D1R0:11]>>[*:7]-[*:8].[*:4]-[*:10]-[*:9](=[*:11])-[*:3](=[*:6])-[*:2](-[*:1])=[*:5]	cpd00001;Any	
4.1.1_04	Any;cpd00001	[#1;D1R0:1][#8;H1D2:2][#6;H0D3:3](=[#8;H0D1R0:7])[#6:4]#[#6:5][#6:6].[#1;D1R0:8][#8;H2D2R0:9][#1;D1R0:10]>>[*:2]=[*:3]=[*:7].[*:6]-[*:5](=[*:9])-[*:4](-[*:1])(-[*:8])-[*:10]	cpd00011;Any
4.1.1_05	Any;cpd00002	[#1;D1R0:1][#8;H1D2:2][#6;H0D3:3](=[#8;H0D1R0:7])[#6;H2D4:4][#6;H0D3:5]([#6:6])=[#8;H0D1R0:8].[#8;H1D2R0:11][#15;H0D4R0:9]([#8;H1D2R0:12])(=[#8;H0D1R0:13])[#8;H0D2:10][#15;H0D4:14]>>[*:1]-[*:10]-[*:14].[*:2]=[*:3]=[*:7].[*:6]-[*:5](=[*:4])-[*:8]-[*:9](-[*:11])(-[*:12])=[*:13]	cpd00008;cpd00011;Any	KEGG also works with ITP, GTP.
4.1.1_05.rev	Any;cpd00011;cpd00008	[#6:1][#6;H0D3:2](=[#6;H2D3R0:3])[#8;H0D2:4][#15;H0D4R0:5]([#8;H1D2R0:7])([#8;H1D2R0:8])=[#8;H0D1R0:6].[#8;H0D1R0:10]=[#6;H0D2R0:9]=[#8;H0D1R0:11].[#1;D1R0:14][#8;H1D2R0:13][#15;H0D4R0:12][#8;H1D2R0:15]>>[*:15]-[*:12]-[*:13]-[*:5](-[*:7])(-[*:8])=[*:6].[*:14]-[*:11]-[*:9](=[*:10])-[*:3]-[*:2](-[*:1])=[*:4]	cpd00002;Any
4.1.1_06	Any;cpd00009	[#1;D1R0:1][#8;H1D2:2][#6;H0D3:3](=[#8;H0D1R0:7])[#6;H2D4:4][#6;H0D3:5]([#6:6])=[#8;H0D1R0:8].[#8;H1D2R0:10][#15;H0D4:9]([#8;H1D2R0:11])([#8;H1D2R0:12])=[#8;H0D1R0:13]>>[*:1]-[*:10].[*:2]=[*:3]=[*:7].[*:6]-[*:5](=[*:4])-[*:8]-[*:9](-[*:11])(-[*:12])=[*:13]	cpd00011;cpd00001;Any	
4.1.1_07	Any	[#1;D1R0:4][#8;H1D2R0:3][#6:5]([#1;D1R0:2])([#6:1])[#6:6]1=[#7;H0D3:7][#6;H0D3:8]=[#6;H0D3:9][#16:10]1>>[*:1]-[*:5](-[*:2])=[*:3].[*:4]-[*:6]-1=[*:7]-[*:8]=[*:9]-[*:10]-1	Any;Any
4.1.1_08	Any	[#1;D1R0:4][#8;H1D2R0:3][#6;H0D3R0:2](=[#8;H0D1R0:5])[#6;D3;H0,H1:1]([#6,ClH0D1AR0,#1D1AR0:6])=[#6:7]>>[*:3]=[*:2]=[*:5].[*:4]-[*:1](-[*:6])=[*:7]	cpd00011;Any	
4.1.1_09	Any	[#1;D1R0:4][#8;H1D2R0:3][#6;H0D3R0:2](=[#8;H0D1R0:5])[#6;!r3D4;H1,H2:1]([#6:7])[#6,#1D1AR0,ClH0D1AR0,FH0D1AR0,BrH0D1AR0:6]>>[*:3]=[*:2]=[*:5].[H:4]-[*:1](-[*:6])-[*:7]	cpd00011;Any
4.1.1_10	Any	[#1;D1R0:4][#8;H1D2R0:3][#6;H0D3R0:2]([#6;H0D3:1])=[#8;H0D1R0:5]>>[*:1]-[*:4].[*:3]=[*:2]=[*:5]	Any;cpd00011	
4.1.1_11	Any;cpd00010;cpd00003	[#1;D1R0:1][#8;H1D2R0:2][#6;H0D3R0:3](=[#8;H0D1R0:4])[#6;H0D3R0:5]([#8,#16,#6:7])=[#8;H0D1R0:6].[#16;H1D2R0:8][#1;D1R0:9].[#6;H1D3:13]=[#6;H1D3:12][#6;H1D3:11]=[#7;H0D3:10]>>[*:1].[*:2]=[*:3]=[*:4].[*:7]-[*:5](-[*:8])=[*:6].[*:9]-[*:13]-[*:12]=[*:11]-[N+0:10]	cpd00011;Any;cpd00004;cpd00067	
4.1.1_12	Any	[#1;D1R0:11][#8;H1D2R0:10][#6;H0D3R0:8](=[#8;H0D1R0:9])[#6:7][#6;D3;H0,H1:6]=[#6;D3;H0,H1:5][#6;D4;H0,H1AR0,H2AR0:1]([#7;R0;H2D3,H3D4:2])([#6,#1D1AR0,#7:3])[#6,#1D1AR0,#7:4]>>[*:9]=[*:8]=[*:10].[*:7]-[*:6]=[*:5]-[*:1](-[*:2])(-[*:3])-[*:4]	cpd00011;Any	
4.1.1_13	Any	[#1;D1R0:1][#8;H1D2R0:2][#6;H0D3R0:3](=[#8;H0D1R0:4])[#6;D4;H0,H1,H2AR0:5][#6;D3;H0,H1:6]=[#6;D3;H0,H1:7][#6;D4;H0,H1,H2:8][#8;D2;!r5;H0,H1AR0:9]>>[*:1]-[*:9].[*:2]=[*:3]=[*:4].[*:5]=[*:6]-[*:7]=[*:8]	Any;cpd00011;Any
4.1.1_14	Any	[#1;D1R0:1][#8;H1D2R0:2][#6;H0D3R0:3](=[#8;H0D1R0:4])[#6;H0D3R0:5]([#8,#16,#6:7])=[#8;H0D1R0:6]>>[*:2]=[*:3]=[*:4].[*:1]-[*:5](-[*:7])=[*:6]	cpd00011;Any	
4.1.2_01	Any;cpd00009	[#1;D1R0:10][#8;H1D2R0:9][#6;H1D4:5]([#6;H1D4:6]([#6:7])[#8;H1D2R0:11])[#6:4](=[#8;H0D1R0:8])[#6:3]([#1;D1R0:12])([#1;D1R0:13])[#8;H1D2R0:2][#1;D1R0:1].[#8;H1D2R0:15][#15;H0D4:14]([#8;H1D2R0:16])([#8;H1D2R0:17])=[#8;H0D1R0:18]>>[*:10]-[*:15].[*:7]-[*:6](-[*:11])-[*:5]=[*:9].[*:1]-[*:4](-[*:12])(-[*:13])-[*:3](=[*:8])-[*:2]-[*:14](-[*:16])(-[*:17])=[*:18]	cpd00001;Any;Any	
4.1.2_02	cpd00001;Any	[#1;D1R0:2][#8;H2D2R0:1][#1;D1R0:3].[#1;D1R0:14][#8;H1D2R0:12][#6;H0D3:11](=[#8;H0D1R0:13])[#6;H0D3:9](=[#8;H0D1R0:10])[#6;H1D3:8]=[#6;H1D3:7][#6;H0D3:5]([#6;D3;H0,H1:6])=[#6;D3;H0,H1:4][#6;D3;H0,H1:15]>>[*:15]-[*:4]=[*:5](-[*:6])-[*:7]=[*:1].[*:14]-[*:12]-[*:11](=[*:13])-[*:9](=[*:10])-[*:8](-[*:2])-[*:3]	Any;Any	
4.1.2_03	Any	[#1;D1R0:5][#8;H1D2R0:4][#6;D4;H0,H1,H2AR0:3]-;!@[#6;D4;H0,H1,H2AR0:1][#7;H2D3R0:2]>>[*:3]=[*:4].[*:2]-[*:1]	Any;Any	
4.1.2_04	Any	[#1;D1R0:7][#8;H1D2R0:6][#6;D4;H0,H1,H2AR0:5]-;!@[#6:4][#6;D3;H0,H1AR0:1]([#6,#1D1AR0,#16:3])=[#8;H0D1R0:2]>>[*:5]=[*:6].[*:4]-[*:1](-[*:3])=[*:2]	Any;Any	
4.1.2_05	Any	[#1;D1R0:1][#8;H1D2R0:2][#6;D4;H2AR0,H1,H0:3]-;!@[#6;D3;H0,H1AR0:4]([#6,#1D1AR0:5])=[#8;H0D1R0:6]>>[*:2]=[*:3].[*:1]-[*:4](-[*:5])=[*:6]	Any;Any	
4.1.2_06	Any;cpd00055	[#1;D1R0:1][#6;H2D4:2]([#8;H1D2R0:4])[#6:3]=[#8;H0D1R0:5].[#1;D1R0:8][#6:7]([#1;D1R0:9])=[#8;H0D1R0:6]>>[*:1]-[*:6]-[*:7](-[*:8])(-[*:9])-[*:2](-[*:4])-[*:3]=[*:5]	Any	
4.1.3_01	Any	[#8R0H1D2,#1D1:17][#6;H1D4:11]1[#6:10][#6;H1D4:9]([#8;H0D2:8]-,:[C;H0D4:13](-,:[#8;H1D2R0:20])(-,:[#6H2:12]1[H;D1R0:19])-,:[#6;H0D3:14]([#8;H1D2R0:16])=[O;H0D1R0:15])[#6;H1D4:6]([#8;H1D2R0:7])-,:[C:3]([H;D1R0:18])(-,:[#6H2:2][#8;H1D2R0:1])-,:[#8;H1D2R0:4][H;D1R0:5]>>[*:16]-[*:14](=[*:15])-[*:3](-[*:2])=[*:4].[*:7]-[*:6]-[*:13]-1-[*:8]-[*:9](-[*:20])-[*:10]-[*:11](-[*:17])-[*:12]-1-[*:1]	Any;Any	
4.1.3_02	Any	[#1;D1R0:5][#8;H1D2R0:4][#6R0:2]([#6;H1D4,H2D4:1])([#6,#1D1AR0:8])[#6:3]([#8;H1D2R0:7])=[#8;H0D1R0:6]>>[*:1].[*:7]-[*:3](=[*:6])-[*:2](-[*:8])=[*:4]	Any;Any	
4.1.3_02.rev	Any;Any	[#1;D1R0:5][#6;H2D4:4]([#6;H2D4:6][#6;H0D3R0:7]([#8;H1D2R0:9])=[#8;H0D1R0:8])[#6;H0D3R0:3]([#8;H1D2R0:1])=[#8;H0D1R0:2].[#8;H1D2R0:14][#6;H0D3R0:15](=[#8;H0D1R0:13])[#6;H0D3:11]([#1D1AR0,#6:10])=[#8;H0D1R0:12]>>[*:5]-[*:12]-[*:11](-[*:10])(-[*:4](-[*:6]-[*:7](-[*:9])=[*:8])-[*:3](-[*:1])=[*:2])-[*:15](-[*:14])=[*:13]	Any	
4.2.1_01	Any;cpd00001	[#6;H0D3:1][#6;H1D3:2]=[#6;H1D3:3][#6;H0D3:4](=[#8;H0D1R0:5])[#6;H0D3R0:6]([#8;H1D2R0:8])=[#8;H0D1R0:7].[#1;D1R0:10][#8;H2D2R0:9][#1;D1R0:11]>>[*:1]-[*:2]=[*:9].[*:10]-[*:3](-[*:11])-[*:4](=[*:5])-[*:6](-[*:8])=[*:7]	Any;Any	Covers 4.2.1.- and others
4.2.1_02	Any;cpd00001	[#1;D1R0:6][#8;H1D2R0:5][#6;D3R0;H0,H1:4]=[#6;H1D3R0:3][#6;D3R0;H1,H0:2]=[#6;D3;H2AR0,H1AR0,H0:1].[#8;H2D2R0:7][#1;D1R0:8]>>[*:6]-[*:1]-[*:2](-[*:7])-[*:3](-[*:8])-[*:4]=[*:5]	Any	Covers 4.2.1.80, 132, - and others
4.2.1_03	Any	[#1;D1R0:4][#6;H2D4R0:3]([#6;H0D4R0:1][#8;H1D2R0:2])[#6;H0D3R0:5]([#8;H1D2R0:7])=[#8;H0D1R0:6]>>[*:1]-[*:3](-[*:2])-[*:5](-[*:7])=[*:6]	Any	Covers 4.2.1.3, -33, 114 and others
4.2.1_04	Any	[#1;D1R0:5][#8;H1D2R0:4][#6;H1D4:3]([#1;D1R0:6])([#6;H0D3:1]=[#8;H0D1R0:2])[#6;H1D4:7]([#6;H0D3,H1D4:9])[#8;H1D2R0:8]>>[*:5]-[*:8].[*:7](-[*:9])-[*:3](=[*:4])-[*:1]=[*:2]	cpd00001;Any	Covers 4.2.1.5, 8, 12, 40, 81, 90, 109, - and others
4.2.1_05	Any;cpd00001	[#6;H2D4AR0,H0D3:3][#6;D3R0;H1,H0:2]=[#6;H2D3R0:1].[#8;H2D2R0:4][#1;D1R0:5]>>[*:5]-[*:1]-[*:2](-[*:3])-[*:4]	Any	Covers 4.2.1.56, 127, -  and others
4.2.1_06	Any;cpd00001	[#6;H2D4AR0,H0D3:6][#6;H2D4R0:5][#6;H1D3R0:4]=[#6;H0D3R0:2]([#6;H3D4R0:1])[#6;H3D4R0:3].[#8;H2D2R0:7][#1;D1R0:8]>>[*:6]-[*:5]-[*:4](-[*:8])-[*:2](-[*:1])(-[*:3])-[*:7]	Any	Covers 4.2.1.131, -95, -97  and others
4.2.1_07	Any	[#1;D1R0:12][#8;H1D2R0:11][#6:10]1([#1;D1R0:16])[#6:9]([#1;D1R0:20])([R0;#8H1D2,#1D1,#7H1D3:13])[#6:8]([#1;D1R0:19])([R0;#8H1D2,#1D1,#7H1D3:14])[#6:7]([#1;D1R0:17])([#8:15])[#8;H0D2:6][#6:5]1([#1;D1R0:18])[#6:2]([#1;D1R0:3])([#1;D1R0:4])[#8;H1D2R0:1]>>[*:1]-[*:12].[*:3]-[*:2](-[*:4])(-[*:16])-[*:5]-1(-[*:18])-[*:6]-[*:7](-[*:15])(-[*:17])-[*:8](-[*:14])(-[*:19])-[*:9](-[*:13])(-[*:20])-[*:10]-1=[*:11]	cpd00001;Any	
4.2.1_07.rev	cpd00001;Any	[#8;H2D2R0:1][#1;D1R0:2].[#1;D1R0:4][#6:3]([#1;D1R0:5])([#1;D1R0:16])[#6:6]1([#1;D1R0:18])[#8;H0D2:7][#6:8]([#1;D1R0:17])([#8:15])[#6:9]([#1;D1R0:19])([R0;#8H1D2,#1D1:14])[#6:10]([#1;D1R0:20])([R0;#8H1D2,#1D1:13])[#6:11]1=[#8;H0D1R0:12]>>[*:2]-[*:12]-[*:11]-1(-[*:16])-[*:10](-[*:13])(-[*:20])-[*:9](-[*:14])(-[*:19])-[*:8](-[*:15])(-[*:17])-[*:7]-[*:6]-1(-[*:18])-[*:3](-[*:1])(-[*:4])-[*:5]	Any	
4.2.1_08	Any	[#8R0H1D2,#1D1:10][#6H1:4]1[#6H1:5]([#8R0H1D2,#1D1R0:11])[#6H1:6]([#8;H1D2R0:12])[#6:1](=[O;H0D1R0:7])-,:[CH1:2]([H;D1R0:13])(-,:[#8;H1D2R0:8][H;D1R0:14])-,:[#6H1:3]1[#8R0H1D2,#1D1:9]>>[*:12]-[*:13].[*:11]-[*:5]-1-[*:4](-[*:10])-[*:3](-[*:9])-[*:2](=[*:8])-[*:1](=[*:7])-[*:6]-1-[*:14]	cpd00001;Any	
4.2.1_08.rev	Any;cpd00001	[#1;D1R0:12][#6:6]1([#1;D1R0:16])[#6:1](=[#8;H0D1R0:7])[#6:2](=[#8;H0D1R0:8])[#6:3]([#1;D1R0:13])([R0;#8H1D2,#1D1:9])[#6:4]([#1;D1R0:14])([R0;#8H1D2,#1D1:10])[#6:5]1([#1;D1R0:15])[R0;#8H1D2,#1D1:11].[#8H2D2R0:17][#1;D1R0:18]>>[*:12]-[*:8]-[*:2]-1(-[*:18])-[*:1](=[*:7])-[*:6](-[*:16])(-[*:17])-[*:5](-[*:11])(-[*:15])-[*:4](-[*:10])(-[*:14])-[*:3]-1(-[*:9])-[*:13]	Any	
4.2.1_09	Any	[#1;D1R0:1][#8;H1D2R0:2][#6:3](=[#8;H0D1R0:6])[#6:4]([#1;D1R0:10])([#8;H1D2R0:7][#1;D1R0:8])[#6:5][#8;H1D2R0:9]>>[*:8]-[*:9].[*:2]=[*:3]=[*:6].[*:5]-[*:4](-[*:10])=[*:7]	cpd00001;cpd00011;Any	
4.2.1_09.rev	Any;cpd00011;cpd00001	[#1;D1R0:1][#6:3][#6:2]([#1;D1R0:5])=[#8;H0D1R0:4].[#8;H0D1R0:6]=[#6:7]=[#8;H0D1R0:8].[#8;H2D2R0:10][#1;D1R0:9]>>[*:1]-[*:6]-[*:7](=[*:8])-[*:2](-[*:5])(-[*:4]-[*:9])-[*:3]-[*:10]	Any	
4.2.1_10	Any	[#1;D1R0:8][#8;H1D2R0:7][#6D3:4][#6:3][#6:2][#6:1][R0;#8H1D2,#7H2D3:5][#1;D1R0:6]>>[*:6]-[*:7]-[*:8].[*:1]-1-[*:2]-[*:3]-[*:4]-[*:5]-1	cpd00001;Any	
4.2.1_11	cpd00001;Any	[#1;D1R0:2][#8;H2D2R0:1][#1;D1R0:3].[#6:4]#[#6,#7:5]>>[*:2]-[*:5](-[*:3])-[*:4]=[*:1]	Any	
4.2.1_11.rev	Any	[#1;D1R0:2][#6,#7:5]([#1;D1R0:3])[#6:4]=[#8;H0D1R0:1]>>[*:4]#[*:5].[*:2]-[*:1]-[*:3]	Any;cpd00001	
4.2.1_12	cpd00001;Any	[#1;D1R0:2][#8;H2D2R0:1][#1;D1R0:3].[#6;D2;H0,H1:4]#[#7;H0D1R0:5]>>[*:2]-[*:5](-[*:3])-[*:4]=[*:1]	Any	
4.2.1_13	Any	[#1;D1R0:11][#8;H1D2R0:8][#6;D4R0;H1,H2:7]([#1;D1R0:9])([#6,#1D1AR0:10])[#6;R0:5]([#8;H1D2R0:6])[#6:1]([#1;D1R0:2])([#1;D1R0:3])[R0;#6,#1D1,#8H1D2:4]>>[*:6]-[*:9].[*:5](-[*:7](-[*:10])=[*:8])-[*:1](-[*:2])(-[*:3])-[*:4]	cpd00001;Any	
4.2.1_13.rev	Any;cpd00001	[#1;D1R0:9][#6;R0:5]([#6;D3R0;H0,H1:6]([#6,#1D1AR0:8])=[#8;H0D1R0:7])[#6:1]([#1;D1R0:2])([#1;D1R0:3])[R0;#6,#1D1,#8H1D2:4].[#8;H2D2R0:10][#1;D1R0:11]>>[*:9]-[*:7]-[*:6](-[*:8])(-[*:11])-[*:5](-[*:10])-[*:1](-[*:2])(-[*:3])-[*:4]	Any	
4.2.1_14	Any;cpd00001	[#7;H2D3R0:5][#6;H1D4R0:4]([#6;D4;H2AR0,H1AR0,H0:6]-;!@[#6;H0D3:7]1=[#6;H1D3:13][#6;H1D3:12]=[#6;H0D3:10]([#8;H1D2R0:11])[#6;H1D3:9]=[#6;H1D3:8]1)[#6;H0D3R0:2]([#8;H1D2R0:1])=[#8;H0D1R0:3].[#8;H2D2R0:14][#1;D1R0:15]>>[*:14]-[*:6]-[*:4](-[*:5])-[*:2](-[*:1])=[*:3].[*:11]-[*:10]-1=[*:12]-[*:13]=[*:7](-[*:15])-[*:8]=[*:9]-1	Any;cpd00127	
4.2.1_14.rev	Any;cpd00127	[#7;H2D3R0:5][#6;H1D4R0:4]([#6;D4;H0,H1,H2AR0:6]-;!@[#8H0D2,#16H0,#8H1AR0,#16H1AR0:7])[#6;H0D3:1]([#8;H1D2R0:3])=[#8;H0D1R0:2].[#1;D1R0:13][#6;H1D3:12][#6;H1D3:11]=[#6;H1D3:10][#6;H0D3:9][#8;H1D2R0:8]>>[*:7]-[*:13].[*:8]-[*:9]-[*:10]=[*:11]-[*:12]-[*:6]-[*:4](-[*:5])-[*:1](-[*:3])=[*:2]	Any;Any	
4.2.1_15	Any	[#1;D1R0:7][#6;D4;H1,H2,H3AR0:6][#6;D4;H1,H0:4]([#8;H1D2R0:5])[#6;H0D3R0:1]([D2R0;#16;H0,#8H1:3])=[#8;H0D1R0:2]>>[*:5]-[*:7].[*:3]-[*:1](=[*:2])-[*:4]=[*:6]	cpd00001;Any	
4.2.1_16	Any	[#1;D1R0:5][#6;D4;H1,H2:4]([#6;D4;H0,H1,H2AR0:6]-;!@[#8;D2;H1AR0,H0:7])[#6;D3;H0,H1AR0:1]([#6,#16,#1D1AR0,#8:3])=[#8;H0D1R0:2]>>[*:5]-[*:7].[*:3]-[*:1](=[*:2])-[*:4]=[*:6]	Any;Any	
4.2.1_16.rev	Any;cpd00001	[#6,#16,#8,#1D1AR0:1][#6;D3;H0,H1:2](=[#8;H0D1R0:3])[#6;D3;H0,H1:4]=[#6;D3;H0,H1,H2AR0:5].[#8;H2D2R0:6][#1;D1R0:7]>>[*:6]-[*:5]-[*:4](-[*:7])-[*:2](-[*:1])=[*:3]	Any	
4.2.1_17	Any;cpd00001	[#7;H2D3R0:4][#6;H1D4R0:3]([#6;H2D4R0:2][#16;H0D2AR0,#16H1D2AR0,SeH0D2AR0,SeH1D2AR0,#7H0D3:1])[#6;H0D3R0:5]([#8;H1D2R0:7])=[#8;H0D1R0:6].[#8;H2D2R0:8][#1;D1R0:9]>>[*:1]-[*:9].[*:8]-[*:2]-[*:3](-[*:4])-[*:5](-[*:7])=[*:6]	Any;Any	Covers 4.2.1.-22, -50 and others
4.2.1_18	Any;cpd00001	[#7;H2D3R0:5][#6;H1D4R0:4]([#6;D4;H2AR0,H1AR0,H0:6][#6;H0D3:7]1=[#6;H1D3:8][#7;H1D3:9][#6;H0D3:10]2=[#6;H0D3:15]1[#6;H1D3:14]=[#6;H1D3:13][#6;H1D3:12]=[#6;H1D3:11]2)[#6;H0D3R0:2]([#8;H1D2R0:1])=[#8;H0D1R0:3].[#8;H2D2R0:16][#1;D1R0:17]>>[*:16]-[*:6]-[*:4](-[*:5])-[*:2](-[*:1])=[*:3].[*:17]-[*:7]-1=[*:8]-[*:9]-[*:10]-2=[*:15]-1-[*:14]=[*:13]-[*:12]=[*:11]-2	Any;cpd00359	
4.2.2_01	cpd00001;Any	[#1;D1R0:2][#8;H2D2R0:1][#1;D1R0:3].[#6;D4;H0,H1,H2,H3AR0:7][#8;H0D2R0:6][#6;D4;H0,H1,H2:5][#8;H0D2:4]>>[*:3]-[*:6]-[*:7].[*:2]-[*:1]-[*:5]-[*:4]	Any;Any	Covers 4.2.1.- and others
4.2.3_01	Any	[#1;D1R0:1][#6;D4;H1,H2,H3AR0:2][#6;D3;H0,H1:3]=[#6;D3;H0,H1:4][#6;D4;H0,H1,H2:5][#8;H0D2:6][#15;H0D4:7]>>[*:1]-[*:6]-[*:7].[*:2]=[*:3]-[*:4]=[*:5]	Any;Any	
4.2.3_02	Any	[#1;D1R0:3][#6;D4;H1,H2AR0:2]([#7;H2D3R0:1])([#1D1AR0,#6:7])[#6;D4;H0,H1,H2:4][#8;H0D2:5][#15;H0D4:6]>>[*:3]-[*:5]-[*:6].[*:1]-[*:2](-[*:7])=[*:4]	Any;Any	
4.3.1_01	Any	[#1;D1R0:7][#8;H1D2R0:6][#6;D4;H1,H2AR0:5][#6;D4;H1,H2AR0:2]([#1;D1R0:4])([#7;H2D3R0:3])[#6,#1D1AR0:1]>>[*:3]-[*:7].[*:5]-[*:2](-[*:1])=[*:6]	cpd00013;Any	
4.3.1_02	Any	[#1;D1R0:3][#6;D4;H2,H1:2]([#6;a;R1:1])[#6;D4;H1,H2,H0:4][#7;H3D4AR0,H2D3AR0,H1D3,H0D3:5]>>[*:3]-[*:5].[*:1]-[*:2]=[*:4]	cpd00013;Any	
4.3.1_02.rev	Any;cpd00013	[#6;a;R1:1][#6;D3;H1,H0:2]=[#6;D3;H1,H0,H2AR0:3].[#7;R0;H3D3,H4D4:5][#1;D1R0:4]>>[*:5]-[*:3]-[*:2](-[*:1])-[*:4]	Any	
4.3.1_03	Any	[#1;D1R0:6][#6;D4;H2,H1:5]([#6;D4;H1,H2,H0:7]-;!@[#7;H3D4AR0,H2D3AR0,H1D3,H0D3:8])[#6:4]=[#6:3][#6:1]=[#8;H0D1R0:2]>>[*:6]-[*:8].[*:2]=[*:1]-[*:3]=[*:4]-[*:5]=[*:7]	Any;Any
4.3.1_03.rev	Any;cpd00013	[#6;D3!r5;H1,H0,H2AR0:6]=[#6;D3!r5;H1,H0:5][#6:4]=[#6:3][#6:1]=[#8;H0D1R0:2].[#7;R0;H3D3,H4D4:8][#1;D1R0:7]>>[*:8]-[*:6]-[*:5](-[*:7])-[*:4]=[*:3]-[*:1]=[*:2]	Any
4.3.1_04	Any	[#1;D1R0:4][#6;D4;H2,H1:3]([#6;D4;H1,H2,H0:5]-;!@[#7;H3D4AR0,H2D3AR0,H1D3,H0D3:6])[#6:1]=[#8;H0D1R0:2]>>[*:4]-[*:6].[*:2]=[*:1]-[*:3]=[*:5]	Any;Any
4.3.1_04.rev	Any;cpd00013	[#6;D3;H0,H1,H2AR0:4]=[#6;D3;H0,H1:3][#6:1]=[#8;H0D1R0:2].[#7;R0;H3D3,H4D4:6][#1;D1R0:5]>>[*:6]-[*:4]-[*:3](-[*:5])-[*:1]=[*:2]	Any	
4.3.2_01	Any	[#1;D1R0:6][#8;H1D2R0:5][#6;D4;H0,H1,H2AR0:4]-;!@[#7;H1D3:3][#6;D3;H0,H1AR0:2]=[#8;H0D1R0:1]>>[*:4]=[*:5].[*:6]-[*:3]-[*:2]=[*:1]	Any;Any
4.3.2_02	Any	[#1;D1R0:6][#8;H1D2R0:5][#6;D4;H0,H1,H2AR0:4]-;@[#7;H1D3:3][#6;D3;H0,H1AR0:2]=[#8;H0D1R0:1]>>([*:4]=[*:5].[*:6]-[*:3]-[*:2]=[*:1])	Any
4.4.1_01	Any;cpd00001	[#1;D1R0:6][#6;H1D4R0:4]([#7;H2D3R0:5])([#6;H2D4R0:3][#6;H2D4R0:2][D2R0;#16;H0,#16H1,SeH0:1])[#6;H0D3R0:7]([#8;H1D2R0:9])=[#8;H0D1R0:8].[#1;D1R0:11][#8;H2D2R0:10][#1;D1R0:12]>>[*:1]-[*:6].[*:5]-[*:11].[*:12]-[*:2]-[*:3]-[*:4](=[*:10])-[*:7](-[*:9])=[*:8]	Any;cpd00013;Any	Covers 4.4.1, 11, and others
4.4.1_02	Any;cpd00001	[#1;D1R0:5][#6;H1D4R0:3]([#7;H2D3R0:4])([#6;H2D4R0:2][#16;H0D2R0:1])[#6;H0D3R0:6]([#8;H1D2R0:8])=[#8;H0D1R0:7].[#1;D1R0:10][#8;H2D2R0:9][#1;D1R0:11]>>[*:1]-[*:10].[*:4]-[*:11].[*:5]-[*:2]-[*:3](=[*:9])-[*:6](-[*:8])=[*:7]	Any;cpd00013;Any	Covers 4.4.1, 8, 15, - and others
4.5.1_01	Any	[#1;D1R0:4][#8;H1D2R0:3][#6:2]([#1D1AR0,#6:1])[#6;D4;H0,H1,H2:5][H0D1R0;Cl,Br,F:6]>>[*:6].[*:1]-[*:2]-1-[*:3]-[#6:5]-1	Any;Any	
4.5.1_02	Any	[#1;D1R0:3][#6!r3:1]([#6,ClH0D1AR0,BrH0D1AR0,FH0D1AR0,#1D1AR0:5])([#6,ClH0D1AR0,BrH0D1AR0,FH0D1AR0,#1D1AR0:6])[#6!r3:2]([H0D1R0;Cl,Br,F:4])([#6,ClH0D1AR0,BrH0D1AR0,FH0D1AR0,#1D1AR0:7])[#6,ClH0D1AR0,BrH0D1AR0,FH0D1AR0,#1D1AR0:8]>>[*:3]-[*:4].[*:5]-[*:1](-[*:6])=[*:2](-[*:7])-[*:8]	Any;Any
4.99.1_01	Any	[#1;D1R0:5][#8;H1D2R0:4][#6;H1D3,#6H0D3,#7H0D2:2]=[#6;D3;H1,H2:1][#1;D1R0:3]>>[*:1]#[*:2].[*:3]-[*:4]-[*:5]	Any;cpd00001	
5.2.1_01	Any	[#1;D1R0:5][#6:2]([#8;H1D2R0:4])[#6:1]=[#8;H0D1R0:3]>>[*:4]-[*:1](-[*:5])-[*:2]=[*:3]	Any	
5.3.1_01	Any	[#6;H1D4:4]1[#6;H1D4:6][#6;H1D4:7]([#8;H1D2R0:8])[#6;H1D4:9][#8;H0D2:1][#6;H1D4:2]1[#8;H1D2R0:3]>>[*:3]-[*:2]-[*:4]-1-[*:1]-[*:9]-[*:7](-[*:8])-[*:6]-1	Any	Covers 5.3.1.4, 5, 6, 12, and others
5.3.1_02	Any	[#6;H2D4R0:8][#6;H1D4:1]1[#8;H0D2:9][#6;H1D4:2][C;D4:7]([H:10])([#8;H1D2R0:3][H;D1R0:4])[#6;H1D4:5]1[#8;H1D2R0:6]>>[H:10][*:2]-[*:7](=[*:3])-[*:5](-[*:6])-[*:1](-[*:8])-[*:9]-[*:4]	Any	Covers 5.3.1.6, 16, 23, 24, and others
5.3.2_01	Any	[#1;D1R0:4][#6;D4;H2,H1:3]([#6;D3;H0,H1:5]=[#6;D3;H0,H2AR0,H1:6])[#6;D3;H0,H1AR0:2]=[#8;H0D1R0:1]>>[*:4]-[*:6]-[*:5]=[*:3]-[*:2]=[*:1]	Any	
5.3.2_01.rev	Any	[#1;D1R0:6][#6;D4;H1,H2,H3:5][#6;D3;H0,H1:4]=[#6;D3;H1,H0:3][#6;D3;H0,H1:2]=[#8;H0D1R0:1]>>[*:6]-[*:3](-[*:2]=[*:1])-[*:4]=[*:5]	Any	
5.3.2_02	Any	[#1;D1R0:4][#8;H1D2R0:3][#6;D3;H0,H1,H2AR0:2]=[#6;D3;H0,H2AR0,H1:1]>>[*:4]-[*:1]-[*:2]=[*:3]	Any	
5.3.99_01	Any	[#1;D1R0:12][#8;H1D2R0:9][#6;H0D3R0:7](=[#8;H0D1R0:8])[#6;H0D4:3]1([#8;H1D2R0:10][#1;D1R0:11])[#8;H0D2:2][#6;H0D3:1][#6;H0D3:6][#6;H1D3:5]=[#6;H1D3:4]1>>[*:11]-[*:2]-[*:1]-[*:6]-[*:5]=[*:4]-[*:3](=[*:10])-[*:7](=[*:8])-[*:9]-[*:12]	Any	
5.3.99_02	Any	[#1;D1R0:12][#8;H1D2R0:9][#6;H0D3R0:7](=[#8;H0D1R0:8])[#6;H0D4:3]1([#8;H1D2R0:10][#1;D1R0:11])[#8;H0D2:2][#6;H0D3:1]=[#6;H0D3:6][#6;H1D3:5]=[#6;H1D3:4]1>>[*:11]-[*:2]-[*:1]=[*:6]-[*:5]=[*:4]-[*:3](=[*:10])-[*:7](=[*:8])-[*:9]-[*:12]	Any	
5.4.2_01	Any	[#1;D1R0:11][#8;H1D2R0:10][#6;H1D4:2]([#6:1])[#6:3](=[#8;H0D1R0:9])[#8;H0D2:4][#15;H0D4:5]([#8;H1D2R0:7])([#8;H1D2R0:8])=[#8;H0D1R0:6]>>[*:11]-[*:4]-[*:3](=[*:9])-[*:2](-[*:1])-[*:10]-[*:5](-[*:7])(-[*:8])=[*:6]	Any	
5.4.2_01.rev	Any	[#1;D1R0:11][#8;H1D2R0:4][#6:3](=[#8;H0D1R0:9])[#6;H1D4:2]([#6:1])[#8;H0D2R0:10][#15;H0D4:5]([#8;H1D2R0:7])([#8;H1D2R0:8])=[#8;H0D1R0:6]>>[*:11]-[*:10]-[*:2](-[*:1])-[*:3](=[*:9])-[*:4]-[*:5](-[*:7])(-[*:8])=[*:6]	Any	
5.4.2_02	Any	[#1;D1R0:5][#8;H1D2R0:4][#6;H2D4:3][#6;H1D4:2]([#6:1])[#8;H0D2:6][#15;H0D4:7]([#8;H1D2R0:8])([#8;H1D2R0:9])=[#8;H0D1R0:10]>>[*:5]-[*:6]-[*:2](-[*:1])-[*:3]-[*:4]-[*:7](-[*:8])(-[*:9])=[*:10]	Any	
