id,model_name,modelseed_name,modelseed_id,SMILES,inchikey,mass,formula
0,3-phospho-hydroxypyruvate,3-Phosphonooxypyruvate,cpd02069,O=C(O)C(=O)COP(=O)(O)O,LFLUCDOSQPJJBE-UHFFFAOYSA-K,180.95545977373,C3H2O7P-3
1,methylisocitrate,Methylisocitrate,cpd02799,CC(O)(C(=O)O)C(CC(=O)O)C(=O)O,HHKPKXCSHMJWCF-WVBDSBKLSA-K,203.02082330373003,C7H7O7-3
2,2-methyl-cis-aconitate,cis-2-Methylaconitate,cpd02597,CC(C(=O)O)=C(CC(=O)O)C(=O)O,NUZLRKBHOBPTQV-ARJAWSKDSA-K,185.01025861973002,C7H5O6-3
3,udp-n-acetyl-d-glucosamine,UDP-N-acetylglucosamine,cpd00037,CC(O)=NC1C(OP(=O)(O)OP(=O)(O)OCC2OC(n3ccc(O)nc3=O)C(O)C2O)OC(CO)C(O)C1O,LFTYTUAZOPRMMI-CFRASDGPSA-L,607.081569664,C17H27N3O17P2
4,glucono-delta-lactone,Gluconolactone,cpd00170,O=C1OC(CO)C(O)C(O)C1O,PHOQVHQSTUBQQK-SQOUGZDYSA-N,178.04773804,C6H10O6
5,udp-d-glucose,UDP-glucose,cpd00026,O=c1nc(O)ccn1C1OC(COP(=O)(O)OP(=O)(O)OC2OC(CO)C(O)C(O)C2O)C(O)C1O,HSCJRCZFDFQWRP-JZMIEXBBSA-L,566.0550205679998,C15H24N2O17P2
6,homocysteine,Homocysteine,cpd00135,NC(CCS)C(=O)O,FFFHZYDWPBMWHY-VKHMYHEASA-N,135.035399528,C4H9NO2S
7,n-acetylglutamyl-phosphate,n-acetylglutamyl-phosphate,cpd02552,CC(O)=NC(CCC(=O)OP(=O)(O)O)C(=O)O,FCVIHFVSXHOPSW-YFKPBYRVSA-K,266.00822361773004,C7H9NO8P-3
8,dethiobiotin,Dethiobiotin,cpd01311,CC1N=C(O)NC1CCCCCC(=O)O,AUTOLBMXDDTRRT-UHFFFAOYSA-M,213.12446598391,C10H17N2O3-
9,s-adenosyl-homocysteine,S-Adenosyl-homocysteine,cpd00019,Nc1ncnc2c1ncn2C1OC(CSCCC(N)C(=O)O)C(O)C1O,ZJUKTBDSGOFHSH-WFMPWKQPSA-N,384.1215887399999,C14H20N6O5S
10,udp-galactose,UDP-galactose,cpd00043,O=c1nc(O)ccn1C1OC(COP(=O)(O)OP(=O)(O)OC2OC(CO)C(O)C(O)C2O)C(O)C1O,HSCJRCZFDFQWRP-LNYDKVEPSA-L,564.0404676638198,C15H22N2O17P2-2
11,9-carboxynonanoyl-coa,9-carboxynonanoyl-coa,cpd16607,CC(C)(COP(=O)(O)OP(=O)(O)OCC1OC(n2cnc3c(N)ncnc32)C(O)C1OP(=O)(O)O)C(O)C(O)=NCCC(O)=NCCSC(=O)CCCCCCCCC(=O)O,JZXNELIZHJCEFA-UHFFFAOYSA-N,0.0,
12,o-phospho-l-homoserine,O-Phospho-L-homoserine,cpd00809,NC(CCOP(=O)(O)O)C(=O)O,FXDNYOANAXWZHG-VKHMYHEASA-L,197.01002076582,C4H8NO6P-2
13,l-valine,L-Valine,cpd00156,CC(C)C(N)C(=O)O,KZSNJWFQEVHDMF-BYPYZUCNSA-N,117.078978592,C5H11NO2
14,4-amino-5-hydroxymethyl-2-methylpyrimidine-phosphate,,,Cc1nc(=N)c(COP(=O)(O)O)c[nH]1,,217.02633952582,C6H8N3O4P-2
15,phenyl sulfate,Arylsulfate,cpd01471,O=S(=O)(O)Oc1ccccc1,CTYRPMDGLDAWRQ-UHFFFAOYSA-M,172.99140321991,C6H5O4S-
16,10-FORMYL-THF,10-Formyltetrahydrofolate,cpd00201,N=c1nc(O)c2c([nH]1)NCC(CN(C=O)c1ccc(C(=O)NC(CCC(=O)O)C(=O)O)cc1)N2,AUFGTPPARQZWDO-YPMHNXCESA-L,473.16589607599997,C20H23N7O7
17,cmp-3-deoxy-d-manno-octulosonate,CMP-KDO,cpd02546,N=c1ccn(C2OC(COP(=O)(O)OC3(C(=O)O)CC(O)C(O)C(C(O)CO)O3)C(O)C2O)c(O)n1,YWWJKULNWGRYAS-XKKDATLGSA-L,543.1101537619999,C17H26N3O15P
18,l-gamma-glutamylcysteine,gamma-Glutamylcysteine,cpd00506,NC(CCC(O)=NC(CS)C(=O)O)C(=O)O,RITKHVBHSGLULN-WHFBIAKZSA-M,250.062342548,C8H14N2O5S
19,prpp,PRPP,cpd00103,O=P(O)(O)OCC1OC(OP(=O)(O)OP(=O)(O)O)C(O)C1O,PQGCEDQWHSBAJP-TXICZTDVSA-J,385.9227091776399,C5H9O14P3-4
20,decanoyl-coa,Decanoyl-CoA,cpd03128,CCCCCCCCCC(=O)SCCN=C(O)CCN=C(O)C(O)C(C)(C)COP(=O)(O)OP(=O)(O)OCC1OC(n2cnc3c(N)ncnc32)C(O)C1OP(=O)(O)O,CNKJPHSEFDPYDB-HSJNEKGZSA-J,917.2218683496399,C31H50N7O17P3S-4
21,5-keto-4-deoxy-d-glucarate,5-Dehydro-4-deoxy-D-glucarate,cpd00515,O=C(O)C(=O)CC(O)C(O)C(=O)O,QUURPCHWPQNNGL-ZAFYKAAXSA-L,190.01244969182,C6H6O7-2
22,d-erythro-imidazole-glycerol-phosphate,D-erythro-imidazol-glycerol-phosphate,cpd02843,O=P(O)(O)OCC(O)C(O)c1c[nH]cn1,HFYBTHCYPKEDQQ-RITPCOANSA-L,236.02091979782,C6H9N2O6P-2
23,biotin,BIOT,cpd00104,O=C(O)CCCCC1SCC2N=C(O)NC21,YBJHBAHKTGYVGT-ZKWXMUAHSA-M,243.08088691991,C10H15N2O3S-
24,hypoxanthine,HYXN,cpd00226,Oc1nc[nH]c2ncnc1-2,FDGQSTZJBFJUBT-UHFFFAOYSA-N,136.038510748,C5H4N4O
25,s-adenosyl-4-methylthio-2-oxobutanoate,S-Adenosyl-4-methylthio-2-oxobutanoate,cpd02701,C[S+](CCC(=O)C(=O)O)CC1OC(n2cnc3c(N)ncnc32)C(O)C1O,UOKVQQMBGVMXPU-CJPDYEHRSA-N,397.105604328,C15H19N5O6S
26,riboflavin,Riboflavin,cpd00220,Cc1cc2nc3c(O)nc(=O)nc-3n(CC(O)C(O)C(O)CO)c2cc1C,AUNGANRZJHBGPY-SCRDCRAPSA-M,375.13100790791,C17H19N4O6-
27,hydroxypyruvate,Hydroxypyruvate,cpd00145,O=C(O)C(=O)CO,HHDDCCUIIUWNGJ-UHFFFAOYSA-M,103.00368215591,C3H3O4-
28,salicylaldehyde,Salicylaldehyde,cpd03709,O=Cc1ccccc1O,SMQUZDBALVYZAC-UHFFFAOYSA-N,122.036779432,C7H6O2
29,"2-carboxy-2,5-dihydro-5-oxofuran-2-acetate",4-Carboxymuconolactone,cpd00938,O=C(O)CC1(C(=O)O)C=CC(=O)O1,DHCUIDTZCMREHG-ZETCQYMHSA-L,184.00188500782002,C7H4O6-2
30,"3,4-dihydroxyphenylpropionate",Dihydrocaffeic acid,cpd07333,O=C(O)CCc1ccc(O)c(O)c1,DZAUWHJDUNRCTF-UHFFFAOYSA-M,181.05063234791,C9H9O4-
31,dihydrosirohydrochlorin,Precorrin 2,cpd01620,CC1(CC(=O)O)C2=Cc3[nH]c(c(CCC(=O)O)c3CC(=O)O)Cc3[nH]c(c(CC(=O)O)c3CCC(=O)O)C=C3N=C(C=C(N2)C1CCC(=O)O)C(C)(CC(=O)O)C3CCC(=O)O,OQIIYZQTTMKFAU-ZNLOQLQNSA-G,864.306531456,C42H48N4O16
32,"fructose-1,6-bisphosphate","D-fructose-1,6-bisphosphate",cpd00290,O=P(O)(O)OCC1OC(O)(COP(=O)(O)O)C(O)C1O,RNBGYGVWRKECFJ-VRPWFDPXSA-J,335.96694333963995,C6H10O12P2-4
33,dcdp,dCDP,cpd00533,N=c1ccn(C2CC(O)C(COP(=O)(O)OP(=O)(O)O)O2)c(O)n1,FTDHDKPUHBLBTL-SHYZEUOFSA-L,385.00871403581993,C9H13N3O10P2-2
34,"p(1),p(4)-bis(5'-adenosyl)tetraphosphate",AppppA,cpd00924,Nc1ncnc2c1ncn2C1OC(COP(=O)(O)OP(=O)(O)OP(=O)(O)OP(=O)(O)OCC2OC(n3cnc4c(N)ncnc43)C(O)C2O)C(O)C1O,YOAHKNVSNCMZGQ-XPWFQUROSA-J,832.0191593876398,C20H24N10O19P4-4
35,tetrahydrodipicolinate,tetrahydrodipicolinate,cpd02465,O=C(O)C1=NC(C(=O)O)CCC1,CXMBCXQHOXUCEO-BYPYZUCNSA-L,169.03860486382,C7H7NO4-2
36,vanillin,Vanillin,cpd00561,COc1cc(C=O)ccc1O,MWOOGOJBHIARFG-UHFFFAOYSA-N,152.047344116,C8H8O3
37,demethylmenaquinone,2-Demethylmenaquinone 8,cpd15352,CC(C)=CCCC(C)=CCCC(C)=CCCC(C)=CCCC(C)=CCCC(C)=CCCC(C)=CCCC(C)=CCC1=CC(=O)c2ccccc2C1=O,GDUBPWSFXUAETN-AENDIINCSA-N,702.5375814800001,C50H70O2
38,ctp,CTP,cpd00052,N=c1ccn(C2OC(COP(=O)(O)OP(=O)(O)OP(=O)(O)O)C(O)C2O)c(O)n1,PCDQPRRSZKQHHS-XVFCMESISA-K,479.96268272572985,C9H13N3O14P3-3
39,so42-,Sulfate,cpd00048,O=S(=O)(O)O,QAOWNCQODCNURD-UHFFFAOYSA-L,95.95282663982002,O4S-2
40,glycine,Glycine,cpd00033,NCC(=O)O,DHMQDGOQFOQNFH-UHFFFAOYSA-N,75.0320284,C2H5NO2
41,trans-hex-2-enoyl-coa,(2E)-Hexenoyl-CoA,cpd03125,CCCC=CC(=O)SCCN=C(O)CCN=C(O)C(O)C(C)(C)COP(=O)(O)OP(=O)(O)OCC1OC(n2cnc3c(N)ncnc32)C(O)C1OP(=O)(O)O,OINXHIBNZUUIMR-IXUYQXAASA-J,863.1727238379999,C27H44N7O17P3S
42,cis-hexadec-7-enoyl-coa,cis-hexadec-7-enoyl-coa,cpd16627,CCCCCCCCC=CCCCCCC(=O)SCCN=C(O)CCN=C(O)C(O)C(C)(C)COP(=O)(O)OP(=O)(O)OCC1OC(n2cnc3c(N)ncnc32)C(O)C1OP(=O)(O)O,,0.0,
43,xylulose-5-phosphate,D-Ribulose5-phosphate,cpd00171,O=C(CO)C(O)C(O)COP(=O)(O)O,FNZLKVNUWIIPSJ-UHNVWZDZSA-L,228.00460103782,C5H9O8P-2
44,trans-feruloyl-coa,Feruloyl-CoA,cpd00321,COc1cc(C=CC(=O)SCCN=C(O)CCN=C(O)C(O)C(C)(C)COP(=O)(O)OP(=O)(O)OCC2OC(n3cnc4c(N)ncnc43)C(O)C2OP(=O)(O)O)ccc1O,GBXZVJQQDAJGSO-NBXNMEGSSA-J,943.162553078,C31H44N7O19P3S
45,"l-2,4-diaminobutanoate","L-2,4-Diaminobutyrate",cpd02095,NCCC(N)C(=O)O,OGNSCSPNOLGXSM-VKHMYHEASA-O,119.08150401209001,C4H11N2O2+
46,1-octanal,1-Octanal,cpd01088,CCCCCCCC=O,NUJGJRNETVAIRJ-UHFFFAOYSA-N,128.120115132,C8H16O
47,2-methylcitrate,2-Methylcitrate,cpd01501,CC(C(=O)O)C(O)(CC(=O)O)C(=O)O,YNOXCRMFGMSKIJ-WVBDSBKLSA-K,203.02082330373003,C7H7O7-3
48,2-oxobutanoate,2-Oxobutyrate,cpd00094,CCC(=O)C(=O)O,TYEYBOSBBBHJIV-UHFFFAOYSA-M,101.02441759991001,C4H5O3-
49,ribose,Xylose,cpd00154,OC1COC(O)C(O)C1O,SRBFZHDQGSBBOR-IOVATXLUSA-N,150.05282342,C5H10O5
50,o2,O2,cpd00007,O=O,MYMOFIZGZYHOMD-UHFFFAOYSA-N,31.98982924,O2
51,8-amino-7-oxononanoate,8-Amino-7-oxononanoate,cpd00800,CC(N)C(=O)CCCCCC(=O)O,GUAHPAJOXVYFON-UHFFFAOYSA-N,187.120843404,C9H17NO3
52,datp,dATP,cpd00115,Nc1ncnc2c1ncn2C1CC(O)C(COP(=O)(O)OP(=O)(O)OP(=O)(O)O)O1,SUYVUBYJARFZHO-RRKCRQDMSA-K,487.9790014857298,C10H13N5O12P3-3
53,3-phospho-d-glyceroyl-phosphate,"1,3-Bisphospho-D-glycerate",cpd00203,O=C(OP(=O)(O)O)C(O)COP(=O)(O)O,LJQLQCAXBUHEAZ-UWTATZPHSA-J,261.93016390764,C3H4O10P2-4
54,butanoyl-coa,Butyryl-CoA,cpd00120,CCCC(=O)SCCN=C(O)CCN=C(O)C(O)C(C)(C)COP(=O)(O)OP(=O)(O)OCC1OC(n2cnc3c(N)ncnc32)C(O)C1OP(=O)(O)O,CRFNGMNYKDXRTN-HDRJHVAISA-J,837.1570737739999,C25H42N7O17P3S
55,3-phospho-serine,phosphoserine,cpd00738,NC(COP(=O)(O)O)C(=O)O,BZQFBWGGLXLEPQ-REOHCLBHSA-L,182.99437070182,C3H6NO6P-2
56,l-histidine,L-Histidine,cpd00119,NC(Cc1c[nH]cn1)C(=O)O,HNDVDQJCIGZPNO-YFKPBYRVSA-N,155.069476528,C6H9N3O2
57,dimethylallyl-pyrophosphate,DMAPP,cpd00202,CC(C)=CCOP(=O)(O)OP(=O)(O)O,CBIDRCWHNCKSTO-UHFFFAOYSA-L,243.99127307982,C5H10O7P2-2
58,gdp-mannuronate,GDP-D-mannuronate,cpd00719,N=c1nc(O)c2ncn(C3OC(COP(=O)(O)OP(=O)(O)OC4C(O)C(O)OC(C(=O)O)C4O)C(O)C3O)c2[nH]1,DNBSDUDYNPJVCN-LTDTZPPRSA-K,619.0564175359998,C16H23N5O17P2
59,phosphoenolpyruvate,Phosphoenolpyruvate,cpd00061,C=C(OP(=O)(O)O)C(=O)O,DTBNBXWJWCWCIK-UHFFFAOYSA-K,164.96054515373004,C3H2O6P-3
60,quinate,Quinate,cpd00248,O=C(O)C1(O)CC(O)C(O)C(O)C1,AAWZDTNXLSGCEK-WYWMIBKRSA-M,191.05611165191,C7H11O6-
61,3-ketoadipyl-coa,3-Oxoadipyl-CoA,cpd01507,CC(C)(COP(=O)(O)OP(=O)(O)OCC1OC(n2cnc3c(N)ncnc32)C(O)C1OP(=O)(O)O)C(O)C(O)=NCCC(O)=NCCSC(=O)CC(=O)CCC(=O)O,VKKKAAPGXHWXOO-BIEWRJSYSA-I,904.10543537355,C27H37N7O20P3S-5
62,cis-octadec-9-enoyl-coa,cis-octadec-9-enoyl-coa,cpd16638,CCCCCCCCC=CCCCCCCCC(=O)SCCN=C(O)CCN=C(O)C(O)C(C)(C)COP(=O)(O)OP(=O)(O)OCC1OC(n2cnc3c(N)ncnc32)C(O)C1OP(=O)(O)O,XDUHQPOXLUAVEE-BPMMELMSSA-J,1027.33141879764,C39H64N7O17P3S-4
63,trans-dec-2-enoyl-coa,(2E)-Decenoyl-CoA,cpd03129,CCCCCCCC=CC(=O)SCCN=C(O)CCN=C(O)C(O)C(C)(C)COP(=O)(O)OP(=O)(O)OCC1OC(n2cnc3c(N)ncnc32)C(O)C1OP(=O)(O)O,MGNBGCRQQFMNBM-YJHHLLFWSA-J,919.235324094,C31H52N7O17P3S
64,protocatechualdehyde,Protocatechualdehyde,cpd16507,O=Cc1ccc(O)c(O)c1,IBGBGRVKPALMCQ-UHFFFAOYSA-N,138.031694052,C7H6O3
65,3-phosphoglycerate,3-Phosphoglycerate,cpd00169,O=C(O)C(O)COP(=O)(O)O,OSJPPGNTCRNQQC-UWTATZPHSA-K,182.97110983773,C3H4O7P-3
66,urate,Urate,cpd00300,Oc1nc(O)c2[nH]c(O)nc2n1,LEHOTFFKMJEONL-UHFFFAOYSA-N,168.028339988,C5H4N4O3
67,phenylpyruvate,Phenylpyruvate,cpd00143,O=C(O)C(=O)Cc1ccccc1,BTNMPGBKDVTSJY-UHFFFAOYSA-M,163.04006766390998,C9H7O3-
68,h2o2,H2O2,cpd00025,OO,MHAJPDPJQMAIIY-UHFFFAOYSA-N,34.005479304,H2O2
69,ribose-5-phosphate,D-Arabinose5-phosphate,cpd00817,O=CC(O)C(O)C(O)COP(=O)(O)O,PPQRONHOSHZGFQ-WDCZJNDASA-L,228.00460103782,C5H9O8P-2
70,lipid iv(a),Lipid IV(A),cpd02993,CCCCCCCCCCCC(O)CC(=O)OC1C(O)C(COC2OC(CO)C(OP(=O)(O)O)C(OC(=O)CC(O)CCCCCCCCCCC)C2N=C(O)CC(O)CCCCCCCCCCC)OC(OP(=O)(O)O)C1N=C(O)CC(O)CCCCCCCCCCC,KVJWZTLXIROHIL-QDORLFPLSA-J,1400.8248558716396,C68H126N2O23P2-4
71,udp,UDP,cpd00014,O=c1nc(O)ccn1C1OC(COP(=O)(O)OP(=O)(O)O)C(O)C1O,XCCTYIAWTASOJW-XVFCMESISA-L,401.9876442438199,C9H12N2O12P2-2
72,deoxycytidine,Deoxycytidine,cpd00654,N=c1ccn(C2CC(O)C(CO)O2)c(O)n1,CKTSBUTUHBMZGZ-SHYZEUOFSA-N,227.090605896,C9H13N3O4
73,thiamine-phosphate,Thiamine phosphate,cpd00793,Cc1nc(=N)c(C[n+]2csc(CCOP(=O)(O)O)c2C)c[nH]1,HZSAJDVWZRBGIF-UHFFFAOYSA-N,345.07808910609003,C12H18N4O4PS+
74,formaldehyde,Formaldehyde,cpd00055,C=O,WSFSSNUMVMOOMR-UHFFFAOYSA-N,30.010564684,CH2O
75,2-octaprenyl-6-methoxyphenol,2-Octaprenyl-6-methoxyphenol,cpd03446,COc1cccc(CC=C(C)CCC=C(C)CCC=C(C)CCC=C(C)CCC=C(C)CCC=C(C)CCC=C(C)CCC=C(C)C)c1O,MARGKPIMNMASKJ-CMAXTTDKSA-N,668.553231544,C47H72O2
76,fructose-1-phosphate,L-Sorbose 1P,cpd01850,O=C(COP(=O)(O)O)C(O)C(O)C(O)CO,ZKLLSNQJRLJIGT-OTWZMJIISA-L,258.01516572182004,C6H11O9P-2
77,pantetheine 4'-phosphate,,,CC(C)(COP(=O)(O)O)C(O)C(O)=NCCC(O)=NCCS,JDMUPRLRUUMCTL-VIFPVBQESA-L,358.096358706,C11H23N2O7PS
78,trehalose,TRHL,cpd00794,OCC1OC(OC2OC(CO)C(O)C(O)C2O)C(O)C(O)C1O,HDTRYLNUVZCQOY-LIZSDCNHSA-N,342.11621152399994,C12H22O11
79,methylglyoxal,2-Oxopropanal,cpd00428,CC(=O)C=O,AIJULSRZWUXGPQ-UHFFFAOYSA-N,72.021129368,C3H4O2
80,3-hydroxyoctadecanoyl-coa,3-Hydroxystearoyl-CoA,cpd14936,CCCCCCCCCCCCCCCC(O)CC(=O)SCCN=C(O)CCN=C(O)C(O)C(C)(C)COP(=O)(O)OP(=O)(O)OCC1OC(n2cnc3c(N)ncnc32)C(O)C1OP(=O)(O)O,WZMAIEGYXCOYSH-FWBOWLIOSA-J,1049.37108929,C39H70N7O18P3S
81,4'-phosphopantothenate,Phosphopantetheine,cpd00834,CC(C)(COP(=O)(O)O)C(O)C(O)=NCCC(=O)O,,299.07700316599994,C9H18NO8P
82,propionate,Propionate,cpd00141,CCC(=O)O,XBDQKXXYIPTUBI-UHFFFAOYSA-M,73.02950297991,C3H5O2-
83,hexadecanoyl-coa,Palmitoyl-CoA,cpd00134,CCCCCCCCCCCCCCCC(=O)SCCN=C(O)CCN=C(O)C(O)C(C)(C)COP(=O)(O)OP(=O)(O)OCC1OC(n2cnc3c(N)ncnc32)C(O)C1OP(=O)(O)O,MNBKLUUYKPBKDU-BBECNAHFSA-J,1005.3448745420002,C37H66N7O17P3S
84,adenosine,Adenosine,cpd00182,Nc1ncnc2c1ncn2C1OC(CO)C(O)C1O,OIRDTQYFTABQOQ-KQYNXXCUSA-N,267.096753896,C10H13N5O4
85,NICOTINAMIDE_NUCLEOTIDE,Nicotinamide ribonucleotide,cpd00355,N=C(O)c1ccc[n+](C2OC(COP(=O)(O)O)C(O)C2O)c1,DAYLJWODMCOQEW-TURQNECASA-M,334.05660207,C11H15N2O8P
86,urocanate,Urocanate,cpd00581,O=C(O)C=Cc1c[nH]cn1,LOIYMIARKYCTBW-OWOJBTEDSA-M,137.03565097991,C6H5N2O2-
87,5-phosphoribosylamine,5-Phosphoribosylamine,cpd01982,NC1OC(COP(=O)(O)O)C(O)C1O,SKCBPEVYGOQGJN-TXICZTDVSA-M,228.02786190191,C5H11NO7P-
88,glycolaldehyde,Glycolaldehyde,cpd00229,O=CCO,WGCNASOHLSPBMP-UHFFFAOYSA-N,60.021129368000004,C2H4O2
89,iminoaspartate,Iminoaspartate,cpd03470,N=C(CC(=O)O)C(=O)O,NMUOATVLLQEYHI-UHFFFAOYSA-M,130.01458118791,C4H4NO4-
90,p-hydroxybenzoate,4-Hydroxybenzoate,cpd00136,O=C(O)c1ccc(O)cc1,FJKROLUGYXJWQN-UHFFFAOYSA-M,137.02441759991,C7H5O3-
91,acetaldehyde,Acetaldehyde,cpd00071,CC=O,IKHGUXGNUITLKF-UHFFFAOYSA-N,44.026214748,C2H4O
92,octanol,1-Octanol,cpd00562,CCCCCCCCO,KBPLFHHGFOOTCA-UHFFFAOYSA-N,130.135765196,C8H18O
93,allantoate,Allantoate,cpd00388,N=C(O)NC(NC(=N)O)C(=O)O,NUCLJNSWZCHRKL-UHFFFAOYSA-M,175.04727828391,C4H7N4O4-
94,shikimate,Shikimate,cpd00383,O=C(O)C1=CC(O)C(O)C(O)C1,JXOHGGNKMLTUBP-HSUXUTPPSA-M,173.04554696791,C7H9O5-
95,ethanol,Ethanol,cpd00363,CCO,LFQSCWFLJHTTHZ-UHFFFAOYSA-N,46.041864812,C2H6O
96,l-tyrosine,L-Tyrosine,cpd00069,NC(Cc1ccc(O)cc1)C(=O)O,OUYCCCASQSFEME-QMMMGPOBSA-N,181.073893212,C9H11NO3
97,niacinamide,Nicotinamide,cpd00133,N=C(O)c1cccnc1,DFPAKSUCGFBDDF-UHFFFAOYSA-N,122.048012812,C6H6N2O
98,catechol,Catechol,cpd00077,Oc1ccccc1O,YCIMNLLNPGFGHC-UHFFFAOYSA-N,110.036779432,C6H6O2
99,"2,3-butanediol",BDOH,cpd01947,CC(O)C(C)O,OWBTYPJTUOEWEK-QWWZWVQMSA-N,90.06807956,C4H10O2
100,shikimate-3-phosphate,3-phosphoshikimate,cpd02030,O=C(O)C1=CC(OP(=O)(O)O)C(O)C(O)C1,QYOJSKGCWNAKGW-PBXRRBTRSA-K,250.99732458573,C7H8O8P-3
101,d-glucarate,Glucarate,cpd00571,O=C(O)C(O)C(O)C(O)C(O)C(=O)O,DSLZVSRJTYRBFB-LLEIAEIESA-L,208.02301437582,C6H8O8-2
102,acetylphosphate,Acetylphosphate,cpd00196,CC(=O)OP(=O)(O)O,LIPOUNRJVLNBCD-UHFFFAOYSA-L,137.97290698582,C2H3O5P-2
103,dutp,dUTP,cpd00358,O=c1nc(O)ccn1C1CC(O)C(COP(=O)(O)OP(=O)(O)OP(=O)(O)O)O1,AHCYMLUZIRLXAA-SHYZEUOFSA-K,464.95178369372985,C9H12N2O14P3-3
104,udp-n-acetylmuramoyl-l-alanyl-d-glutamate,UDP-N-acetylmuramoyl-L-alanyl-D-glutamate,cpd00525,CC(O)=NC1C(OP(=O)(O)OP(=O)(O)OCC2OC(n3ccc(O)nc3=O)C(O)C2O)OC(CO)C(O)C1OC(C)C(O)=NC(C)C(O)=NC(CCC(=O)O)C(=O)O,OJZCATPXPWFLHF-HPUCEMLMSA-J,875.15330008764,C28H39N5O23P2-4
105,"2,3-dihydroxy-3-methylvalerate","2,3-Dihydroxy-3-methylvalerate",cpd02535,CCC(C)(O)C(O)C(=O)O,PDGXJDXVGMHUIR-UJURSFKZSA-M,147.06628241191,C6H11O4-
106,d-glucosamine-6-phosphate,D-Glucosamine phosphate,cpd00288,NC1C(O)OC(COP(=O)(O)O)C(O)C1O,XHMJOUIAFHJHBW-IVMDWMLBSA-M,258.03842658591003,C6H13NO8P-
107,4-amino-4-deoxychorismate,ADC,cpd08210,C=C(OC1C=C(C(=O)O)C=CC1N)C(=O)O,OIUJHGOLFKDBSU-HTQZYQBOSA-M,224.05644599991,C10H10NO5-
108,3-hydroxypimeloyl-coa,3-Hydroxypimelyl-CoA,cpd04103,CC(C)(COP(=O)(O)OP(=O)(O)OCC1OC(n2cnc3c(N)ncnc32)C(O)C1OP(=O)(O)O)C(O)C(O)=NCCC(O)=NCCSC(=O)CC(O)CCCC(=O)O,VGEBXBQECGWCRH-JXUSAFQPSA-I,925.1731177620003,C28H46N7O20P3S
109,tricarballylate,tricarballylate,cpd16654,O=C(O)CC(CC(=O)O)C(=O)O,KQTIIICEAUMSDG-UHFFFAOYSA-K,173.01025861973002,C6H5O6-3
110,2-keto-3-deoxy-6-phospho-gluconate,2-Dehydro-3-deoxy-D-galactonate 6-phosphate,cpd00945,O=C(O)C(=O)CC(O)C(O)COP(=O)(O)O,OVPRPPOVAXRCED-NQXXGFSBSA-K,254.99223920573,C6H8O9P-3
111,"3,4-dihydroxy-2-butanone-4-p",3-4-dihydroxy-2-butanone4-phosphate,cpd11225,CC(=O)C(O)COP(=O)(O)O,OKYHYXLCTGGOLM-SCSAIBSYSA-L,181.99912173382,C4H7O6P-2
112,utp,UTP,cpd00062,O=c1nc(O)ccn1C1OC(COP(=O)(O)OP(=O)(O)OP(=O)(O)O)C(O)C1O,PGAVKCOVUIYSFO-XVFCMESISA-K,480.9466983137298,C9H12N2O15P3-3
113,malate,L-Malate,cpd00130,O=C(O)CC(O)C(=O)O,BJEPYKJPYRNKOW-REOHCLBHSA-L,132.00697038782002,C4H4O5-2
114,delta3-isopentenyl-pp,Isopentenyldiphosphate,cpd00113,C=C(C)CCOP(=O)(O)OP(=O)(O)O,NUHSROFQTUXZQQ-UHFFFAOYSA-L,243.99127307982,C5H10O7P2-2
115,3-oxooctanoyl-coa,3-Oxooctanoyl-CoA,cpd03121,CCCCCC(=O)CC(=O)SCCN=C(O)CCN=C(O)C(O)C(C)(C)COP(=O)(O)OP(=O)(O)OCC1OC(n2cnc3c(N)ncnc32)C(O)C1OP(=O)(O)O,WPIVBCGRGVNDDT-CECATXLMSA-J,903.1698327776397,C29H44N7O18P3S-4
116,phosphoribosylformiminoaicar-phosphate,phosphoribosylformiminoaicar-phosphate,cpd02979,NC(=O)c1ncn(C2OC(COP(=O)(O)O)C(O)C2O)c1N=CNC1OC(COP(=O)(O)O)C(O)C1O,QOUSHGMTBIIAHR-KEOHHSTQSA-J,573.05313255164,C15H21N5O15P2-4
117,"2,3-dihydroxybenzoate","2,3-Dihydroxybenzoate",cpd00168,O=C(O)c1cccc(O)c1O,GLDQAMYCGOIJDV-UHFFFAOYSA-M,153.01933221991,C7H5O4-
118,hexanoyl-coa,Hexanoyl-CoA,cpd03124,CCCCCC(=O)SCCN=C(O)CCN=C(O)C(O)C(C)(C)COP(=O)(O)OP(=O)(O)OCC1OC(n2cnc3c(N)ncnc32)C(O)C1OP(=O)(O)O,OEXFMSFODMQEPE-HDRQGHTBSA-J,861.1592680936398,C27H42N7O17P3S-4
119,s-d-ribosyl-l-homocysteine,S-Ribosylhomocysteine,cpd02227,NC(CCSCC1OC(O)C(O)C1O)C(=O)O,IQFWYNFDWRYSRA-OEQWSMLSSA-N,267.07765826400004,C9H17NO6S
120,"2-c-methyl-d-erythritol-2,4-cyclodiphosphate",2-C-methyl-D-erythritol2-4-cyclodiphosphate,cpd08301,CC1(CO)OP(=O)(O)OP(=O)(O)OCC1O,SFRQRNJMIIUYDI-UHNVWZDZSA-L,275.98110231982,C5H10O9P2-2
121,l-aspartyl-4-p,4-Phospho-L-aspartate,cpd01977,NC(CC(=O)OP(=O)(O)O)C(=O)O,IXZNKTPIYKDIGG-REOHCLBHSA-L,210.98928532182,C4H6NO7P-2
122,atp,ATP,cpd00002,Nc1ncnc2c1ncn2C1OC(COP(=O)(O)OP(=O)(O)OP(=O)(O)O)C(O)C1O,ZKHQWZAMYRWXGA-KQYNXXCUSA-K,503.9739161057298,C10H13N5O13P3-3
123,thymidine,Thymidine,cpd00184,Cc1cn(C2CC(O)C(CO)O2)c(=O)nc1O,IQFYYKKMVGJFEH-XLPZGREQSA-N,242.090271548,C10H14N2O5
124,pentanoate,Valerate,cpd00597,CCCCC(=O)O,NQPDZGIKBAWPEJ-UHFFFAOYSA-M,101.06080310791,C5H9O2-
125,"2,3-dihydrodipicolinate",Dihydrodipicolinate,cpd02120,O=C(O)C1=NC(C(=O)O)CC=C1,UWOCFOFVIBZJGH-YFKPBYRVSA-L,167.02295479982,C7H5NO4-2
126,fmnh2,FMNH2,cpd01270,Cc1cc2c(cc1C)N(CC(O)C(O)C(O)COP(=O)(O)O)c1nc(O)nc(O)c1N2,YTNIXZGTHTVJBW-SCRDCRAPSA-L,456.10571204181997,C17H21N4O9P-2
127,l-serine,L-Serine,cpd00054,NC(CO)C(=O)O,MTCFGRXMJLQNBG-REOHCLBHSA-N,105.042593084,C3H7NO3
128,n-succinyl-2-amino-6-ketopimelate,N-Succinyl-L-2-amino-6-oxopimelate,cpd02724,O=C(O)CCC(O)=NC(CCCC(=O)C(=O)O)C(=O)O,SDVXSCSNVVZWDD-LURJTMIESA-K,289.07976644,C11H15NO8
129,gluconate,GLCN,cpd00222,O=C(O)C(O)C(O)C(O)C(O)CO,RGHNJXZEOKUKBD-SQOUGZDYSA-M,195.05102627191,C6H11O7-
130,salicylate,SALC,cpd00599,O=C(O)c1ccccc1O,YGSDEFSMJLZEOE-UHFFFAOYSA-M,137.02441759991,C7H5O3-
131,meso-diaminopimelate,"LL-2,6-Diaminopimelate",cpd00504,NC(CCCC(N)C(=O)O)C(=O)O,GMKMEZVLHJARHF-WHFBIAKZSA-N,190.095356928,C7H14N2O4
132,dihydro-neo-pterin,Dihydroneopterin,cpd02961,N=c1nc(O)c2c([nH]1)NCC(C(O)C(O)CO)=N2,YQIFAMYNGGOTFB-XINAWCOVSA-N,255.096753896,C9H13N5O4
133,phenol,Phenol,cpd00127,Oc1ccccc1,ISWSIDIOOBJBQZ-UHFFFAOYSA-N,94.041864812,C6H6O
134,3-deoxy-d-manno-octulosonate 8-p,3-Deoxy-D-manno-octulosonate8-phosphate,cpd02730,O=C(O)C1(O)CC(O)C(O)C(C(O)COP(=O)(O)O)O1,IZZNRKJLBIYBJN-HXUQBWEZSA-K,315.01336857372996,C8H12O11P-3
135,"1,3-diaminopropane","1,3-Propanediamine",cpd00726,NCCCN,XFNJVJPLKCPIBV-UHFFFAOYSA-P,76.09895122418,C3H12N2+2
136,3-ketoadipate,3-Oxoadipate,cpd00630,O=C(O)CCC(=O)CC(=O)O,RTGHRDFWYQHVFW-UHFFFAOYSA-L,158.02262045182002,C6H6O5-2
137,n2-succinylglutamate,N-Succinyl-L-glutamate,cpd03525,O=C(O)CCC(O)=NC(CCC(=O)O)C(=O)O,JCNBNOQGFSXOML-YFKPBYRVSA-K,244.04737239973002,C9H10NO7-3
138,gtp,GTP,cpd00038,N=c1nc(O)c2ncn(C3OC(COP(=O)(O)OP(=O)(O)OP(=O)(O)O)C(O)C3O)c2[nH]1,XKMLYUALXHKNFT-UUOKFMHZSA-K,519.9688307257298,C10H13N5O14P3-3
139,imp,IMP,cpd00114,O=P(O)(O)OCC1OC(n2cnc3c(O)ncnc32)C(O)C1O,GRSZFWQUAKGDAV-KQYNXXCUSA-L,346.03254710181994,C10H11N4O8P-2
140,phosphoribosyl-amp,Phosphoribosyl-AMP,cpd01777,N=c1c2ncn(C3OC(COP(=O)(O)O)C(O)C3O)c2ncn1C1OC(COP(=O)(O)O)C(O)C1O,RTQMRTSPTLIIHM-TYASJMOZSA-J,555.04256786764,C15H19N5O14P2-4
141,homoserine,L-Homoserine,cpd00227,NC(CCO)C(=O)O,UKAUYVFTDYCKQA-VKHMYHEASA-N,119.058243148,C4H9NO3
142,acetoacetate,Acetoacetate,cpd00142,CC(=O)CC(=O)O,WDJHALXBUFZDSR-UHFFFAOYSA-M,101.02441759991001,C4H5O3-
143,"2-amino-4-hydroxy-6-hydroxymethyl-7,8-dihydropteridine",6-hydroxymethyl dihydropterin,cpd00954,N=c1nc(O)c2c([nH]1)NCC(CO)=N2,CQQNNQTXUGLUEV-UHFFFAOYSA-N,195.075624528,C7H9N5O2
144,aminoacetaldehyde,Aminoacetaldehyde,cpd04122,NCC=O,LYIIBVSRGJSHAV-UHFFFAOYSA-O,60.044390232089995,C2H6NO+
145,succinyl-coa,Succinyl-CoA,cpd00078,CC(C)(COP(=O)(O)OP(=O)(O)OCC1OC(n2cnc3c(N)ncnc32)C(O)C1OP(=O)(O)O)C(O)C(O)=NCCC(O)=NCCSC(=O)CCC(=O)O,VNOYUJKHFWYWIR-ITIYDSSPSA-I,862.09487068955,C25H35N7O19P3S-5
146,"6,7-dimethyl-8-(1-d-ribityl)lumazine",6-7-Dimethyl-8--1-D-ribityllumazine,cpd02656,Cc1nc2c(O)nc(=O)nc-2n(CC(O)C(O)C(O)CO)c1C,SXDXRJZUAJBNFL-XKSSXDPKSA-M,326.122634296,C13H18N4O6
147,dihydroorotate,S-Dihydroorotate,cpd00282,O=C(O)C1CC(O)=NC(O)=N1,UFIVEPVSAGBUSI-REOHCLBHSA-M,158.032761,C5H6N2O4
148,phosphoribosyl-atp,Phosphoribosyl-ATP,cpd01775,N=c1c2ncn(C3OC(COP(=O)(O)OP(=O)(O)OP(=O)(O)O)C(O)C3O)c2ncn1C1OC(COP(=O)(O)O)C(O)C1O,RKNHJBVBFHDXGR-TYASJMOZSA-I,713.9679524595499,C15H20N5O20P4-5
149,undecaprenyl diphosphate,Bactoprenyl diphosphate,cpd02229,CC(C)=CCCC(C)=CCCC(C)=CCCC(C)=CCCC(C)=CCCC(C)=CCCC(C)=CCCC(C)=CCCC(C)=CCCC(C)=CCCC(C)=CCOP(=O)(O)OP(=O)(O)O,NTXGVHCCXVHYCL-NTDVEAECSA-L,924.6172756398201,C55H90O7P2-2
150,phosphoribosyl-carboxy-aminoimidazole,5'-Phosphoribosyl-4-carboxy-5-aminoimidazole,cpd02893,Nc1c(C(=O)O)ncn1C1OC(COP(=O)(O)O)C(O)C1O,XFVULMDJZXYMSG-ZIYNGMLESA-L,337.0322127538199,C9H12N3O9P-2
151,l-pantoate,Pantoate,cpd00408,CC(C)(CO)C(O)C(=O)O,OTOIIPJYVQJATP-BYPYZUCNSA-M,147.06628241191,C6H11O4-
152,2-d-threo-hydroxy-3-carboxy-isocaproate,3-Isopropylmalate,cpd02693,CC(C)C(C(=O)O)C(O)C(=O)O,RNQHMTFBUSSBJQ-CRCLSJGQSA-L,174.05392057982002,C7H10O5-2
153,"udp-2,3-bis(3-hydroxymyristoyl)glucosamine","UDP-2,3-bis(3-hydroxytetradecanoyl)glucosamine",cpd02835,CCCCCCCCCCCC(O)CC(=O)OC1C(O)C(CO)OC(OP(=O)(O)OP(=O)(O)OCC2OC(n3ccc(O)nc3=O)C(O)C2O)C1N=C(O)CC(O)CCCCCCCCCCC,KOJCFMYSTWNMQW-RUAJDYCTSA-L,1015.4430122198198,C43H75N3O20P2-2
154,sarcosine,Sarcosine,cpd00183,CNCC(=O)O,FSYKKLYZXJSNPZ-UHFFFAOYSA-N,89.047678464,C3H7NO2
155,homoserine lactone,2-Aminobutan-4-olide,cpd01873,NC1CCOC1=O,QJPWUUJVYOJNMH-UHFFFAOYSA-O,102.05495491609,C4H8NO2+
156,l-cysteine,L-Cysteine,cpd00084,NC(CS)C(=O)O,XUJNEKJLAYXESH-REOHCLBHSA-N,121.019749464,C3H7NO2S
157,imidazole acetol-phosphate,imidazole acetol-phosphate,cpd00930,O=C(COP(=O)(O)O)Cc1c[nH]cn1,YCFFMSOLUMRAMD-UHFFFAOYSA-L,218.01035511382,C6H7N2O5P-2
158,"5,10-methenyl-thf",5-10-Methenyltetrahydrofolate,cpd00347,N=c1nc(O)c2c([nH]1)NCC1C[N+](c3ccc(C(O)=NC(CCC(=O)O)C(=O)O)cc3)=CN21,MEANFMOQMXYMCT-OLZOCXBDSA-M,457.44,C20H23N7O6
159,siroheme,Siroheme,cpd00557,CC1(CC(=O)O)c2cc3nc(cc4[nH]c(cc5[nH]c(cc(n2)C1CCC(=O)O)c(CC(=O)O)c5CCC(=O)O)c(CCC(=O)O)c4CC(=O)O)C(C)(CC(=O)O)C3CCC(=O)O,DLKSSIHHLYNIKN-QIISWYHFSA-D,908.15195721128,C42H36FeN4O16-8
160,o-acetyl-l-serine,O-Acetyl-L-serine,cpd00722,CC(=O)OCC(N)C(=O)O,VZXPDPZARILFQX-BYPYZUCNSA-N,147.053157768,C5H9NO4
161,l-asparagine,L-Asparagine,cpd00132,N=C(O)CC(N)C(=O)O,DCXYFEDJOCDNAF-REOHCLBHSA-N,132.053492116,C4H8N2O3
162,n-acetyl-l-glutamate,N-Acetyl-L-glutamate,cpd00477,CC(O)=NC(CCC(=O)O)C(=O)O,RFMMMVDNIPUKGG-YFKPBYRVSA-L,187.04916954782001,C7H9NO5-2
163,d-alanine,L-Alanine,cpd00035,CC(N)C(=O)O,QNAYBMKLOCPYGJ-REOHCLBHSA-N,89.047678464,C3H7NO2
164,glutaryl-coa,Glutaryl-CoA,cpd00413,CC(C)(COP(=O)(O)OP(=O)(O)OCC1OC(n2cnc3c(N)ncnc32)C(O)C1OP(=O)(O)O)C(O)C(O)=NCCC(O)=NCCSC(=O)CCCC(=O)O,SYKWLIJQEHRDNH-CKRMAKSASA-I,876.1105207535501,C26H37N7O19P3S-5
165,cmp,CMP,cpd00046,N=c1ccn(C2OC(COP(=O)(O)O)C(O)C2O)c(O)n1,IERHLVCPSMICTF-XVFCMESISA-L,321.03729813382,C9H12N3O8P-2
166,ch3ado,5'-Deoxyadenosine,cpd03091,CC1OC(n2cnc3c(N)ncnc32)C(O)C1O,XGYIMTFOTBMPFP-KQYNXXCUSA-N,251.101839276,C10H13N5O3
167,2-keto-3-methyl-valerate,3MOP,cpd00508,CCC(C)C(=O)C(=O)O,JVQYSWDUAOAHFM-BYPYZUCNSA-M,129.05571772791,C6H9O3-
168,adenylo-succinate,Adenylosuccinate,cpd02375,O=C(O)CC(Nc1ncnc2c1ncn2C1OC(COP(=O)(O)O)C(O)C1O)C(=O)O,OFBHPPMPBOJXRT-DPXQIYNJSA-J,459.0449372176398,C14H14N5O11P-4
169,"trans, trans-farnesyl diphosphate",Farnesyldiphosphate,cpd00350,CC(C)=CCCC(C)=CCCC(C)=CCOP(=O)(O)OP(=O)(O)O,VWFJDQUYCIWHTN-YFVJMOTDSA-L,380.1164735918199,C15H26O7P2-2
170,acetate,Acetate,cpd00029,CC(=O)O,QTBSBXVTEAMEQO-UHFFFAOYSA-M,59.01385291591001,C2H3O2-
171,5'-phosphoribosyl-n-formylglycineamide,N-Formyl-GAR,cpd02678,O=P(O)(O)OCC1OC(N=C(O)CN=CO)C(O)C1O,VDXLUNDMVKSKHO-XVFCMESISA-L,312.03696378582,C8H13N2O9P-2
172,glycerate,Glycerate,cpd00223,O=C(O)C(O)CO,RBNPOMFGQQGHHO-UWTATZPHSA-M,105.01933221991,C3H5O4-
173,coumaroyl-coa,4-Coumaroyl-CoA,cpd00192,CC(C)(COP(=O)(O)OP(=O)(O)OCC1OC(n2cnc3c(N)ncnc32)C(O)C1OP(=O)(O)O)C(O)C(O)=NCCC(O)=NCCSC(=O)C=Cc1ccc(O)cc1,DMZOKBALNZWDKI-MATMFAIHSA-J,913.1519883940002,C30H42N7O18P3S
174,fumarate,Fumarate,cpd00106,O=C(O)C=CC(=O)O,VZCYOOQTPOCHFL-OWOJBTEDSA-L,113.99640570382002,C4H2O4-2
175,guanosine,Guanosine,cpd00311,N=c1nc(O)c2ncn(C3OC(CO)C(O)C3O)c2[nH]1,NYHBQMYGNKIUIF-UUOKFMHZSA-N,283.091668516,C10H13N5O5
176,l-carnitine,Carnitine,cpd00266,C[N+](C)(C)CC(O)CC(=O)O,PHIQHXFUZVPYII-ZCFIWIBFSA-N,161.10519334,C7H15NO3
177,2-octaprenyl-6-hydroxyphenol,2-Octaprenyl-6-hydroxyphenol,cpd03445,CC(C)=CCCC(C)=CCCC(C)=CCCC(C)=CCCC(C)=CCCC(C)=CCCC(C)=CCCC(C)=CCc1cccc(O)c1O,YNPGYMZVNLIZLD-BQFKTQOQSA-N,654.5375814800001,C46H70O2
178,d-arabinose 5-phosphate,D-Arabinose5-phosphate,cpd00817,O=CC(O)C(O)C(O)COP(=O)(O)O,PPQRONHOSHZGFQ-WDCZJNDASA-L,228.00460103782,C5H9O8P-2
179,2-phosphoglycerate,2-Phospho-D-glycerate,cpd00482,O=C(O)C(CO)OP(=O)(O)O,GXIURPTVHJPJLF-UWTATZPHSA-K,182.97110983773004,C3H4O7P-3
180,caffeate,Caffeate,cpd00881,O=C(O)C=Cc1ccc(O)c(O)c1,QAIPRVGONGVQAS-DUXPYHPUSA-M,179.03498228391,C9H7O4-
181,inosine,Inosine,cpd00246,OCC1OC(n2cnc3c(O)ncnc32)C(O)C1O,UGQMRVRMYYASKQ-KQYNXXCUSA-N,268.08076948400003,C10H12N4O5
182,triacylglycerol,Triglyceride,cpd11677,*C(=O)OCC(COC(*)=O)OC(*)=O,,,
183,ethane sulfonate,ethanesulfonate,cpd11579,CCS(=O)(=O)O,CCIVGXIOQKPBKL-UHFFFAOYSA-M,108.99648859991001,C2H5O3S-
184,l-glutamate-5-phosphate,L-Glutamyl 5-phosphate,cpd02097,NC(CCC(=O)OP(=O)(O)O)C(=O)O,PJRXVIJAERNUIP-VKHMYHEASA-L,225.00493538582,C5H8NO7P-2
185,sirohydrochlorin,Sirohydrochlorin,cpd03426,CC1(CC(=O)O)c2cc3nc(cc4[nH]c(cc5[nH]c(cc(n2)C1CCC(=O)O)c(CC(=O)O)c5CCC(=O)O)c(CCC(=O)O)c4CC(=O)O)C(C)(CC(=O)O)C3CCC(=O)O,KWIZRXMMFRBUML-AHGFGAHVSA-F,854.23266977528,C42H38N4O16-8
186,4-diphosphocytidyl-2-c-methylerythritol,4--cytidine5-diphospho-2-C-methyl-D-erythritol,cpd08287,CC(O)(CO)C(O)COP(=O)(O)OP(=O)(O)OCC1OC(n2ccc(=N)nc2O)C(O)C1O,YFAUKWZNPVBCFF-XHIBXCGHSA-L,519.06662283582,C14H23N3O14P2-2
187,phospho-hydroxy-threonine,4-(Phosphonooxy)-threonine,cpd03607,NC(C(=O)O)C(O)COP(=O)(O)O,FKHAKIJOKDGEII-GBXIJSLDSA-L,213.00493538582,C4H8NO7P-2
188,cystathionine,Cystathionine,cpd00424,NC(CCSCC(N)C(=O)O)C(=O)O,ILRYLPWNYFXEMH-RFZPGFLSSA-N,222.067427928,C7H14N2O4S
189,indole-3-glycerol-phosphate,Indoleglycerol phosphate,cpd02210,O=P(O)(O)OCC(O)C(O)c1c[nH]c2ccccc12,NQEQTYPJSIEPHW-MNOVXSKESA-L,285.04132089382,C11H12NO6P-2
190,pentanoyl-coa,Pentanoyl-CoA,cpd00660,CCCCC(=O)SCCN=C(O)CCN=C(O)C(O)C(C)(C)COP(=O)(O)OP(=O)(O)OCC1OC(n2cnc3c(N)ncnc32)C(O)C1OP(=O)(O)O,RXUATCUKICAIOA-ZMHDXICWSA-J,847.1436180296397,C26H40N7O17P3S-4
191,4-diphosphocytidyl-2-c-methylerythritol 2-phosphate,2-phospho-4--cytidine5-diphospho-2-C-methyl-D-erythritol,cpd08288,CC(CO)(OP(=O)(O)O)C(O)COP(=O)(O)OP(=O)(O)OCC1OC(n2ccc(=N)nc2O)C(O)C1O,HTJXTKBIUVFUAR-XHIBXCGHSA-J,597.0184004536401,C14H22N3O17P3-4
192,lipid a disaccharide,Lipid A disaccharide,cpd03002,CCCCCCCCCCCC(O)CC(=O)OC1C(O)C(CO)OC(OCC2OC(OP(=O)(O)O)C(N=C(O)CC(O)CCCCCCCCCCC)C(OC(=O)CC(O)CCCCCCCCCCC)C2O)C1N=C(O)CC(O)CCCCCCCCCCC,HLDJGHAAKRKPAV-QDORLFPLSA-L,1322.87307825382,C68H127N2O20P-2
193,fructose,L-Sorbose,cpd00212,OCC1(O)OCC(O)C(O)C1O,LKDRXBCSQODPBY-AMVSKUEXSA-N,180.063388104,C6H12O6
194,d-alanyl-d-alanine,Ala-Ala,cpd00731,CC(N)C(O)=NC(C)C(=O)O,DEFJQIDDEAULHB-QWWZWVQMSA-N,160.084792244,C6H12N2O3
195,BUTYRIC_ACID,Butyrate,cpd00211,CCCC(=O)O,FERIUCNNQQJTOY-UHFFFAOYSA-M,87.04515304391,C4H7O2-
196,histidinol,L-Histidinol,cpd00641,NC(CO)Cc1c[nH]cn1,ZQISRDCJNBUVMM-YFKPBYRVSA-O,142.09748842409,C6H12N3O+
197,dcmp,dCMP,cpd00206,N=c1ccn(C2CC(O)C(COP(=O)(O)O)O2)c(O)n1,NCMVOABPESMRCP-SHYZEUOFSA-L,305.04238351382,C9H12N3O7P-2
198,l-glutamate,L-Glutamate,cpd00023,NC(CCC(=O)O)C(=O)O,WHUUTDBJXJRKMK-VKHMYHEASA-M,146.04588131591,C5H8NO4-
199,cis-dodec-3-enoyl-coa,(3Z)-Dodecenoyl-CoA,cpd01887,CCCCCCCCC=CCC(=O)SCCN=C(O)CCN=C(O)C(O)C(C)(C)COP(=O)(O)OP(=O)(O)OCC1OC(n2cnc3c(N)ncnc32)C(O)C1OP(=O)(O)O,XEMIVMKTVGRFTD-QXMHVHEDSA-J,947.266624222,C33H56N7O17P3S
200,tetradecanoyl-coa,Myristoyl-CoA,cpd01695,CCCCCCCCCCCCCC(=O)SCCN=C(O)CCN=C(O)C(O)C(C)(C)COP(=O)(O)OP(=O)(O)OCC1OC(n2cnc3c(N)ncnc32)C(O)C1OP(=O)(O)O,DUAFKXOFBZQTQE-QSGBVPJFSA-J,977.3135744140001,C35H62N7O17P3S
201,dodecanoyl-coa,Lauroyl-CoA,cpd01260,CCCCCCCCCCCC(=O)SCCN=C(O)CCN=C(O)C(O)C(C)(C)COP(=O)(O)OP(=O)(O)OCC1OC(n2cnc3c(N)ncnc32)C(O)C1OP(=O)(O)O,YMCXGHLSVALICC-GMHMEAMDSA-J,949.2822742860001,C33H58N7O17P3S
202,2-dehydropantoate,2-Dehydropantoate,cpd00712,CC(C)(CO)C(=O)C(=O)O,PKVVTUWHANFMQC-UHFFFAOYSA-M,145.05063234791,C6H9O4-
203,4-methyl-5-(beta-hydroxyethyl)thiazole,4-Methyl-5--2-hydroxyethyl-thiazole,cpd02636,Cc1ncsc1CCO,BKAWJIRCKVUVED-UHFFFAOYSA-N,143.040484908,C6H9NOS
204,"7,8-dihydropteroate",Dihydropteroate,cpd00683,N=c1nc(O)c2c([nH]1)NCC(CNc1ccc(C(=O)O)cc1)=N2,WBFYVDCHGVNRBH-UHFFFAOYSA-M,313,C14H13N6O3
205,dihydroneopterin phosphate,Dihydroneopterin phosphate,cpd03521,N=c1nc(O)c2c([nH]1)NCC(C(O)C(O)COP(=O)(O)O)=N2,PLSQMGZYOGSOCE-XINAWCOVSA-L,333.04853151381997,C9H12N5O7P-2
206,fadh2,FADH2,cpd00982,Cc1cc2c(cc1C)N(CC(O)C(O)C(O)COP(=O)(O)OP(=O)(O)OCC1OC(n3cnc4c(N)ncnc43)C(O)C1O)c1nc(O)nc(O)c1N2,YPZRHBJKEMOYQH-UYBVJOGSSA-L,785.1582317758199,C27H33N9O15P2-2
207,l-threonine,L-Threonine,cpd00161,CC(O)C(N)C(=O)O,AYFVYJQAPQTCCC-GBXIJSLDSA-N,119.058243148,C4H9NO3
208,glucose-6-phosphate,D-glucose-6-phosphate,cpd00079,O=P(O)(O)OCC1OC(O)C(O)C(O)C1O,NBSCHQHZLSJFNQ-GASJEMHNSA-L,258.01516572182004,C6H11O9P-2
209,glutaconyl-coa,,,CC(C)(COP(=O)(O)OP(=O)(O)OCC1OC(n2cnc3c(N)ncnc32)C(O)C1OP(=O)(O)O)C(O)C(O)=NCCC(O)=NCCSC(=O)C=CCC(=O)O,,879.1312529500002,C26H40N7O19P3S
210,thf,Tetrahydrofolate,cpd00087,C1CCOC1,MSTNYGQPCMXVAQ-RYUDHWBXSA-L,72.057514876,C4H8O
211,guanine,Guanine,cpd00207,N=c1nc(O)c2[nH]cnc2[nH]1,UYTPUPDQBNUYGX-UHFFFAOYSA-N,151.04940978,C5H5N5O
212,5-methyl-thf,5-Methyltetrahydrofolate,cpd00345,CN1c2c(O)nc(=N)[nH]c2NCC1CNc1ccc(C(=O)NC(CCC(=O)O)C(=O)O)cc1,ZNOVTXRBGFNYRX-STQMWFEESA-L,459.1866315199999,C20H25N7O6
213,4-hydroxy-3-methoxyphenyl-beta-hydroxypropionyl-coa,4-Hydroxy-3-methoxyphenyl-beta-hydroxypropionyl-CoA,cpd04511,COc1cc(C(O)CC(=O)SCCN=C(O)CCN=C(O)C(O)C(C)(C)COP(=O)(O)OP(=O)(O)OCC2OC(n3cnc4c(N)ncnc43)C(O)C2OP(=O)(O)O)ccc1O,SDNPOBCYTJKZSD-XWQDBIPASA-J,957.14401195364,C31H42N7O20P3S-4
214,(s)-ureidoglycolate,Ureidoglycolate,cpd00465,N=C(O)NC(O)C(=O)O,NWZYYCVIOKVTII-SFOWXEAESA-M,134.032756672,C3H6N2O4
215,5'-phosphoribosyl-4-(n-succinocarboxamide)-5-aminoimidazole,SAICAR,cpd02921,Nc1c(C(O)=NC(CC(=O)O)C(=O)O)ncn1C1OC(COP(=O)(O)O)C(O)C1O,NAQGHJTUZRHGAC-LBGUGVGYSA-J,454.0737086779999,C13H19N4O12P
216,glyoxylate,Glyoxalate,cpd00040,O=CC(=O)O,HHLFWLYXYJOTON-UHFFFAOYSA-M,72.99311747191001,C2HO3-
217,dodecanoate,ddca,cpd01741,CCCCCCCCCCCC(=O)O,POULHZVOKOAJMA-UHFFFAOYSA-M,199.17035355591,C12H23O2-
218,benzaldehyde,Benzaldehyde,cpd00225,O=Cc1ccccc1,HUMNYLRZRPPJDN-UHFFFAOYSA-N,106.041864812,C7H6O
219,ferulate,Ferulate,cpd01059,COc1cc(C=CC(=O)O)ccc1O,KSEBMYQBYZTDHS-HWKANZROSA-M,193.05063234791,C10H9O4-
220,chorismate,Chorismate,cpd00216,C=C(OC1C=C(C(=O)O)C=CC1O)C(=O)O,WTFXTQVDAKGDEY-HTQZYQBOSA-L,224.03318513582002,C10H8O6-2
221,n-alpha-acetylornithine,N-Acetylornithine,cpd00342,CC(O)=NC(CCCN)C(=O)O,JRLGPAXAGHMNOL-LURJTMIESA-N,174.100442308,C7H14N2O3
222,3-oxooctadecanoyl-coa,3-Oxostearoyl-CoA,cpd14935,CCCCCCCCCCCCCCCC(=O)CC(=O)SCCN=C(O)CCN=C(O)C(O)C(C)(C)COP(=O)(O)OP(=O)(O)OCC1OC(n2cnc3c(N)ncnc32)C(O)C1OP(=O)(O)O,LGOGWHDPDVAUNY-LFZQUHGESA-J,1047.3554392260003,C39H68N7O18P3S
223,trans-octadec-2-enoyl-coa,(2E)-Octadecenoyl-CoA,cpd14937,CCCCCCCCCCCCCCCC=CC(=O)SCCN=C(O)CCN=C(O)C(O)C(C)(C)COP(=O)(O)OP(=O)(O)OCC1OC(n2cnc3c(N)ncnc32)C(O)C1OP(=O)(O)O,NBCCUIHOHUKBMK-ZDDAFBBHSA-J,1031.3605246060001,C39H68N7O17P3S
224,h+,H+,cpd00067,[HH],GPRLSGONYQIRFK-UHFFFAOYSA-N,1.00727645209,H+
225,oxidized glutathione,Oxidized glutathione,cpd00111,NC(CCC(O)=NC(CSSCC(N=C(O)CCC(N)C(=O)O)C(O)=NCC(=O)O)C(O)=NCC(=O)O)C(=O)O,YPZRWBKMTBYPTK-BJDJZHNGSA-L,610.13740955982,C20H30N6O12S2-2
226,glucose-1-phosphate,Glucose-1-phosphate,cpd00089,O=P(O)(O)OC1OC(CO)C(O)C(O)C1O,HXXFSFRBOHSIMQ-VFUOTHLCSA-L,258.01516572182004,C6H11O9P-2
227,4-aminobutyrate,GABA,cpd00281,NCCCC(=O)O,BTCSSZJGUNDROE-UHFFFAOYSA-N,103.063328528,C4H9NO2
228,fructose-6-phosphate,Allulose 6-phosphate,cpd15394,O=C(CO)C(O)C(O)C(O)COP(=O)(O)O,GSXOAOHZAIYLCY-JKUQZMGJSA-L,258.01516572182004,C6H11O9P-2
229,protoporphyrinogen,ProtoporphyrinogenIX,cpd00791,C=Cc1c2[nH]c(c1C)Cc1[nH]c(c(CCC(=O)O)c1C)Cc1[nH]c(c(C)c1CCC(=O)O)Cc1[nH]c(c(C)c1C=C)C2,UHSGPDMIQQYNAX-UHFFFAOYSA-L,566.29040285582,C34H38N4O4-2
230,d-glutamate,L-Glutamate,cpd00023,NC(CCC(=O)O)C(=O)O,WHUUTDBJXJRKMK-VKHMYHEASA-M,146.04588131591,C5H8NO4-
231,5'-phosphoribosyl-5-aminoimidazole,AIR,cpd02140,Nc1cncn1C1OC(COP(=O)(O)O)C(O)C1O,PDACUKOKVHBVHJ-XVFCMESISA-M,294.04965996591,C8H13N3O7P-
232,ribulose-5-phosphate,D-Ribulose5-phosphate,cpd00171,O=C(CO)C(O)C(O)COP(=O)(O)O,FNZLKVNUWIIPSJ-UHNVWZDZSA-L,228.00460103782,C5H9O8P-2
233,"2-octaprenyl-3-methyl-5-hydroxy-6-methoxy-1,4-benzoquinone","2-Octaprenyl-3-methyl-5-hydroxy-6-methoxy-1,4-benzoquinone",cpd03449,COC1=C(O)C(=O)C(C)=C(CC=C(C)CCC=C(C)CCC=C(C)CCC=C(C)CCC=C(C)CCC=C(C)CCC=C(C)CCC=C(C)C)C1=O,QURLIMHPCRKMJP-WDXILIIOSA-N,714.558710848,C48H74O4
234,phosphate,Phosphate,cpd00009,O=P(O)(O)O,NBIIXXVUZAFLBC-UHFFFAOYSA-L,95.96234230182002,HO4P-2
235,2-octaprenylphenol,2-Octaprenylphenol,cpd03444,CC(C)=CCCC(C)=CCCC(C)=CCCC(C)=CCCC(C)=CCCC(C)=CCCC(C)=CCCC(C)=CCc1ccccc1O,VUNQJPPPTJIREN-CMAXTTDKSA-N,638.54266686,C46H70O
236,dctp,dCTP,cpd00356,N=c1ccn(C2CC(O)C(COP(=O)(O)OP(=O)(O)OP(=O)(O)O)O2)c(O)n1,RGWHQCVHVJXOKC-SHYZEUOFSA-K,463.9677681057299,C9H13N3O13P3-3
237,hydroxymethylbilane,Hydroxymethylbilane,cpd00755,O=C(O)CCc1c[nH]c(Cc2[nH]c(Cc3[nH]c(Cc4[nH]c(CO)c(CC(=O)O)c4CCC(=O)O)c(CC(=O)O)c3CCC(=O)O)c(CC(=O)O)c2CCC(=O)O)c1CC(=O)O,WDFJYRZCZIUBPR-UHFFFAOYSA-F,846.2275843952799,C40H38N4O17-8
238,dgmp,dGMP,cpd00296,N=c1nc(O)c2ncn(C3CC(O)C(COP(=O)(O)O)O3)c2[nH]1,LTFMZDNNPPEQNG-KVQBGUIXSA-L,345.04853151381997,C10H12N5O7P-2
239,putrescine,Putrescine,cpd00118,NCCCCN,KIDHWZJUCRJVML-UHFFFAOYSA-P,90.11460128818001,C4H14N2+2
240,ethanol-amine,Aminoethanol,cpd00162,NCCO,HZAXFHJVJLSVMW-UHFFFAOYSA-O,62.060040296089994,C2H8NO+
241,sebacate,sebacate,cpd05192,O=C(O)CCCCCCCCC(=O)O,CXMXRPHRNRROMY-UHFFFAOYSA-L,200.10595615182,C10H16O4-2
242,pantothenate,PAN,cpd00644,CC(C)(CO)C(O)C(O)=NCCC(=O)O,GHOKWGTUZJEAQD-ZETCQYMHSA-M,219.110672644,C9H17NO5
243,2-keto-isovalerate,3-Methyl-2-oxobutanoate,cpd00123,CC(C)C(=O)C(=O)O,QHKABHOOEWYVLI-UHFFFAOYSA-M,115.04006766391001,C5H7O3-
244,chlorogenate,Chlorogenate,cpd00634,O=C(C=Cc1ccc(O)c(O)c1)OC1CC(O)(C(=O)O)CC(O)C1O,CWVRJTMFETXNAD-JUHZACGLSA-M,353.08780570390996,C16H17O9-
245,adenine,Adenine,cpd00128,Nc1[nH]cnc2ncnc1-2,GFFGJBXGBJISGV-UHFFFAOYSA-N,135.05449516,C5H5N5
246,malonate,Malonate,cpd00308,O=C(O)CC(=O)O,OFOBLEOULBTSOW-UHFFFAOYSA-L,101.99640570382002,C3H2O4-2
247,h2o,H2O,cpd00001,O,XLYOFNOQVPJJNP-UHFFFAOYSA-N,18.010564684,H2O
248,cytidine,Cytidine,cpd00367,N=c1ccn(C2OC(CO)C(O)C2O)c(O)n1,UHDGCWIWMRVCDJ-XVFCMESISA-N,243.085520516,C9H13N3O5
249,salicyl alcohol,Saligenin,cpd01553,OCc1ccccc1O,CQRYARSYNCAZFO-UHFFFAOYSA-N,124.052429496,C7H8O2
250,hexadecanoate,Palmitate,cpd00214,CCCCCCCCCCCCCCCC(=O)O,IPCSVZSSVZVIGE-UHFFFAOYSA-M,255.23295381191002,C16H31O2-
251,3-hydroxy-isobutyrate,3-Hydroxyisobutyrate,cpd00876,CC(CO)C(=O)O,DBXBTMSZEOQQDU-UHFFFAOYSA-M,103.04006766391001,C4H7O3-
252,3-deoxy-d-manno-octulosonate,KDO,cpd00875,O=C(O)C(=O)CC(O)C(O)C(O)C(O)CO,KYQCXUMVJGMDNG-SHUUEZRQSA-M,237.06159095591,C8H13O8-
253,porphobilinogen,Porphobilinogen,cpd00689,NCc1[nH]cc(CCC(=O)O)c1CC(=O)O,QSHWIQZFGQKFMA-UHFFFAOYSA-M,225.08808047591,C10H13N2O4-
254,damp,dAMP,cpd00294,Nc1ncnc2c1ncn2C1CC(O)C(COP(=O)(O)O)O1,KHWCHTKSEGGWEX-RRKCRQDMSA-L,329.0536168938199,C10H12N5O6P-2
255,4-guanidinobutanoate,4-Guanidinobutanoate,cpd00762,N=C(N)NCCCC(=O)O,TUHVEAJXIMEOSA-UHFFFAOYSA-N,145.085126592,C5H11N3O2
256,n2-succinylornithine,N2-Succinyl-L-ornithine,cpd02160,NCCCC(N=C(O)CCC(=O)O)C(=O)O,VWXQFHJBQHTHMK-LURJTMIESA-M,231.09864515991,C9H15N2O5-
257,benzoate,Benzoate,cpd00153,O=C(O)c1ccccc1,WPYMKLBDIGXBTP-UHFFFAOYSA-M,121.02950297991,C7H5O2-
258,xanthosine,Xanthosine,cpd01217,OCC1OC(n2cnc3c(O)nc(O)nc32)C(O)C1O,UBORTCNDUKBEOP-UUOKFMHZSA-N,284.075684104,C10H12N4O6
259,d-serine,L-Serine,cpd00054,NC(CO)C(=O)O,MTCFGRXMJLQNBG-REOHCLBHSA-N,105.042593084,C3H7NO3
260,octane,Octane,cpd00998,CCCCCCCC,TVMXDCGIABBOFY-UHFFFAOYSA-N,114.14085057599999,C8H18
261,5-phosphoribosyl-n-formylglycineamidine,5'-Phosphoribosylformylglycinamidine,cpd02826,N=C(CN=CO)NC1OC(COP(=O)(O)O)C(O)C1O,PMCOGCVKOAOZQM-XVFCMESISA-M,312.06022464991,C8H15N3O8P-
262,3-carboxy-3-hydroxy-isocaproate,2-Isopropylmalate,cpd01646,CC(C)C(O)(CC(=O)O)C(=O)O,BITYXLXUCSKTJS-ZETCQYMHSA-L,174.05392057982002,C7H10O5-2
263,pyruvate,Pyruvate,cpd00020,CC(=O)C(=O)O,LCTONWCANYUPML-UHFFFAOYSA-M,87.00876753591001,C3H3O3-
264,citrulline,Citrulline,cpd00274,N=C(O)NCCCC(N)C(=O)O,RHGKLRLOHDJJDR-BYPYZUCNSA-N,175.095691276,C6H13N3O3
265,nadph,NADPH,cpd00005,N=C(O)C1=CN(C2OC(COP(=O)(O)OP(=O)(O)OCC3OC(n4cnc5c(N)ncnc54)C(OP(=O)(O)O)C3O)C(O)C2O)C=CC1,ACFIXJIJDZMPPO-NNYOXOHSSA-J,741.0619965816402,C21H26N7O17P3-4
266,geranyl-pp,Geranyldiphosphate,cpd00283,CC(C)=CCCC(C)=CCOP(=O)(O)OP(=O)(O)O,GVVPGTZRZFNKDS-JXMROGBWSA-L,312.0538733358199,C10H18O7P2-2
267,"5-amino-6-(ribosylamino)-2,4-(1h,3h)-pyrimidinedione 5'-phosphate",5-Amino-6--5-phosphoribosylaminouracil,cpd00931,Nc1c(O)nc(O)nc1NC1OC(COP(=O)(O)O)C(O)C1O,LZEXYCAGPMYXLX-UMMCILCDSA-L,354.05766468999997,C9H15N4O9P
268,pimelate,Pimelate,cpd01727,O=C(O)CCCCCC(=O)O,WLJVNTCWHIRURA-UHFFFAOYSA-L,158.05900595982,C7H10O4-2
269,nh4+,NH3,cpd00013,N,QGZKDVFQNNGYKY-UHFFFAOYSA-O,18.03382554809,H4N+
270,4-fumaryl-acetoacetate,4-Maleylacetoacetate,cpd00763,O=C(O)C=CC(=O)CC(=O)CC(=O)O,GACSIVHAIFQKTC-UPHRSURJSA-L,198.01753507182002,C8H6O6-2
271,PROTOPORPHYRIN_IX,Protoporphyrin,cpd01476,C=Cc1c(C)c2cc3[nH]c(cc4nc(cc5nc(cc1[nH]2)C(C)=C5CCC(=O)O)C(CCC(=O)O)=C4C)c(C)c3C=C,KSFOVUSSGSKXFI-UJJXFSCMSA-L,562.2580055679999,C34H34N4O4
272,decanoate,Decanoate,cpd01107,CCCCCCCCCC(=O)O,GHVNFZFCNZKVNT-UHFFFAOYSA-M,171.13905342791,C10H19O2-
273,4-methyl-5-(beta-hydroxyethyl)thiazole phosphate,4-Methyl-5--2-phosphoethyl-thiazole,cpd02654,Cc1ncsc1CCOP(=O)(O)O,OCYMERZCMYJQQO-UHFFFAOYSA-L,220.99226252582,C6H8NO4PS-2
274,kdo2-lipid iva,kdo2-lipid iva,cpd03586,CCCCCCCCCCCC(O)CC(=O)OC1C(O)C(COC2OC(COC3(C(=O)O)CC(OC4(C(=O)O)CC(O)C(O)C(C(O)CO)O4)C(O)C(C(O)CO)O3)C(OP(=O)(O)O)C(OC(=O)CC(O)CCCCCCCCCCC)C2N=C(O)CC(O)CCCCCCCCCCC)OC(OP(=O)(O)O)C1N=C(O)CC(O)CCCCCCCCCCC,XAOLJGCZESYRFT-VHSKNIDJSA-H,1838.9269084154596,C84H148N2O37P2-6
275,cdp,CDP,cpd00096,N=c1ccn(C2OC(COP(=O)(O)OP(=O)(O)O)C(O)C2O)c(O)n1,ZWIADYZPOWUWEW-XVFCMESISA-L,401.0036286558199,C9H13N3O11P2-2
276,glutarate,Glutarate,cpd00379,O=C(O)CCCC(=O)O,JFCQEDHGNNZCLN-UHFFFAOYSA-L,130.02770583182001,C5H6O4-2
277,dtdp,dTDP,cpd00297,Cc1cn(C2CC(O)C(COP(=O)(O)OP(=O)(O)O)O2)c(=O)nc1O,UJLXYODCHAELLY-XLPZGREQSA-L,400.00837968781985,C10H14N2O11P2-2
278,"2,5-diamino-6-(ribosylamino)-4-(3h)-pyrimidinone 5'-phosphate",,,N=c1nc(NC2OC(COP(=O)(O)O)C(O)C2O)c(N)c(O)[nH]1,,351.05909619781994,C9H14N5O8P-2
279,uracil,Uracil,cpd00092,Oc1ccnc(O)n1,ISAKRJDGNUQOIC-UHFFFAOYSA-N,112.027277368,C4H4N2O2
280,dtdp-rhamnose,dTDP-rhamnose,cpd02113,Cc1cn(C2CC(O)C(COP(=O)(O)OP(=O)(O)OC3OC(C)C(O)C(O)C3O)O2)c(=O)nc1O,ZOSQFDVXNQFKBY-CGAXJHMRSA-L,546.0662884878197,C16H24N2O15P2-2
281,OXALACETIC_ACID,Oxaloacetate,cpd00032,O=C(O)CC(=O)C(=O)O,KHPXUQMNIQBQEV-UHFFFAOYSA-L,129.99132032382002,C4H2O5-2
282,deoxyguanosine,Deoxyguanosine,cpd00277,N=c1nc(O)c2ncn(C3CC(O)C(CO)O3)c2[nH]1,YKBGVTZYEHREMT-KVQBGUIXSA-N,267.096753896,C10H13N5O4
283,"cis,cis-muconate","cis,cis-Muconate",cpd01630,O=C(O)C=CC=CC(=O)O,TXXHDPDFNKHHGW-CCAGOZQPSA-L,140.01205576782002,C6H4O4-2
284,histidinal,L-Histidinal,cpd01324,NC(C=O)Cc1c[nH]cn1,VYOIELONWKIZJS-YFKPBYRVSA-O,140.08183836009,C6H10N3O+
285,propionyl-coa,Propionyl-CoA,cpd00086,CCC(=O)SCCN=C(O)CCN=C(O)C(O)C(C)(C)COP(=O)(O)OP(=O)(O)OCC1OC(n2cnc3c(N)ncnc32)C(O)C1OP(=O)(O)O,QAQREVBBADEHPA-IEXPHMLFSA-J,819.1123179016397,C24H36N7O17P3S-4
286,pyrophosphate,PPi,cpd00012,O=P(O)(O)OP(=O)(O)O,XPPKVPWEQAFLFU-UHFFFAOYSA-K,174.92139637173003,HO7P2-3
287,glyceraldehyde-3-phosphate,Glyceraldehyde3-phosphate,cpd00102,O=CC(O)COP(=O)(O)O,LXJXRIRHZLFYRP-VKHMYHEASA-L,167.98347166982,C3H5O6P-2
288,niacine,Niacin,cpd00218,O=C(O)c1cccnc1,PVNIIMVLHYAWGP-UHFFFAOYSA-M,122.02475194791,C6H4NO2-
289,vanillate,Vanillate,cpd04073,COc1cc(C(=O)O)ccc1O,WKOLLVMJNQIZCI-UHFFFAOYSA-M,167.03498228391,C8H7O4-
290,"n-succinyl-ll-2,6-diaminopimelate",,,NC(CCCC(N=C(O)CCC(=O)O)C(=O)O)C(=O)O,,290.111400916,C11H18N2O7
291,fad,FAD,cpd00015,Cc1cc2nc3c(O)nc(=O)nc-3n(CC(O)C(O)C(O)COP(=O)(O)OP(=O)(O)OCC3OC(n4cnc5c(N)ncnc54)C(O)C3O)c2cc1C,IMGVNJNCCGXBHD-UYBVJOGSSA-K,782.1353052597298,C27H30N9O15P2-3
292,l-aspartate,L-Aspartate,cpd00041,NC(CC(=O)O)C(=O)O,CKLJMWTZIZZHCS-REOHCLBHSA-M,132.03023125191,C4H6NO4-
293,fe+2,Fe,cpd00021,[Fe],XEEYBQQBJWHFJM-UHFFFAOYSA-N,55.9349375,Fe
294,octanoate,octanoate,cpd03846,CCCCCCCC(=O)O,WWZKQHOCKIZLMA-UHFFFAOYSA-M,143.10775329991,C8H15O2-
295,prephenate,Prephenate,cpd00219,O=C(O)C(=O)CC1(C(=O)O)C=CC(O)C=C1,FPWMCUPFBRFMLH-XGAOUMNUSA-L,224.03318513582,C10H8O6-2
296,taurine,Taurine,cpd00210,NCCS(=O)(=O)O,XOAAWQZATWQOTB-UHFFFAOYSA-N,125.014664084,C2H7NO3S
297,L-GLUTAMATE_GAMMA-SEMIALDEHYDE,L-Glutamate5-semialdehyde,cpd00858,NC(CCC=O)C(=O)O,KABXUUFDPUOJMW-BYPYZUCNSA-N,131.058243148,C5H9NO3
298,l-arginine,L-Arginine,cpd00051,N=C(N)NCCCC(N)C(=O)O,ODKSFYDXXFIFQN-BYPYZUCNSA-O,175.11895214009,C6H15N4O2+
299,4-hydroxybenzyl alcohol,4-Hydroxy-benzylalcohol,cpd15378,OCc1ccc(O)cc1,BVJSUAQZOZWCKN-UHFFFAOYSA-N,124.052429496,C7H8O2
300,dadp,dADP,cpd00177,Nc1ncnc2c1ncn2C1CC(O)C(COP(=O)(O)OP(=O)(O)O)O1,DAEAPNUQQAICNR-RRKCRQDMSA-L,409.01994741581984,C10H13N5O9P2-2
301,nad,NAD,cpd00003,N=C(O)c1ccc[n+](C2OC(COP(=O)(O)OP(=O)(O)OCC3OC(n4cnc5c(N)ncnc54)C(O)C3O)C(O)C2O)c1,BAWFJGJZGIEFAR-NNYOXOHSSA-M,662.1018453519102,C21H26N7O14P2-
302,dtdp-4-dehydro-6-deoxy-l-mannose,,,Cc1cn(C2CC(O)C(COP(=O)(O)OP(=O)(O)OC3OC(C)C(=O)C(O)C3O)O2)c(=O)nc1O,,546.0651913279997,C16H24N2O15P2
303,sorbate,sorbate,cpd16648,CC=CC=CC(=O)O,WSWCOQWTEOXDQX-MQQKCMAXSA-M,111.04515304391,C6H7O2-
304,l-iso-leucine,L-Isoleucine,cpd00322,CCC(C)C(N)C(=O)O,AGPKZVBTJJNPAG-WHFBIAKZSA-N,131.094628656,C6H13NO2
305,glycerol,Glycerol,cpd00100,OCC(O)CO,PEDCQBHIVMGVHV-UHFFFAOYSA-N,92.047344116,C3H8O3
306,3-hydroxyadipyl-coa,,,CC(C)(COP(=O)(O)OP(=O)(O)OCC1OC(n2cnc3c(N)ncnc32)C(O)C1OP(=O)(O)O)C(O)C(O)=NCCC(O)=NCCSC(=O)CC(O)CCC(=O)O,,911.1574676980002,C27H44N7O20P3S
307,4'-phospho-n-pantothenoylcysteine,,,CC(C)(COP(=O)(O)O)C(O)C(O)=NCCC(O)=NC(CS)C(=O)O,,402.08618794599994,C12H23N2O9PS
308,trans-dodec-2-enoyl-coa,,,CCCCCCCCCC=CC(=O)SCCN=C(O)CCN=C(O)C(O)C(C)(C)COP(=O)(O)OP(=O)(O)OCC1OC(n2cnc3c(N)ncnc32)C(O)C1OP(=O)(O)O,,947.266624222,C33H56N7O17P3S
309,erythronate-4-phosphate,4-Phosphoerythronate,cpd02147,O=C(O)C(O)C(O)COP(=O)(O)O,ZCZXOHUILRHRQJ-PWNYCUMCSA-K,212.98167452173,C4H6O8P-3
310,hco3-,H2CO3,cpd00242,O=C(O)O,BVKZGUZCCUSVTD-UHFFFAOYSA-M,60.99311747191,CHO3-
311,6-carboxyhexanoyl-coa,,,CC(C)(COP(=O)(O)OP(=O)(O)OCC1OC(n2cnc3c(N)ncnc32)C(O)C1OP(=O)(O)O)C(O)C(O)=NCCC(O)=NCCSC(=O)CCCCCC(=O)O,,909.1782031420003,C28H46N7O19P3S
312,o2-,O2,cpd00007,O=O,MYMOFIZGZYHOMD-UHFFFAOYSA-N,31.98982924,O2
313,toluene,Toluol,cpd01034,Cc1ccccc1,YXFVVABEGXRONW-UHFFFAOYSA-N,92.062600256,C7H8
314,PYRIDOXAL_PHOSPHATE,Pyridoxal phosphate,cpd00016,Cc1ncc(COP(=O)(O)O)c(C=O)c1O,NGVDGCNFYWLIFO-UHFFFAOYSA-L,245.01002076582,C8H8NO6P-2
315,"7,8-dihydrofolate",,,N=c1nc(O)c2c([nH]1)NCC(CNc1ccc(C(=O)NC(CCC(=O)O)C(=O)O)cc1)=N2,,441.14077848781994,C19H19N7O6-2
316,betaine,BET,cpd00540,C[N+](C)(C)CC(=O)O,KWIUHFFTVRNATP-UHFFFAOYSA-N,117.078978592,C5H11NO2
317,"2-octaprenyl-6-methoxy-1,4-benzoquinone","2-Octaprenyl-6-methoxy-1,4-benzoquinone",cpd03447,COC1=CC(=O)C=C(CC=C(C)CCC=C(C)CCC=C(C)CCC=C(C)CCC=C(C)CCC=C(C)CCC=C(C)CCC=C(C)C)C1=O,AFTBILPWMUSGIN-MYCGWMCTSA-N,682.5324961000001,C47H70O3
318,4-coumarate,4-Coumarate,cpd00604,O=C(O)C=Cc1ccc(O)cc1,NGSWKAQJJWESNS-ZZXKWVIFSA-M,163.04006766391,C9H7O3-
319,co2,CO2,cpd00011,O=C=O,CURLTUGMZLYLDI-UHFFFAOYSA-N,43.98982924,CO2
320,5-amino-levulinate,5-Aminolevulinate,cpd00338,NCC(=O)CCC(=O)O,ZGXJTSGNIOSYLO-UHFFFAOYSA-N,131.058243148,C5H9NO3
321,urea,Urea,cpd00073,N=C(N)O,XSQUKJJJFZCRTK-UHFFFAOYSA-N,60.032362748,CH4N2O
322,5-carboxypentanoyl-coa,,,CC(C)(COP(=O)(O)OP(=O)(O)OCC1OC(n2cnc3c(N)ncnc32)C(O)C1OP(=O)(O)O)C(O)C(O)=NCCC(O)=NCCSC(=O)CCCCC(=O)O,,895.1625530780002,C27H44N7O19P3S
323,na+,Na+,cpd00971,[Na],FKNQFGJONOIPTF-UHFFFAOYSA-N,22.98922070009,Na+
324,acetoin,ACTN,cpd00361,CC(=O)C(C)O,ROWKJAVDOGWPAT-VKHMYHEASA-N,88.052429496,C4H8O2
325,coenzyme a,,,CC(C)(COP(=O)(O)OP(=O)(O)OCC1OC(n2cnc3c(N)ncnc32)C(O)C1OP(=O)(O)O)C(O)C(O)=NCCC(O)=NCCS,,767.1152089620001,C21H36N7O16P3S
326,cytosine,Cytosine,cpd00307,N=c1cc[nH]c(O)n1,OPTASPLRGRRNAP-UHFFFAOYSA-N,111.04326178,C4H5N3O
327,uroporphyrinogen-iii,UroporphyrinogenIII,cpd00774,O=C(O)CCc1c2[nH]c(c1CC(=O)O)Cc1[nH]c(c(CC(=O)O)c1CCC(=O)O)Cc1[nH]c(c(CC(=O)O)c1CCC(=O)O)Cc1[nH]c(c(CCC(=O)O)c1CC(=O)O)C2,HUHWZXWWOFSFKF-UHFFFAOYSA-F,828.2170197112799,C40H36N4O16-8
328,N-ACETYLGLUTAMATE_SEMIALDEHYDE,,,CC(O)=NC(CCC=O)C(=O)O,,172.06153137991,C7H10NO4-
329,3-oxodecanoyl-coa,3-Oxodecanoyl-CoA,cpd03119,CCCCCCCC(=O)CC(=O)SCCN=C(O)CCN=C(O)C(O)C(C)(C)COP(=O)(O)OP(=O)(O)OCC1OC(n2cnc3c(N)ncnc32)C(O)C1OP(=O)(O)O,AZCVXMAPLHSIKY-HSJNEKGZSA-J,931.2011329056398,C31H48N7O18P3S-4
330,dephospho-coa,Dephospho-CoA,cpd00655,CC(C)(COP(=O)(O)OP(=O)(O)OCC1OC(n2cnc3c(N)ncnc32)C(O)C1O)C(O)C(O)=NCCC(O)=NCCS,KDTSHFARGAKYJN-IBOSZNHHSA-L,685.13432553582,C21H33N7O13P2S-2
331,h2s,H2S,cpd00239,S,RWSOTUBLDIXVET-UHFFFAOYSA-M,32.98044461191,HS-
332,protoheme,,,C=Cc1c(C)c2cc3[nH]c(cc4nc(cc5nc(cc1[nH]2)C(C)=C5CCC(=O)O)C(CCC(=O)O)=C4C)c(C)c3C=C.[Fe+2],,614.16274009982,C34H30FeN4O4-2
333,mannose-1-phosphate,Glucose-1-phosphate,cpd00089,O=P(O)(O)OC1OC(CO)C(O)C(O)C1O,HXXFSFRBOHSIMQ-VFUOTHLCSA-L,258.01516572182004,C6H11O9P-2
334,3-hydroxy-4-phospho-hydroxy-alpha-ketobutyrate,2-Oxo-3-hydroxy-4-phosphobutanoate,cpd03606,O=C(O)C(=O)C(O)COP(=O)(O)O,MZJFVXDTNBHTKZ-UWTATZPHSA-K,210.96602445773001,C4H4O8P-3
335,benzyl alcohol,Phenylcarbinol,cpd00435,OCc1ccccc1,WVDDGKGOMKODPV-UHFFFAOYSA-N,108.057514876,C7H8O
336,beta-alanine,beta-Alanine,cpd00085,NCCC(=O)O,UCMIRNVEIXFBKS-UHFFFAOYSA-N,89.047678464,C3H7NO2
337,"5-amino-6-ribitylamino-2,4(1h,3h)-pyrimidinedione",,,Nc1c(O)nc(O)nc1NCC(O)C(O)C(O)CO,,276.106984232,C9H16N4O6
338,3-oxopimeloyl-coa,,,CC(C)(COP(=O)(O)OP(=O)(O)OCC1OC(n2cnc3c(N)ncnc32)C(O)C1OP(=O)(O)O)C(O)C(O)=NCCC(O)=NCCSC(=O)CC(=O)CCCC(=O)O,,923.1574676980002,C28H44N7O20P3S
339,glutamate-1-semialdehyde,L-Glutamate1-semialdehyde,cpd02345,NC(C=O)CCC(=O)O,MPUUQNGXJSEWTF-BYPYZUCNSA-N,131.058243148,C5H9NO3
340,"2-amino-4-hydroxy-6-hydroxymethyl-7,8-dihydropteridine diphosphate",,,N=c1nc(O)c2c([nH]1)NCC(COP(=O)(O)OP(=O)(O)O)=N2,,355.008285572,C7H11N5O8P2
341,3-dehydroquinate,5-Dehydroquinate,cpd00699,O=C1CC(O)(C(=O)O)CC(O)C1O,WVMWZWGZRAXUBK-SYTVJDICSA-M,189.04046158791002,C7H9O6-
342,amp,AMP,cpd00018,Nc1ncnc2c1ncn2C1OC(COP(=O)(O)O)C(O)C1O,UDMBCSSLTHHNCD-KQYNXXCUSA-L,345.0485315138199,C10H12N5O7P-2
343,sedoheptulose-7-phosphate,Sedoheptulose7-phosphate,cpd00238,O=C(CO)C(O)C(O)C(O)C(O)COP(=O)(O)O,JDTUMPKOJBQPKX-GBNDHIKLSA-L,288.02573040582,C7H13O10P-2
344,orotate,Orotate,cpd00247,O=C(O)c1cc(O)nc(O)n1,PXQPEWDEAKTCGB-UHFFFAOYSA-M,155.00983015591,C5H3N2O4-
345,octaprenyl diphosphate,Farnesylfarnesylgeraniol,cpd02557,CC(C)=CCCC(C)=CCCC(C)=CCCC(C)=CCCC(C)=CCCC(C)=CCCC(C)=CCCC(C)=CCOP(=O)(O)OP(=O)(O)O,IKKLDISSULFFQO-DJMILUHSSA-L,720.42947487182,C40H66O7P2-2
346,suberate,suberate,cpd05193,O=C(O)CCCCCCC(=O)O,TYFQFVWCELRYAO-UHFFFAOYSA-L,172.07465602382,C8H12O4-2
347,kdo2-lipid a,kdo2-lipid a,cpd03587,CCCCCCCCCCCCCC(=O)OC(CCCCCCCCCCC)CC(=O)OC1C(N=C(O)CC(CCCCCCCCCCC)OC(=O)CCCCCCCCCCC)C(OCC2OC(OP(=O)(O)O)C(N=C(O)CC(O)CCCCCCCCCCC)C(OC(=O)CC(O)CCCCCCCCCCC)C2O)OC(COC2(C(=O)O)CC(OC3(C(=O)O)CC(O)C(O)C(C(O)CO)O3)C(O)C(C(O)CO)O2)C1OP(=O)(O)O,DIXUKJUHGLIZGU-OIPVZEHTSA-H,2231.2923391914587,C110H196N2O39P2-6
348,hexadecanol,Hexadecanol,cpd00613,CCCCCCCCCCCCCCCCO,BXWNKGSJHAJOGX-UHFFFAOYSA-N,242.26096570800001,C16H34O
349,3-oxoadipate-enol-lactone,3-oxoadipate-enol-lactone,cpd02255,O=C(O)CC1=CCC(=O)O1,ZPEHSARSWGDCEX-UHFFFAOYSA-M,141.01933221991,C6H5O4-
350,deoxyinosine,Deoxyinosine,cpd03279,OCC1OC(n2cnc3c(O)ncnc32)CC1O,VGONTNSXDCQUGY-RRKCRQDMSA-N,252.085854864,C10H12N4O4
351,l-tryptophan,L-Tryptophan,cpd00065,NC(Cc1c[nH]c2ccccc12)C(=O)O,QIVBCDIJIAJPQS-VIFPVBQESA-N,204.089877624,C11H12N2O2
352,xanthine,,,Oc1nc(O)c2[nH]cnc2n1,,152.033425368,C5H4N4O2
353,l-alanine,L-Alanine,cpd00035,CC(N)C(=O)O,QNAYBMKLOCPYGJ-REOHCLBHSA-N,89.047678464,C3H7NO2
354,choline,Choline,cpd00098,C[N+](C)(C)CCO,OEYIOHPDSNJKLS-UHFFFAOYSA-N,104.10699048808999,C5H14NO+
355,succinate,Succinate,cpd00036,O=C(O)CCC(=O)O,KDYFGRWQOYBRFD-UHFFFAOYSA-L,116.01205576782002,C4H4O4-2
356,dump,dUMP,cpd00299,O=c1nc(O)ccn1C1CC(O)C(COP(=O)(O)O)O1,JSRLJPSBLDHEIO-SHYZEUOFSA-L,306.02639910182006,C9H11N2O8P-2
357,3-oxopentanoyl-coa,3-oxopentanoyl-coa,cpd16642,CCC(=O)CC(=O)SCCN=C(O)CCN=C(O)C(O)C(C)(C)COP(=O)(O)OP(=O)(O)OCC1OC(n2cnc3c(N)ncnc32)C(O)C1OP(=O)(O)O,,0.0,
358,2-aminobenzoate,Anthranilate,cpd00093,Nc1ccccc1C(=O)O,RWZYAGGXGHYGMB-UHFFFAOYSA-M,136.04040201191,C7H6NO2-
359,glyceraldehyde,D-Glyceraldehyde,cpd00448,O=CC(O)CO,MNQZXJOMYWMBOU-VKHMYHEASA-N,90.031694052,C3H6O3
360,protocatechuate,Protocatechuate,cpd00197,O=C(O)c1ccc(O)c(O)c1,YQUVCSBJEUQKSH-UHFFFAOYSA-M,153.01933221991,C7H5O4-
361,2-keto-4-methyl-pentanoate,4MOP,cpd00200,CC(C)CC(=O)C(=O)O,BKAJNAXTPSGJCU-UHFFFAOYSA-M,129.05571772791,C6H9O3-
362,"3-carboxy-cis,cis-muconate","3-Carboxy-cis,cis-muconate",cpd00856,O=C(O)C=CC(=CC(=O)O)C(=O)O,KJOVGYUGXHIVAY-BXTBVDPRSA-K,182.99460855573003,C7H3O6-3
363,2-nitropropane,2-Nitropropane,cpd01433,CC(C)[N+](=O)[O-],FGLBSLMDCBOPQK-UHFFFAOYSA-N,89.047678464,C3H7NO2
364,isocitrate,Isocitrate,cpd00260,O=C(O)CC(C(=O)O)C(O)C(=O)O,ODBLHEXUDAPZAU-UHFFFAOYSA-K,189.00517323973003,C6H5O7-3
365,l-aspartate-semialdehyde,L-Aspartate4-semialdehyde,cpd00346,NC(CC=O)C(=O)O,HOSWPDPVFBCLSY-VKHMYHEASA-N,117.042593084,C4H7NO3
366,"alpha,alpha-trehalose 6-phosphate",Trehalose 6-phosphate,cpd00523,O=P(O)(O)OCC1OC(OC2OC(CO)C(O)C(O)C2O)C(O)C(O)C1O,LABSPYBHMPDTEL-LIZSDCNHSA-L,420.0679891418199,C12H21O14P-2
367,"5,10-methylene-thf",,,N=c1nc(O)c2c([nH]1)NCC1CN(c3ccc(C(=O)NC(CCC(=O)O)C(=O)O)cc3)CN21,,457.17098145599994,C20H23N7O6
368,quinolinate,Quinolinate,cpd02333,O=C(O)c1cccnc1C(=O)O,GJAWHXHKYYXBSV-UHFFFAOYSA-L,165.00730473582001,C7H3NO4-2
369,succinate semialdehyde,4-Oxobutanoate,cpd00199,O=CCCC(=O)O,UIUJIQZEACWQSV-UHFFFAOYSA-M,101.02441759991001,C4H5O3-
370,"trans-2,3-dehydroadipyl-coa","trans-2,3-dehydroadipyl-coA",cpd28230,CC(C)(COP(=O)(O)OP(=O)(O)OCC1OC(n2cnc3c(N)ncnc32)C(O)C1OP(=O)(O)O)C(O)C(O)=NCCC(O)=NCCSC(=O)C=CCCC(=O)O,ZFXICKRXPZTFPB-KCQRSJHASA-I,888.1105207535501,C27H37N7O19P3S-5
371,3-octaprenyl-4-hydroxybenzoate,3-Octaprenyl-4-hydroxybenzoate,cpd03443,CC(C)=CCCC(C)=CCCC(C)=CCCC(C)=CCCC(C)=CCCC(C)=CCCC(C)=CCCC(C)=CCc1cc(C(=O)O)ccc1O,UTIBHEBNILDQKX-LQOKPSQISA-M,681.52521964791,C47H69O3-
372,crotonyl-coa,Crotonyl-CoA,cpd00650,CC=CC(=O)SCCN=C(O)CCN=C(O)C(O)C(C)(C)COP(=O)(O)OP(=O)(O)OCC1OC(n2cnc3c(N)ncnc32)C(O)C1OP(=O)(O)O,KFWWCMJSYSSPSK-BOGFJHSMSA-J,831.1123179016397,C25H36N7O17P3S-4
373,l-leucine,L-Leucine,cpd00107,CC(C)CC(N)C(=O)O,ROHFNLRQFUQHCH-YFKPBYRVSA-N,131.094628656,C6H13NO2
374,l-lysine,L-Lysine,cpd00039,NCCCCC(N)C(=O)O,KDXKERNSBIXSRK-YFKPBYRVSA-O,147.11280414009,C6H15N2O2+
375,diacetyl,DTYL,cpd00551,CC(=O)C(C)=O,QSJXEFYPDANLFS-UHFFFAOYSA-N,86.036779432,C4H6O2
376,beta-d-glucose,D-Glucose,cpd00027,OCC1OC(O)C(O)C(O)C1O,WQZGKKKJIJFFOK-GASJEMHNSA-N,180.063388104,C6H12O6
377,lactate,L-Lactate,cpd00159,CC(O)C(=O)O,JVTAAEKCZFNVCJ-REOHCLBHSA-M,89.02441759991001,C3H5O3-
378,glucosamine-1p,D-Galactosamine 1-phosphate,cpd02370,NC1C(OP(=O)(O)O)OC(CO)C(O)C1O,YMJBYRVFGYXULK-GASJEMHNSA-M,258.03842658591003,C6H13NO8P-
379,adp,ADP,cpd00008,Nc1ncnc2c1ncn2C1OC(COP(=O)(O)OP(=O)(O)O)C(O)C1O,XTWYTFMLZFPYCI-KQYNXXCUSA-L,425.0148620358199,C10H13N5O10P2-2
380,tetrahydropteroyltri-l-glutamate,Tetrahydropteroyltri-L-glutamate,cpd02555,N=c1nc(O)c2c([nH]1)NCC(CNc1ccc(C(=O)NC(CCC(O)=NC(CCC(O)=NC(CCC(=O)O)C(=O)O)C(=O)O)C(=O)O)cc1)N2,RXWVHRYZTWZATH-XSLAGTTESA-J,699.2270618156399,C29H33N9O12-4
381,5-methyltetrahydropteroyltri-l-glutamate,5-Methyltetrahydropteroyltri-L-glutamate,cpd02738,CN1c2c(O)nc(=N)[nH]c2NCC1CNc1ccc(C(=O)NC(CCC(O)=NC(CCC(O)=NC(CCC(=O)O)C(=O)O)C(=O)O)C(=O)O)cc1,HVRNKDVLFAVCJF-VJANTYMQSA-J,713.2427118796398,C30H35N9O12-4
382,purine,Purine,cpd00360,c1nc2cnc[nH]c-2n1,KDCGOANMDULRCW-UHFFFAOYSA-N,120.04359612799999,C5H4N4
383,formate,Formate,cpd00047,O=CO,BDAGIHXWWSANSR-UHFFFAOYSA-M,44.99820285191,CHO2-
384,2-oxoglutarate,2-Oxoglutarate,cpd00024,O=C(O)CCC(=O)C(=O)O,KPGXRSRHYNQIFN-UHFFFAOYSA-L,144.00697038782002,C5H4O5-2
385,3-oxohexadecanoyl-coa,,,CCCCCCCCCCCCCC(=O)CC(=O)SCCN=C(O)CCN=C(O)C(O)C(C)(C)COP(=O)(O)OP(=O)(O)OCC1OC(n2cnc3c(N)ncnc32)C(O)C1OP(=O)(O)O,,1019.3241390980002,C37H64N7O18P3S
386,gmp,GMP,cpd00126,N=c1nc(O)c2ncn(C3OC(COP(=O)(O)O)C(O)C3O)c2[nH]1,RQFCJASXJCIDSX-UUOKFMHZSA-L,361.04344613382,C10H12N5O8P-2
387,2-dehydro-d-gluconate,2-Dehydro-D-gluconate,cpd00480,O=C(O)C(=O)C(O)C(O)C(O)CO,VBUYCZFBVCCYFD-JJYYJPOSSA-M,193.03537620791,C6H9O7-
388,gdp,GDP,cpd00031,N=c1nc(O)c2ncn(C3OC(COP(=O)(O)OP(=O)(O)O)C(O)C3O)c2[nH]1,QGWNDRXFNXRZMB-UUOKFMHZSA-L,441.0097766558199,C10H13N5O11P2-2
389,deoxyuridine,Deoxyuridine,cpd00412,O=c1nc(O)ccn1C1CC(O)C(CO)O1,MXHRCPNRJAMMIM-SHYZEUOFSA-N,228.074621484,C9H12N2O5
390,"2-octaprenyl-3-methyl-6-methoxy-1,4-benzoquinone","2-Octaprenyl-3-methyl-6-methoxy-1,4-benzoquinone",cpd03448,COC1=CC(=O)C(C)=C(CC=C(C)CCC=C(C)CCC=C(C)CCC=C(C)CCC=C(C)CCC=C(C)CCC=C(C)CCC=C(C)C)C1=O,FLYBTLROCQBHMR-KFSSTAEESA-N,696.5481461640001,C48H72O3
391,so3-2,Sulfite,cpd00081,O=S(O)O,LSNNMFCWUKXFEE-UHFFFAOYSA-M,80.96518847191001,HO3S-
392,COPROPORPHYRINOGEN_III,CoproporphyrinogenIII,cpd02083,Cc1c2[nH]c(c1CCC(=O)O)Cc1[nH]c(c(CCC(=O)O)c1C)Cc1[nH]c(c(CCC(=O)O)c1C)Cc1[nH]c(c(C)c1CCC(=O)O)C2,NIUVHXTXUXOFEB-UHFFFAOYSA-J,656.28680855964,C36H40N4O8-4
393,l-ornithine,Ornithine,cpd00064,NCCCC(N)C(=O)O,AHLPHDHHMVZTML-BYPYZUCNSA-O,133.09715407609002,C5H13N2O2+
394,l-methionine,L-Methionine,cpd00060,CSCCC(N)C(=O)O,FFEARJCKVFRZRR-BYPYZUCNSA-N,149.051049592,C5H11NO2S
395,tartronate semialdehyde,Tartronate semialdehyde,cpd00843,O=CC(O)C(=O)O,QWBAFPFNGRFSFB-UHFFFAOYSA-M,103.00368215591001,C3H3O4-
396,tetradecanoate,Myristic acid,cpd03847,CCCCCCCCCCCCCC(=O)O,TUNFSRHWOTWDNC-UHFFFAOYSA-M,227.20165368391,C14H27O2-
397,deoxyadenosine,Deoxyadenosine,cpd00438,Nc1ncnc2c1ncn2C1CC(O)C(CO)O1,OLXZPDWKRNYJJZ-RRKCRQDMSA-N,251.101839276,C10H13N5O3
398,coniferyl aldehyde,Ferulaldehyde,cpd01733,COc1cc(C=CC=O)ccc1O,DKZBBWMURDFHNE-NSCUHMNNSA-N,178.06299418,C10H10O3
399,no3-,Nitrate,cpd00209,O=[N+]([O-])[O-],NHNBFGGVMKEFGY-UHFFFAOYSA-N,61.98836643991001,NO3-
400,isochorismate,Isochorismate,cpd00658,C=C(OC1C=CC=C(C(=O)O)C1O)C(=O)O,NTGWPRCCOQCMGE-YUMQZZPRSA-L,224.03318513582002,C10H8O6-2
401,citrate,Citrate,cpd00137,O=C(O)CC(O)(CC(=O)O)C(=O)O,KRKNYBCHXYNGOX-UHFFFAOYSA-K,189.00517323973003,C6H5O7-3
402,hexanoate,Hexanoate,cpd01113,CCCCCC(=O)O,FUZZWVXGSFPDMH-UHFFFAOYSA-M,115.07645317191,C6H11O2-
403,adipate,Adipate,cpd03642,O=C(O)CCCCC(=O)O,WNLRTRBMVRJNCN-UHFFFAOYSA-L,144.04335589582,C6H8O4-2
404,p-hydroxyphenylpyruvate,p-hydroxyphenylpyruvate,cpd00868,O=C(O)C(=O)Cc1ccc(O)cc1,KKADPXVIOXHVKN-UHFFFAOYSA-M,179.03498228390998,C9H7O4-
405,dihydroneopterin triphosphate,,,N=c1nc(O)c2c([nH]1)NCC(C(O)C(O)COP(=O)(O)OP(=O)(O)OP(=O)(O)O)=N2,,494.99574546199983,C9H16N5O13P3
406,"1,2-diacylglycerol",,,CC(=O)OCC(CO)OC(C)=O,,176.068473484,C7H12O5
407,xanthosine-5-phosphate,,,O=P(O)(O)OCC1OC(n2cnc3c(O)nc(O)nc32)C(O)C1O,,364.04201462599997,C10H13N4O9P
408,acetoacetyl-coa,Acetoacetyl-CoA,cpd00279,CC(=O)CC(=O)SCCN=C(O)CCN=C(O)C(O)C(C)(C)COP(=O)(O)OP(=O)(O)OCC1OC(n2cnc3c(N)ncnc32)C(O)C1OP(=O)(O)O,OJFDKHTZOUZBOS-CITAKDKDSA-J,847.1072325216398,C25H36N7O18P3S-4
409,"5-amino-2,6-dioxy-4-(5'-phosphoribitylamino)pyrimidine",,,Nc1c(O)nc(O)nc1NCC(O)C(O)C(O)COP(=O)(O)O,,356.07331475399997,C9H17N4O9P
410,ll-diaminopimelate,"LL-2,6-Diaminopimelate",cpd00504,NC(CCCC(N)C(=O)O)C(=O)O,GMKMEZVLHJARHF-WHFBIAKZSA-N,190.095356928,C7H14N2O4
411,p-aminobenzoate,ABEE,cpd00443,Nc1ccc(C(=O)O)cc1,ALYNCZNDIQEVRV-UHFFFAOYSA-M,136.04040201191,C7H6NO2-
412,d-galactarate,Glucarate,cpd00571,O=C(O)C(O)C(O)C(O)C(O)C(=O)O,DSLZVSRJTYRBFB-LLEIAEIESA-L,208.02301437582,C6H8O8-2
413,(r)-3-hydroxybutanoate,(R)-3-Hydroxybutanoate,cpd00797,CC(O)CC(=O)O,WHBMMWSBFZVSSR-GSVOUGTGSA-M,103.04006766391001,C4H7O3-
414,pyridoxamine 5'-phosphate,Pyridoxamine phosphate,cpd00493,Cc1ncc(COP(=O)(O)O)c(CN)c1O,ZMJGSOSNSPKHNH-UHFFFAOYSA-M,247.04893169391,C8H12N2O5P-
415,2-c-methyl-d-erythritol-4-phosphate,2-C-methyl-D-erythritol4-phosphate,cpd08286,CC(O)(CO)C(O)COP(=O)(O)O,XMWHRVNVKDKBRG-UHNVWZDZSA-L,214.02533648182003,C5H11O7P-2
416,uridine,Uridine,cpd00249,O=c1nc(O)ccn1C1OC(CO)C(O)C1O,DRTQHJPVMGBUCF-XVFCMESISA-N,244.069536104,C9H12N2O6
417,no2-,,,O=N[O-],,45.99345181991001,NO2-
418,2-phosphoglycolate,2-Phosphoglycolate,cpd00727,O=C(O)COP(=O)(O)O,ASCFNMCAHFUBCO-UHFFFAOYSA-K,152.96054515373,C2H2O6P-3
419,3-hydroxyoctanoyl-coa,3-hydroxyoctanoyl-CoA,cpd16779,CCCCCC(O)CC(=O)SCCN=C(O)CCN=C(O)C(O)C(C)(C)COP(=O)(O)OP(=O)(O)OCC1OC(n2cnc3c(N)ncnc32)C(O)C1OP(=O)(O)O,,0.0,
420,glycolate,Glycolate,cpd00139,O=C(O)CO,AEMRFAOFKBGASW-UHFFFAOYSA-M,75.00876753591,C2H3O3-
421,6-phospho-gluconate,6-Phospho-D-gluconate,cpd00284,O=C(O)C(O)C(O)C(O)C(O)COP(=O)(O)O,BIRSGZKFKXLSJQ-SQOUGZDYSA-K,273.00280388973,C6H10O10P-3
422,n2-succinyl-l-arginine,N2-Succinyl-L-arginine,cpd02103,N=C(N)NCCCC(N=C(O)CCC(=O)O)C(=O)O,UMOXFSXIFQOWTD-LURJTMIESA-M,273.12044322391,C10H17N4O5-
423,9-carboxy-3-hydroxynonanoyl-coa,9-carboxy-3-hydroxynonanoyl-coa,cpd16605,CC(C)(COP(=O)(O)OP(=O)(O)OCC1OC(n2cnc3c(N)ncnc32)C(O)C1OP(=O)(O)O)C(O)C(=O)NCCC(=O)NCCSC(=O)CC(O)CCCCCCC(=O)O,,0.0,
424,caffeoyl-coa,Caffeoyl-CoA,cpd00270,CC(C)(COP(=O)(O)OP(=O)(O)OCC1OC(n2cnc3c(N)ncnc32)C(O)C1OP(=O)(O)O)C(O)C(=O)NCCC(=O)NCCSC(=O)C=Cc1ccc(O)c(O)c1,QHRGJMIMHCLHRG-ZSELIEHESA-J,925.1177972056402,C30H38N7O19P3S-4
425,dgtp,dGTP,cpd00241,Nc1nc(=O)c2ncn(C3CC(O)C(COP(=O)(O)OP(=O)(O)OP(=O)(O)O)O3)c2[nH]1,HAAZLUGHYHWQIW-KVQBGUIXSA-K,503.97391610572987,C10H13N5O13P3-3
426,udp-3-o-(3-hydroxymyristoyl)-n-acetylglucosamine,UDP-3-O-(beta-hydroxymyristoyl)-N-acetylglucosamine,cpd02886,CCCCCCCCCCCC(O)CC(=O)OC1C(O)C(CO)OC(OP(=O)(O)OP(=O)(O)OCC2OC(n3ccc(=O)[nH]c3=O)C(O)C2O)C1NC(C)=O,TZSJGZGYQDNRRX-MPLCHSTDSA-L,831.2602968318198,C31H51N3O19P2-2
427,carbamoyl-phosphate,Carbamoylphosphate,cpd00146,NC(=O)OP(=O)(O)O,FFQKYPRQEYGKAF-UHFFFAOYSA-L,138.96815595382,CH2NO5P-2
428,orotidine-5'-phosphate,Orotidylic acid,cpd00810,O=C(O)c1cc(=O)[nH]c(=O)n1C1OC(COP(=O)(O)O)C(O)C1O,KYOBSHFOBAOFBF-XVFCMESISA-K,365.0038665097299,C10H10N2O11P-3
429,d-lactate,L-Lactate,cpd00159,CC(O)C(=O)O,JVTAAEKCZFNVCJ-REOHCLBHSA-M,89.02441759991001,C3H5O3-
430,ttp,TTP,cpd00357,Cc1cn(C2CC(O)C(COP(=O)(O)OP(=O)(O)OP(=O)(O)O)O2)c(=O)[nH]c1=O,NHVNXKFIZYSCEB-XLPZGREQSA-K,478.9674337577298,C10H14N2O14P3-3
431,erythrose-4-phosphate,D-Erythrose4-phosphate,cpd00236,O=CC(O)C(O)COP(=O)(O)O,NGHMDNPXVRFFGS-IUYQGCFVSA-L,197.99403635382004,C4H7O7P-2
432,"trans,cis-octadec-2,9-enoyl-coa","(2E,9Z)-octadecenoyl-CoA",cpd31963,CCCCCCCCC=CCCCCCC=CC(=O)SCCNC(=O)CCNC(=O)C(O)C(C)(C)COP(=O)(O)OP(=O)(O)OCC1OC(n2cnc3c(N)ncnc32)C(O)C1OP(=O)(O)O,REOYMONHGHULEY-PPSVNWDXSA-J,1025.31576873364,C39H62N7O17P3S-4
433,"7,8-diaminononanoate",7-8-Diaminononanoate,cpd00764,CC(N)C(N)CCCCCC(=O)O,KCEGBPIYGIWCDH-UHFFFAOYSA-O,189.15975433209,C9H21N2O2+
434,n2-succinylglutamic-semialdehyde,N-Succinyl-L-glutamate 5-semialdehyde,cpd03526,O=CCCC(NC(=O)CCC(=O)O)C(=O)O,XTOKIEIBKARFSZ-LURJTMIESA-L,229.05973423182002,C9H11NO6-2
435,dtdp-4-dehydro-6-deoxy-d-glucose,dTDP-4-oxo-6-deoxy-D-glucose,cpd00521,Cc1cn(C2CC(O)C(COP(=O)(O)OP(=O)(O)OC3OC(C)C(=O)C(O)C3O)O2)c(=O)[nH]c1=O,PSXWNITXWWECNY-UCBTUHGZSA-L,544.0506384238198,C16H22N2O15P2-2
436,deamido-nad,Deamido-NAD,cpd00638,Nc1ncnc2c1ncn2C1OC(COP(=O)(O)OP(=O)(O)OCC2OC([n+]3cccc(C(=O)O)c3)C(O)C2O)C(O)C1O,SENPVEZBRZQVST-HISDBWNOSA-L,662.07858448782,C21H24N6O15P2-2
437,pqq,Pyrroloquinoline-quinone,cpd00097,O=C(O)c1cc(C(=O)O)c2c(n1)C(=O)C(=O)c1cc(C(=O)O)[nH]c1-2,MMXZSJMASHPLLR-UHFFFAOYSA-K,326.99058579573006,C14H3N2O8-3
438,1-deoxy-d-xylulose 5-phosphate,1-deoxy-D-xylulose5-phosphate,cpd08289,CC(=O)C(O)C(O)COP(=O)(O)O,AJPADPZSRRUGHI-RFZPGFLSSA-L,212.00968641782003,C5H9O7P-2
439,urea-1-carboxylate,Allophanate,cpd00742,NC(=O)NC(=O)O,AVWRKZWQTYIKIY-UHFFFAOYSA-M,103.01491553591,C2H3N2O3-
440,oxidized thioredoxin,trdox,cpd11420,*NC1CSSCC(C(*)=O)NC(=O)C(*)NC(=O)C(*)NC1=O,,317.03727331609,C10H13*4N4O4S2+
441,acetone,Acetone,cpd00178,CC(C)=O,CSCPPACGZOOCGX-UHFFFAOYSA-N,58.041864812,C3H6O
442,aicar,AICAR,cpd02851,NC(=O)c1ncn(C2OC(COP(=O)(O)O)C(O)C2O)c1N,NOTGFIUVDGNKRI-UUOKFMHZSA-L,336.04819716582006,C9H13N4O8P-2
443,propane aldoxime,propane aldoxime,cpd16666,CCC=NO,,0.0,
444,trans-7-carboxyhept-2-enoyl-coa,trans-7-carboxyhept-2-enoyl-coa,cpd16649,CC(C)(COP(=O)(O)OP(=O)(O)OCC1OC(n2cnc3c(N)ncnc32)C(O)C1OP(=O)(O)O)C(O)C(=O)NCCC(=O)NCCSC(=O)C=CCCCCC(=O)O,,0.0,
445,5-enolpyruvyl-shikimate-3-phosphate,5-O--1-Carboxyvinyl-3-phosphoshikimate,cpd00932,C=C(OC1CC(C(=O)O)=CC(OP(=O)(O)O)C1O)C(=O)O,QUTYKIXIUDQOLK-PRJMDXOYSA-J,319.99552743764,C10H9O10P-4
446,octadenoyl-coa,strcoa,cpd00327,CCCCCCCCCCCCCCCCCC(=O)SCCNC(=O)CCNC(=O)C(O)C(C)(C)COP(=O)(O)OP(=O)(O)OCC1OC(n2cnc3c(N)ncnc32)C(O)C1OP(=O)(O)O,SIARJEKBADXQJG-LFZQUHGESA-J,1029.3470688616399,C39H66N7O17P3S-4
447,cis-octadec-9-enol,cis-octadec-9-enol,cpd16639,CCCCCCCCC=CCCCCCCCCO,,0.0,
448,cis-3-oxooctadec-9-enoyl-coa,3-oxo-(9Z)-octadecenoyl-CoA,cpd32253,CCCCCCCCC=CCCCCCC(=O)CC(=O)SCCNC(=O)CCNC(=O)C(O)C(C)(C)COP(=O)(O)OP(=O)(O)OCC1OC(n2cnc3c(N)ncnc32)C(O)C1OP(=O)(O)O,AVEYYKDEKGJVBU-BPMMELMSSA-J,1041.31068335364,C39H62N7O18P3S-4
449,3-oxododecanoyl-coa,3-Oxododecanoyl-CoA,cpd03117,CCCCCCCCCC(=O)CC(=O)SCCNC(=O)CCNC(=O)C(O)C(C)(C)COP(=O)(O)OP(=O)(O)OCC1OC(n2cnc3c(N)ncnc32)C(O)C1OP(=O)(O)O,HQANBZHVWIDNQZ-GMHMEAMDSA-J,959.2324330336398,C33H52N7O18P3S-4
450,pqqh2,PQQH2,cpd00986,O=C(O)c1cc(C(=O)O)c2c(n1)c(O)c(O)c1cc(C(=O)O)[nH]c12,QZMUBZJJJKIXKV-UHFFFAOYSA-K,329.00623585973005,C14H5N2O8-3
451,fmn,FMN,cpd00050,Cc1cc2nc3c(=O)[nH]c(=O)nc-3n(CC(O)C(O)C(O)COP(=O)(O)O)c2cc1C,ANKZYBDXHMZBDK-SCRDCRAPSA-K,453.0827855257299,C17H18N4O9P-3
452,undecaprenyl phosphate,Undecaprenylphosphate,cpd00286,CC(C)=CCCC(C)=CCCC(C)=CCCC(C)=CCCC(C)=CCCC(C)=CCCC(C)=CCCC(C)=CCCC(C)=CCCC(C)=CCCC(C)=CCOP(=O)(O)O,UFPHFKCTOZIAFY-RDQGWRCRSA-L,844.65094511782,C55H89O4P-2
453,cis-aconitate,cis-Aconitate,cpd00331,O=C(O)C=C(CC(=O)O)C(=O)O,GTZCVFVGUGFEME-IWQZZHSRSA-K,170.99460855573003,C6H3O6-3
454,cis-hexadec-7-enol,cis-hexadec-7-enol,cpd16628,CCCCCCCCC=CCCCCCCO,,0.0,
455,dihydroxy-acetone-phosphate,Glycerone-phosphate,cpd00095,O=C(CO)COP(=O)(O)O,GNGACRATGGDKBX-UHFFFAOYSA-L,167.98347166982,C3H5O6P-2
456,reduced thioredoxin,trdrd,cpd11421,*NC(CS)C(=O)NC(*)C(=O)NC(*)C(=O)NC(CS)C(*)=O,,319.05292338008996,C10H15*4N4O4S2+
457,3-hydroxybutyryl-coa,(S)-3-Hydroxybutyryl-CoA,cpd00842,CC(O)CC(=O)SCCNC(=O)CCNC(=O)C(O)C(C)(C)COP(=O)(O)OP(=O)(O)OCC1OC(n2cnc3c(N)ncnc32)C(O)C1OP(=O)(O)O,QHHKKMYHDBRONY-VKBDFPRVSA-J,849.1228825856399,C25H38N7O18P3S-4
458,"2,5-dioxopentanoate","2,5-Dioxopentanoate",cpd00340,O=CCCC(=O)C(=O)O,VHKNBDIQDAXGBL-UHFFFAOYSA-M,129.01933221991,C5H5O4-
459,l-arogenate,Pretyrosine,cpd00616,NC(CC1(C(=O)O)C=CC(O)C=C1)C(=O)O,MIEILDYWGANZNH-DSQUFTABSA-M,226.07209606391,C10H12NO5-
460,malonyl-coa,Malonyl-CoA,cpd00070,CC(C)(COP(=O)(O)OP(=O)(O)OCC1OC(n2cnc3c(N)ncnc32)C(O)C1OP(=O)(O)O)C(O)C(=O)NCCC(=O)NCCSC(=O)CC(=O)O,LTYOQGRJFJAKNA-DVVLENMVSA-I,848.0792206255501,C24H33N7O19P3S-5
461,4-amino-5-hydroxymethyl-2-methylpyrimidine-pyrophosphate,4-Amino-2-methyl-5-diphosphomethylpyrimidine,cpd02894,Cc1ncc(COP(=O)(O)OP(=O)(O)O)c(N)n1,AGQJQCFEPUVXNK-UHFFFAOYSA-L,296.99267004782,C6H9N3O7P2-2
462,"3,4-dihydroxyphenyl-beta-hydroxypropionyl-coa","3-(3,4-dihydroxyphenyl)-3-hydroxypropanoate",cpd33217,CC(C)(COP(=O)(O)OP(=O)(O)OCC1OC(n2cnc3c(N)ncnc32)C(O)C1OP(=O)(O)O)C(O)C(=O)NCCC(=O)NCCSC(=O)CC(O)c1ccc(O)c(O)c1,PIDCKTUHAFJESG-YBHYYHSUSA-J,943.1283618896401,C30H40N7O20P3S-4
463,4-hydroxyphenyl-beta-hydroxypropionyl-coa,3-(4-hydroxyphenyl)-3-hydroxy-propanoyl-CoA,cpd23287,CC(C)(COP(=O)(O)OP(=O)(O)OCC1OC(n2cnc3c(N)ncnc32)C(O)C1OP(=O)(O)O)C(O)C(=O)NCCC(=O)NCCSC(=O)CC(O)c1ccc(O)cc1,VDDFXUMTXCQMFM-UGDQNKSBSA-J,927.1334472696401,C30H40N7O19P3S-4
464,phosphoribosyl-formamido-carboxamide,FAICAR,cpd02884,NC(=O)c1ncn(C2OC(COP(=O)(O)O)C(O)C2O)c1NC=O,ABCOOORLYAOBOZ-KQYNXXCUSA-L,364.04311178582003,C10H13N4O9P-2
465,trans-3-oxohex-4-enoyl-coa,trans-3-oxohex-4-enoyl-coa,cpd16647,CC=CC(=O)CC(=O)SCCNC(=O)CCNC(=O)C(O)C(C)(C)COP(=O)(O)OP(=O)(O)OCC1OC(n2cnc3c(N)ncnc32)C(O)C1OP(=O)(O)O,,0.0,
466,ethylsalicylate,ethylsalicylate,cpd16657,CCOC(=O)c1ccccc1O,,0.0,
467,BETAINE_ALDEHYDE,Betaine aldehyde,cpd00447,C[N+](C)(C)CC=O,SXKNCCSPZDCRFD-UHFFFAOYSA-N,102.09134042408999,C5H12NO+
468,d-4-hydroxy-2-keto-glutarate,4-Hydroxy-2-oxoglutarate,cpd00830,O=C(O)C(=O)CC(O)C(=O)O,WXSKVKPSMAHCSG-UHFFFAOYSA-L,160.00188500782,C5H4O6-2
469,udp-n-acetylmuramate,UDP-MurNAc,cpd00773,CC(=O)NC1C(OP(=O)(O)OP(=O)(O)OCC2OC(n3ccc(=O)[nH]c3=O)C(O)C2O)OC(CO)C(O)C1OC(C)C(=O)O,NQBRVZNDBBMBLJ-MQTLHLSBSA-K,676.08086967573,C20H28N3O19P2-3
470,"2,3-dihydroxy-isovalerate","2,3-Dihydroxy-isovalerate",cpd02498,CC(C)(O)C(O)C(=O)O,JTEYKUFKXGDTEU-UHFFFAOYSA-M,133.05063234791,C5H9O4-
471,n-acetyl-glucosamine-1-phosphate,N-Acetyl-D-glucosamine1-phosphate,cpd02611,CC(=O)NC1C(OP(=O)(O)O)OC(CO)C(O)C1O,FZLJPEPAYPUMMR-ZTVVOAFPSA-L,299.04171481782,C8H14NO9P-2
472,dtdp-d-glucose,dTDPglucose,cpd00626,Cc1cn(C2CC(O)C(COP(=O)(O)OP(=O)(O)OC3OC(CO)C(O)C(O)C3O)O2)c(=O)[nH]c1=O,YSYKRGRSMLTJNL-URARBOGNSA-L,562.0612031078198,C16H24N2O16P2-2
473,3-hydroxypentanoyl-coa,(R)-3-hydroxyvaleryl-CoA,cpd23920,CCC(O)CC(=O)SCCNC(=O)CCNC(=O)C(O)C(C)(C)COP(=O)(O)OP(=O)(O)OCC1OC(n2cnc3c(N)ncnc32)C(O)C1OP(=O)(O)O,YYGYPCRWZMLSGK-ORUMCERNSA-J,863.1385326496397,C26H40N7O18P3S-4
474,"2,5-dihydro-5-oxofuran-2-acetate",Muconolactone,cpd02536,O=C(O)CC1C=CC(=O)O1,HPEKPJGPWNSAAV-UHFFFAOYSA-M,141.01933221991,C6H5O4-
475,4-hydroxybenzaldehyde,p-Hydroxybenzaldehyde,cpd00484,O=Cc1ccc(O)cc1,RGHHSNMVTDWUBI-UHFFFAOYSA-N,122.036779432,C7H6O2
476,d-methionine,L-Methionine,cpd00060,CSCCC(N)C(=O)O,FFEARJCKVFRZRR-BYPYZUCNSA-N,149.051049592,C5H11NO2S
477,glycerol-3-phosphate,Glycerol-3-phosphate,cpd00080,O=P(O)(O)OCC(O)CO,AWUCVROLDVIAJX-GSVOUGTGSA-L,169.99912173382,C3H7O6P-2
478,udp-n-acetylmuramoyl-l-alanine,UDP-N-acetylmuramoyl-L-alanine,cpd00890,CC(=O)NC1C(OP(=O)(O)OP(=O)(O)OCC2OC(n3ccc(=O)[nH]c3=O)C(O)C2O)OC(CO)C(O)C1OC(C)C(=O)NC(C)C(=O)O,NTMMCWJNQNKACG-KBKUWGQMSA-K,747.11798345573,C23H33N4O20P2-3
479,1-amino-propan-2-one-3-phosphate,3-Amino-2-oxopropyl phosphate,cpd08449,NCC(=O)COP(=O)(O)O,HIQNVODXENYOFK-UHFFFAOYSA-M,168.00673253391,C3H7NO5P-
480,cis-octadec-9-enoate,Oleate,cpd00536,CCCCCCCCC=CCCCCCCCC(=O)O,ZQPPMHVWECSIRJ-KTKRTIGZSA-M,281.24860387591,C18H33O2-
481,s-adenosyl-l-methionine,S-Adenosyl-L-methionine,cpd00017,C[S+](CCC(N)C(=O)O)CC1OC(n2cnc3c(N)ncnc32)C(O)C1O,MEFKEPWMEQBLKI-AIRLBKTGSA-O,399.14451525609,C15H23N6O5S+
482,pseudouridine 5'-phosphate,Pseudouridine 5'-phosphate,cpd00859,O=c1[nH]cc(C2OC(COP(=O)(O)O)C(O)C2O)c(=O)[nH]1,MOBMOJGXNHLLIR-GBNDHIKLSA-L,322.02131372182004,C9H11N2O9P-2
483,2-aceto-lactate,ALCTT,cpd00668,CC(=O)C(C)(O)C(=O)O,NMDWGEGFJUBKLB-UHFFFAOYSA-M,131.03498228391,C5H7O4-
484,trans-octa-2-enoyl-coa,(2E)-Octenoyl-CoA,cpd03130,CCCCCC=CC(=O)SCCNC(=O)CCNC(=O)C(O)C(C)(C)COP(=O)(O)OP(=O)(O)OCC1OC(n2cnc3c(N)ncnc32)C(O)C1OP(=O)(O)O,CPSDNAXXKWVYIY-NTLMCJQISA-J,887.1749181576398,C29H44N7O17P3S-4
485,cis-3-hydroxytetradec-4-enoyl-coa,cis-3-hydroxytetradec-4-enoyl-coa,cpd16613,CCCCCCCCCC=CC(O)CC(=O)SCCNC(=O)CCNC(=O)C(O)C(C)(C)COP(=O)(O)OP(=O)(O)OCC1OC(n2cnc3c(N)ncnc32)C(O)C1OP(=O)(O)O,,0.0,
486,3-hydroxyhexadecanoyl-coa,(S)-3-Hydroxyhexadecanoyl-CoA,cpd03113,CCCCCCCCCCCCCC(O)CC(=O)SCCNC(=O)CCNC(=O)C(O)C(C)(C)COP(=O)(O)OP(=O)(O)OCC1OC(n2cnc3c(N)ncnc32)C(O)C1OP(=O)(O)O,DEHLMTDDPWDRDR-QQOJFMBSSA-J,1017.31068335364,C37H62N7O18P3S-4
487,6-carboxyhex-2-enoyl-coa,6-Carboxyhex-2-enoyl-CoA,cpd04111,CC(C)(COP(=O)(O)OP(=O)(O)OCC1OC(n2cnc3c(N)ncnc32)C(O)C1OP(=O)(O)O)C(O)C(=O)NCCC(=O)NCCSC(=O)C=CCCCC(=O)O,JLSPXYVUFSDGNY-RGWPIYMPSA-I,902.12617081755,C28H39N7O19P3S-5
488,cis-3-oxotetradec-4-enoyl-coa,cis-3-oxotetradec-4-enoyl-coa,cpd16615,CCCCCCCCCC=CC(=O)CC(=O)SCCNC(=O)CCNC(=O)C(O)C(C)(C)COP(=O)(O)OP(=O)(O)OCC1OC(n2cnc3c(N)ncnc32)C(O)C1OP(=O)(O)O,,0.0,
489,cardiolipin,Cardiolipin,cpd12801,*C(=O)OCC(COP(=O)(O)OCC(O)COP(=O)(O)OCC(COC(*)=O)OC(*)=O)OC(*)=O,,505.98736947181976,C13H16*4O17P2-2
490,propane amide,propanamide,cpd27812,CCC(N)=O,QLNJFJADRCOGBJ-UHFFFAOYSA-N,73.052763844,C3H7NO
491,3-hydroxydodecanoyl-coa,(S)-3-Hydroxydodecanoyl-CoA,cpd03116,CCCCCCCCCC(O)CC(=O)SCCNC(=O)CCNC(=O)C(O)C(C)(C)COP(=O)(O)OP(=O)(O)OCC1OC(n2cnc3c(N)ncnc32)C(O)C1OP(=O)(O)O,IJFLXRCJWPKGKJ-LXIXEQKWSA-J,961.2480830976399,C33H54N7O18P3S-4
492,cis-tetradec-4-enoyl-coa,cis-tetradec-4-enoyl-coa,cpd16617,CCCCCCCCCC=CCCC(=O)SCCNC(=O)CCNC(=O)C(O)C(C)(C)COP(=O)(O)OP(=O)(O)OCC1OC(n2cnc3c(N)ncnc32)C(O)C1OP(=O)(O)O,,0.0,
493,VITAMIN_K_{2},MK-4,cpd25799,CC(C)=CCCC(C)=CCCC(C)=CCCC(C)=CCC1=C(C)C(=O)c2ccccc2C1=O,DKHGMERMDICWDU-GHDNBGIDSA-N,444.30283051999993,C31H40O2
494,1-(o-carboxyphenylamino)-1'-deoxyribulose-5'-phosphate,1-(2-carboxyphenylamino)-1-deoxyribulose 5-phosphate,cpd00956,O=C(O)c1ccccc1NCC(=O)C(O)C(O)COP(=O)(O)O,QKMBYNRMPRKVTO-MNOVXSKESA-K,346.03443836572995,C12H13NO9P-3
495,cis-tetradec-4-enoate,cis-tetradec-4-enoate,cpd16609,CCCCCCCCCC=CCCC(=O)O,,0.0,
496,ubiquinone(40),Ubiquinone-8,cpd15560,COC1=C(OC)C(=O)C(CC=C(C)CCC=C(C)CCC=C(C)CCC=C(C)CCC=C(C)CCC=C(C)CCC=C(C)CCC=C(C)C)=C(C)C1=O,ICFIZJQGJAJRSU-SGHXUWJISA-N,726.558710848,C49H74O4
497,"trans-hex-2,4-enoyl-coa",sorbyl-CoA,cpd28157,CC=CC=CC(=O)SCCNC(=O)CCNC(=O)C(O)C(C)(C)COP(=O)(O)OP(=O)(O)OCC1OC(n2cnc3c(N)ncnc32)C(O)C1OP(=O)(O)O,OUDBPEVXTMAWSG-VUJIAKIYSA-J,857.1279679656398,C27H38N7O17P3S-4
498,octadenoate,ocdca,cpd01080,CCCCCCCCCCCCCCCCCC(=O)O,QIQXTHQIDYTFRH-UHFFFAOYSA-M,283.26425393991,C18H35O2-
499,7-carboxy-3-hydroxyheptanoyl-coa,7-carboxy-3-hydroxyheptanoyl-coa,cpd16650,CC(C)(COP(=O)(O)OP(=O)(O)OCC1OC(n2cnc3c(N)ncnc32)C(O)C1OP(=O)(O)O)C(O)C(=O)NCCC(=O)NCCSC(=O)CC(O)CCCCC(=O)O,,0.0,
500,cis-3-oxohexadec-7-enoyl-coa,3-oxo-(7Z)-hexadecenoyl-CoA,cpd32368,CCCCCCCCC=CCCCC(=O)CC(=O)SCCNC(=O)CCNC(=O)C(O)C(C)(C)COP(=O)(O)OP(=O)(O)OCC1OC(n2cnc3c(N)ncnc32)C(O)C1OP(=O)(O)O,BUCIFQOXNYHEOO-YDGGZUKGSA-J,1013.27938322564,C37H58N7O18P3S-4
501,s-lactoyl-glutathione,(R)-S-Lactoylglutathione,cpd02182,CC(O)C(=O)SCC(NC(=O)CCC(N)C(=O)O)C(=O)NCC(=O)O,VDYDCVUWILIYQF-CSMHCCOUSA-M,378.09765917990995,C13H20N3O8S-
502,carbamoyl-l-aspartate,N-Carbamoyl-L-aspartate,cpd00343,NC(=O)NC(CC(=O)O)C(=O)O,HLKXYZVTANABHZ-REOHCLBHSA-L,174.02876845182,C5H6N2O5-2
503,gdp-mannose,GDP-mannose,cpd00083,Nc1nc(=O)c2ncn(C3OC(COP(=O)(O)OP(=O)(O)OC4OC(CO)C(O)C(O)C4O)C(O)C3O)c2[nH]1,MVMSCBBUIHUTGJ-WONUKNIPSA-L,603.0626000758198,C16H23N5O16P2-2
504,dudp,dUDP,cpd00978,O=c1ccn(C2CC(O)C(COP(=O)(O)OP(=O)(O)O)O2)c(=O)[nH]1,QHWZTVCCBMIIKE-SHYZEUOFSA-L,385.9927296238199,C9H12N2O11P2-2
505,1-hydroxy-2-methyl-2-(e)-butenyl 4-diphosphate,1-Hydroxy-2-methyl-2-butenyl 4-diphosphate,cpd08615,CC(=CCOP(=O)(O)OP(=O)(O)O)CO,MDSIZRKJVDMQOQ-GORDUTHDSA-L,259.98618769982,C5H10O8P2-2
506,ubiquinol(40),Ubiquinol-8,cpd15561,COc1c(O)c(C)c(CC=C(C)CCC=C(C)CCC=C(C)CCC=C(C)CCC=C(C)CCC=C(C)CCC=C(C)CCC=C(C)C)c(O)c1OC,LOJUQFSPYHMHEO-SGHXUWJISA-N,728.5743609120001,C49H76O4
507,n-(5'-phosphoribosyl)-anthranilate,N-5-phosphoribosyl-anthranilate,cpd02642,O=C(O)c1ccccc1NC1OC(COP(=O)(O)O)C(O)C1O,PMFMJXPRNJUYMB-GWOFURMSSA-K,346.03443836572995,C12H13NO9P-3
508,cis-3-hydroxyhexadec-7-enoyl-coa,(S)-3-hydroxy-(7Z)-hexadecenoyl-CoA,cpd32607,CCCCCCCCC=CCCCC(O)CC(=O)SCCNC(=O)CCNC(=O)C(O)C(C)(C)COP(=O)(O)OP(=O)(O)OCC1OC(n2cnc3c(N)ncnc32)C(O)C1OP(=O)(O)O,KZLHPKRIEDLQGG-SQUPIXLDSA-J,1015.29503328964,C37H60N7O18P3S-4
509,trans-9-carboxynon-2-enoyl-coa,trans-9-carboxynon-2-enoyl-coa,cpd16604,CC(C)(COP(=O)(O)OP(=O)(O)OCC1OC(n2cnc3c(N)ncnc32)C(O)C1OP(=O)(O)O)C(O)C(=O)NCCC(=O)NCCSC(=O)C=CCCCCCCC(=O)O,,0.0,
510,"trans,cis-tetradec-2,4-enoyl-coa",(5Z)-tetradec-5-enoyl-CoA,cpd35448,CCCCCCCCC=CCCCC(=O)SCCNC(=O)CCNC(=O)C(O)C(C)(C)COP(=O)(O)OP(=O)(O)OCC1OC(n2cnc3c(N)ncnc32)C(O)C1OP(=O)(O)O,MRVDZOHJMLTLHJ-STFCKWFXSA-J,971.2688185416399,C35H56N7O17P3S-4
511,"trans,cis-hexadec-2,7-enoyl-coa","(2E,7Z)-hexadecenoyl-CoA",cpd35321,CCCCCCCCC=CCCCC=CC(=O)SCCNC(=O)CCNC(=O)C(O)C(C)(C)COP(=O)(O)OP(=O)(O)OCC1OC(n2cnc3c(N)ncnc32)C(O)C1OP(=O)(O)O,YQARRKBGBKPBCX-DVZFGLDUSA-J,997.28446860564,C37H58N7O17P3S-4
512,trans-pent-2-enoyl-coa,Pent-2-enoyl-CoA,cpd01613,CCC=CC(=O)SCCNC(=O)CCNC(=O)C(O)C(C)(C)COP(=O)(O)OP(=O)(O)OCC1OC(n2cnc3c(N)ncnc32)C(O)C1OP(=O)(O)O,GJSFKOVNQYGUGN-JQVZGLFNSA-J,845.1279679656398,C26H38N7O17P3S-4
513,"2,3-bis(3-hydroxymyristoyl)-beta-d-glucosaminyl 1-phosphate",Lipid X,cpd02930,CCCCCCCCCCCC(O)CC(=O)NC1C(OP(=O)(O)O)OC(CO)C(O)C1OC(=O)CC(O)CCCCCCCCCCC,HEHQDWUWJVPREQ-XQJZMFRCSA-L,709.4177102778198,C34H64NO12P-2
514,9-carboxy-3-oxononanoyl-coa,9-carboxy-3-oxononanoyl-coa,cpd16606,CC(C)(COP(=O)(O)OP(=O)(O)OCC1OC(n2cnc3c(N)ncnc32)C(O)C1OP(=O)(O)O)C(O)C(=O)NCCC(=O)NCCSC(=O)CC(=O)CCCCCCC(=O)O,,0.0,
515,d-aspartate,L-Aspartate,cpd00041,NC(CC(=O)O)C(=O)O,CKLJMWTZIZZHCS-REOHCLBHSA-M,132.03023125191,C4H6NO4-
516,l-histidinol-phosphate,L-histidinol-phosphate,cpd00807,NC(COP(=O)(O)O)Cc1c[nH]cn1,CWNDERHTHMWBSI-YFKPBYRVSA-M,220.04926604191,C6H11N3O4P-
517,3-hydroxydecanoyl-coa,(S)-Hydroxydecanoyl-CoA,cpd03118,CCCCCCCC(O)CC(=O)SCCNC(=O)CCNC(=O)C(O)C(C)(C)COP(=O)(O)OP(=O)(O)OCC1OC(n2cnc3c(N)ncnc32)C(O)C1OP(=O)(O)O,HIVSMYZAMUNFKZ-PNPVFPMQSA-J,933.2167829696399,C31H50N7O18P3S-4
518,"cis-1,2-dihydroxybenzoate","1,2-Dihydroxycyclohexa-3,5-diene-1-carboxylate",cpd02821,O=C(O)C1(O)C=CC=CC1O,PUCYIVFXTPWJDD-UHFFFAOYSA-M,155.03498228390998,C7H7O4-
519,dgdp,dGDP,cpd00295,Nc1nc(=O)c2ncn(C3CC(O)C(COP(=O)(O)OP(=O)(O)O)O3)c2[nH]1,CIKGWCTVFSRMJU-KVQBGUIXSA-L,425.01486203581993,C10H13N5O10P2-2
520,l-proline,L-Proline,cpd00129,O=C(O)C1CCCN1,ONIBWKKTOPOVIA-BYPYZUCNSA-N,115.063328528,C5H9NO2
521,undecaprenol,Undecaprenol,cpd01352,CCC=C(C)CCC=C(C)CCC=C(C)CCC=C(C)CCC=C(C)CCC=C(C)CCC=C(C)CCC=C(C)CCC=C(C)CCC=C(C)CCC=C(C)C,VAJPCGVYTGDDAV-RPAYVJDFSA-N,764.719902944,C56H92
522,dtmp,Thiamine phosphate,cpd00793,Cc1ncc(C[n+]2csc(CCOP(=O)(O)O)c2C)c(N)n1,HZSAJDVWZRBGIF-UHFFFAOYSA-N,344.070812654,C12H17N4O4PS
523,nadh,NADH,cpd00004,NC(=O)C1=CN(C2OC(COP(=O)(O)OP(=O)(O)OCC3OC(n4cnc5c(N)ncnc54)C(O)C3O)C(O)C2O)C=CC1,BOPGDPNILDQYTO-NNYOXOHSSA-L,663.1102189638201,C21H27N7O14P2-2
524,ump,UMP,cpd00091,O=c1ccn(C2OC(COP(=O)(O)O)C(O)C2O)c(=O)[nH]1,DJJCXFVJDGTHFX-XVFCMESISA-L,322.02131372182004,C9H11N2O9P-2
525,propane nitrile,propionitrile,cpd25464,CCC#N,FVSKHRXBFJPNKK-UHFFFAOYSA-N,55.042199159999996,C3H5N
526,nadp,NADP,cpd00006,NC(=O)c1ccc[n+](C2OC(COP(=O)(O)OP(=O)(O)OCC3OC(n4cnc5c(N)ncnc54)C(OP(=O)(O)O)C3O)C(O)C2O)c1,XJLXINKUBYWONI-NNYOXOHSSA-K,740.0536229697302,C21H25N7O17P3-3
527,salicylacetate,Aspirin,cpd01006,CC(=O)Oc1ccccc1C(=O)O,BSYNRYMUTXBXSQ-UHFFFAOYSA-M,179.03498228391,C9H7O4-
528,4-hydroxybenzylacetate,4-hydroxybenzylacetate,cpd16658,CC(=O)OCc1ccc(O)cc1,,0.0,
529,"3,4-dihydroxyphenylpropionyl-coa","3-(3,4-dihydroxyphenyl)propanoyl-CoA",cpd35716,CC(C)(COP(=O)(O)OP(=O)(O)OCC1OC(n2cnc3c(N)ncnc32)C(O)C1OP(=O)(O)O)C(O)C(=O)NCCC(=O)NCCSC(=O)CCc1ccc(O)c(O)c1,NDSCGRAEWDSLKF-FUEUKBNZSA-J,927.1334472696401,C30H40N7O19P3S-4
530,"udp-n-acetylmuramoyl-l-alanyl-d-glutamyl-meso-2,6-diaminoheptanedioate- d-alanyl-d-alanine",UDP-N-acetylmuramoyl-L-Ala-D-gamma-Glu-6-carboxy-L-Lys-(D-Ala)2,cpd02932,CC(=O)NC1C(OP(=O)(O)OP(=O)(O)OCC2OC(n3ccc(=O)[nH]c3=O)C(O)C2O)OC(CO)C(O)C1OC(C)C(=O)NC(C)C(=O)NC(CCC(=O)NC(CCCC(N)C(=O)O)C(=O)NC(C)C(=O)NC(C)C(=O)O)C(=O)O,IMWOXEZVYQDRDF-MCZXNMLPSA-J,1189.3123198916396,C41H61N9O28P2-4
531,"n-acetylmuramoyl-l-alanyl-d-glutamyl-meso-2,6-diaminoheptane- d-alanyl-d-alanine-diphosphoundecaprenol",,,CC(C)=CCCC(C)=CCCC(C)=CCCC(C)=CCCC(C)=CCCC(C)=CCCC(C)=CCCC(C)=CCCC(C)=CCCC(C)=CCCC(C)=CCOP(=O)(O)OP(=O)(O)OC1OC(CO)C(O)C(OC(C)C(O)=NC(C)C(O)=NC(CCC(O)=NC(CCCC(N)C(=O)O)C(O)=NC(C)C(O)=NC(C)C(=O)O)C(=O)O)C1N=C(C)O,,1715.9710570959992,C87H143N7O23P2
532,pppi,Triphosphate,cpd00421,O=P(O)(O)OP(=O)(O)OP(=O)(O)O,UNXRWKVEANCORM-UHFFFAOYSA-J,253.88045044164005,HO10P3-4
533,3-oxoxyhexanoyl-coa,3-Oxohexanoyl-CoA,cpd03123,CCCC(=O)CC(=O)SCCNC(=O)CCNC(=O)C(O)C(C)(C)COP(=O)(O)OP(=O)(O)OCC1OC(n2cnc3c(N)ncnc32)C(O)C1OP(=O)(O)O,NFOYYXQAVVYWKV-HDRQGHTBSA-J,875.1385326496397,C27H40N7O18P3S-4
534,"udp-n-acetylmuramoyl-l-alanyl-d-glutamyl-meso-2,6-diaminoheptanedioate",UDP-N-acetylmuramoyl-L-alanyl-D-gamma-glutamyl-meso-2-6-diaminopimelate,cpd02964,CC(=O)NC1C(OP(=O)(O)OP(=O)(O)OCC2OC(n3ccc(=O)[nH]c3=O)C(O)C2O)OC(CO)C(O)C1OC(C)C(=O)NC(C)C(=O)NC(CCC(=O)NC(CCCC(N)C(=O)O)C(=O)O)C(=O)O,QUHLBZKCGUXHGP-BHBBPGSKSA-J,1047.23809233164,C35H51N7O26P2-4
535,4-carboxy-3-oxobutanoyl-coa,4-carboxy-3-oxobutanoyl-coa,cpd16644,CC(C)(COP(=O)(O)OP(=O)(O)OCC1OC(n2cnc3c(N)ncnc32)C(O)C1OP(=O)(O)O)C(O)C(=O)NCCC(=O)NCCSC(=O)CC(=O)CC(=O)O,,0.0,
536,o-acetyl-l-homoserine,O-Acetyl-L-homoserine,cpd00790,CC(=O)OCCC(N)C(=O)O,FCXZBWSIAGGPCB-YFKPBYRVSA-N,161.068807832,C6H11NO4
537,l-arginino-succinate,L-Argininosuccinate,cpd02152,N=C(NCCCC(N)C(=O)O)NC(CC(=O)O)C(=O)O,KDZOASGQNOPSCU-ZBHICJROSA-M,289.11535784391003,C10H17N4O6-
538,L-PHOSPHATIDATE_PL,"1,2-diacyl-sn-glycerol 3-phosphate",cpd11422,*C(=O)OCC(COP(=O)(O)O)OC(*)=O,,223.97330090982,C5H5*2O8P-2
539,3-hydroxytetradecanoyl-coa,(S)-3-Hydroxytetradecanoyl-CoA,cpd03115,CCCCCCCCCCCC(O)CC(=O)SCCNC(=O)CCNC(=O)C(O)C(C)(C)COP(=O)(O)OP(=O)(O)OCC1OC(n2cnc3c(N)ncnc32)C(O)C1OP(=O)(O)O,OXBHKMHNDGRDCZ-STLSENOWSA-J,989.2793832256399,C35H58N7O18P3S-4
540,udp-n-acetyl-3-(1-carboxyvinyl)-d-glucosamine,UDP-N-acetylglucosamine enolpyruvate,cpd02820,C=C(OC1C(O)C(CO)OC(OP(=O)(O)OP(=O)(O)OCC2OC(n3ccc(=O)[nH]c3=O)C(O)C2O)C1NC(C)=O)C(=O)O,BEGZZYPUNCJHKP-DBYWSUQTSA-K,674.06521961173,C20H26N3O19P2-3
541,benzylacetate,benzylacetate,cpd11193,CC(=O)OCc1ccccc1,QUKGYYKBILRGFE-UHFFFAOYSA-N,150.06807956,C9H10O2
542,octanoyl-coa,Octanoyl-CoA,cpd01335,CCCCCCCC(=O)SCCNC(=O)CCNC(=O)C(O)C(C)(C)COP(=O)(O)OP(=O)(O)OCC1OC(n2cnc3c(N)ncnc32)C(O)C1OP(=O)(O)O,KQMZYOXOBSXMII-CECATXLMSA-J,889.1905682216399,C29H46N7O17P3S-4
543,l-phenylalanine,L-Phenylalanine,cpd00066,NC(Cc1ccccc1)C(=O)O,COLNVLDHVKWLRT-QMMMGPOBSA-N,165.078978592,C9H11NO2
544,"2,3-dihydro-2,3-dihydroxybenzoate","2,3-Dihydroxy-2,3-dihydrobenzoate",cpd02566,O=C(O)C1=CC=CC(O)C1O,INCSWYKICIYAHB-WDSKDSINSA-M,155.03498228391,C7H7O4-
545,3-dehydro-shikimate,3-Dehydroshikimate,cpd01716,O=C(O)C1=CC(=O)C(O)C(O)C1,SLWWJZMPHJJOPH-PHDIDXHHSA-M,171.02989690391001,C7H7O5-
546,3-hydroxyhexanoyl-coa,(S)-Hydroxyhexanoyl-CoA,cpd03122,CCCC(O)CC(=O)SCCNC(=O)CCNC(=O)C(O)C(C)(C)COP(=O)(O)OP(=O)(O)OCC1OC(n2cnc3c(N)ncnc32)C(O)C1OP(=O)(O)O,VAAHKRMGOFIORX-DWUFXMDISA-J,877.1541827136398,C27H42N7O18P3S-4
547,5-phospho-ribosyl-glycineamide,GAR,cpd02394,NCC(=O)NC1OC(COP(=O)(O)O)C(O)C1O,OBQMLSFOUZUIOB-SHUUEZRQSA-M,285.04932561791,C7H14N2O8P-
548,cis-hexadec-7-enal,cis-hexadec-7-enal,cpd16626,CCCCCCCCC=CCCCCCC=O,,0.0,
549,7-carboxy-3-oxoheptanoyl-coa,7-carboxy-3-oxoheptanoyl-coa,cpd16651,CC(C)(COP(=O)(O)OP(=O)(O)OCC1OC(n2cnc3c(N)ncnc32)C(O)C1OP(=O)(O)O)C(O)C(=O)NCCC(=O)NCCSC(=O)CC(=O)CCCCC(=O)O,,0.0,
550,cis-3-hydroxyoctadec-9-enoyl-coa,(S)-3-hydroxy-(9Z)-octadecenoyl-CoA,cpd34075,CCCCCCCCC=CCCCCCC(O)CC(=O)SCCNC(=O)CCNC(=O)C(O)C(C)(C)COP(=O)(O)OP(=O)(O)OCC1OC(n2cnc3c(N)ncnc32)C(O)C1OP(=O)(O)O,LHAYYTCFPMUQNR-DFXYPYGHSA-J,1043.32633341764,C39H64N7O18P3S-4
551,udp-3-o-(3-hydroxymyristoyl)glucosamine,UDP-3-O-(beta-hydroxymyristoyl)-D-glucosamine,cpd03584,CCCCCCCCCCCC(O)CC(=O)OC1C(N)C(OP(=O)(O)OP(=O)(O)OCC2OC(n3ccc(=O)[nH]c3=O)C(O)C2O)OC(CO)C1O,ZFPNNOXCEDQJQS-SSVOXRMNSA-M,790.2570085999099,C29H50N3O18P2-
552,(kdo)-lipid iv(a),KDO-lipid IV(A),cpd03585,CCCCCCCCCCCC(O)CC(=O)NC1C(OP(=O)(O)O)OC(COC2OC(COC3(C(=O)O)CC(O)C(O)C(C(O)CO)O3)C(OP(=O)(O)O)C(OC(=O)CC(O)CCCCCCCCCCC)C2NC(=O)CC(O)CCCCCCCCCCC)C(O)C1OC(=O)CC(O)CCCCCCCCCCC,GPNCBCJEDRRCDW-ACUQGRCXSA-I,1619.8758821435495,C76H137N2O30P2-5
553,d-cysteine,L-Cysteine,cpd00084,NC(CS)C(=O)O,XUJNEKJLAYXESH-REOHCLBHSA-N,121.019749464,C3H7NO2S
554,n5-carboxyaminoimidazole ribonucleotide,5-phosphoribosyl-5-carboxyaminoimidazole,cpd11310,O=C(O)Nc1cncn1C1OC(COP(=O)(O)O)C(O)C1O,JHLXDWGVSYMXPL-XVFCMESISA-K,336.02493630172995,C9H11N3O9P-3
555,propionyl-p,Propionyl phosphate,cpd01844,CCC(=O)OP(=O)(O)O,FMNMEQSRDWIBFO-UHFFFAOYSA-L,151.98855704982,C3H5O5P-2
556,3-oxotetradecanoyl-coa,3-Oxotetradecanoyl-CoA,cpd12689,CCCCCCCCCCCC(=O)CC(=O)SCCNC(=O)CCNC(=O)C(O)C(C)(C)COP(=O)(O)OP(=O)(O)OCC1OC(n2cnc3c(N)ncnc32)C(O)C1OP(=O)(O)O,IQNFBGHLIVBNOU-QSGBVPJFSA-J,987.2637331616398,C35H56N7O18P3S-4
557,methylmalonate-semialdehyde,3-Oxo-2-methylpropanoate,cpd00287,CC(C=O)C(=O)O,VOKUMXABRRXHAR-UHFFFAOYSA-M,101.02441759991001,C4H5O3-
558,2-aceto-2-hydroxy-butyrate,2-Aceto-2-hydroxybutanoate,cpd00498,CCC(O)(C(C)=O)C(=O)O,VUQLHQFKACOHNZ-LURJTMIESA-M,145.05063234791,C6H9O4-
559,4-carboxy-3-hydroxybutanoyl-coa,4-carboxy-3-hydroxybutanoyl-coa,cpd16643,CC(C)(COP(=O)(O)OP(=O)(O)OCC1OC(n2cnc3c(N)ncnc32)C(O)C1OP(=O)(O)O)C(O)C(=O)NCCC(=O)NCCSC(=O)CC(O)CC(=O)O,,0.0,
560,pyridoxine-5'-phosphate,Pyridoxine phosphate,cpd00478,Cc1ncc(COP(=O)(O)O)c(CO)c1O,WHOMFKWHIQZTHY-UHFFFAOYSA-L,247.02567082982,C8H10NO6P-2
561,l-glutamine,L-Glutamine,cpd00053,NC(=O)CCC(N)C(=O)O,ZDXPYRJPNDTMRX-VKHMYHEASA-N,146.06914218,C5H10N2O3
562,thiamine-pyrophosphate,TPP,cpd00056,Cc1ncc(C[n+]2csc(CCOP(=O)(O)OP(=O)(O)O)c2C)c(N)n1,AYEKOFBPNLCAJY-UHFFFAOYSA-M,423.02986672391,C12H17N4O7P2S-
563,7-carboxyheptanoyl-coa,7-carboxyheptanoyl-coa,cpd16652,CC(C)(COP(=O)(O)OP(=O)(O)OCC1OC(n2cnc3c(N)ncnc32)C(O)C1OP(=O)(O)O)C(O)C(=O)NCCC(=O)NCCSC(=O)CCCCCCC(=O)O,,0.0,
564,mannose-6-phosphate,D-glucose-6-phosphate,cpd00079,O=P(O)(O)OCC1OC(O)C(O)C(O)C1O,NBSCHQHZLSJFNQ-GASJEMHNSA-L,258.01516572182004,C6H11O9P-2
565,reduced glutathione,GSH,cpd00042,NC(CCC(=O)NC(CS)C(=O)NCC(=O)O)C(=O)O,RWSXRVCMGQZWBV-WDSKDSINSA-M,306.07652981190995,C10H16N3O6S-
566,acetyl-coa,Acetyl-CoA,cpd00022,CC(=O)SCCNC(=O)CCNC(=O)C(O)C(C)(C)COP(=O)(O)OP(=O)(O)OCC1OC(n2cnc3c(N)ncnc32)C(O)C1OP(=O)(O)O,ZSLZBFCDCINBPY-ZSJPKINUSA-J,805.0966678376398,C23H34N7O17P3S-4
567,3-deoxy-d-arabino-heptulosonate-7-phosphate,DAHP,cpd02857,O=C(O)C(=O)CC(O)C(O)C(O)COP(=O)(O)O,PJWIPEXIFFQAQZ-PUFIMZNGSA-K,285.00280388973,C7H10O10P-3
568,trans-tetradec-2-enoyl-coa,(2E)-Tetradecenoyl-CoA,cpd03127,CCCCCCCCCCCC=CC(=O)SCCNC(=O)CCNC(=O)C(O)C(C)(C)COP(=O)(O)OP(=O)(O)OCC1OC(n2cnc3c(N)ncnc32)C(O)C1OP(=O)(O)O,MBCVYCOKMMMWLX-YYMFEJJQSA-J,971.2688185416399,C35H56N7O17P3S-4
569,trans-3-hydroxyhex-4-enoyl-coa,trans-3-hydroxyhex-4-enoyl-coa,cpd16646,CC=CC(O)CC(=O)SCCNC(=O)CCNC(=O)C(O)C(C)(C)COP(=O)(O)OP(=O)(O)OCC1OC(n2cnc3c(N)ncnc32)C(O)C1OP(=O)(O)O,,0.0,
570,cis-hexadec-7-enoate,(7Z)-hexadec-7-enoate,cpd34461,CCCCCCCCC=CCCCCCC(=O)O,PJHOFUXBXJNUAC-KTKRTIGZSA-M,253.21730374791002,C16H29O2-
571,phosphoribulosylformimino-aicar-p,phosphoribulosylformimino-AICAR-phosphate,cpd02991,NC(=O)c1ncn(C2OC(COP(=O)(O)O)C(O)C2O)c1NC=NCC(=O)C(O)C(O)COP(=O)(O)O,BLKFNHOCHNCLII-GHVQHMAVSA-J,573.0531325516399,C15H21N5O15P2-4
572,udp-d-glucuronate,UDPglucuronate,cpd00144,O=C(O)C1OC(OP(=O)(O)OP(=O)(O)OCC2OC(n3ccc(=O)[nH]c3=O)C(O)C2O)C(O)C(O)C1O,HDYANYHVCAPMJV-LXQIFKJMSA-K,577.0124557677299,C15H19N2O18P2-3
573,trans-hexadec-2-enoyl-coa,(2E)-Hexadecenoyl-CoA,cpd03126,CCCCCCCCCCCCCC=CC(=O)SCCNC(=O)CCNC(=O)C(O)C(C)(C)COP(=O)(O)OP(=O)(O)OCC1OC(n2cnc3c(N)ncnc32)C(O)C1OP(=O)(O)O,JUPAQFRKPHPXLD-MSHHSVQMSA-J,999.3001186696399,C37H60N7O17P3S-4
574,L-DELTA(1)-PYRROLINE_5-CARBOXYLATE,1-Pyrroline-5-carboxylate,cpd02431,O=C(O)C1CCC=N1,DWAKNKKXGALPNW-BYPYZUCNSA-M,112.04040201191,C5H6NO2-
575,cis-octadec-9-enal,9-octadecenal,cpd23520,CCCCCCCCC=CCCCCCCCC=O,ZENZJGDPWWLORF-KTKRTIGZSA-N,266.260965708,C18H34O
