id,smiles
cpd15456,CC(=O)NC1C(C)OC(OC2C(C(=O)[O-])OC(OC3C(CO)OC(OC4C(O)C(OC5C(C(=O)[O-])OC(OC6C(CO)OC(OC7C(O)C(OC8C(C(=O)[O-])OC(OC9C(CO)OC(OP(=O)([O-])OP(=O)([O-])OCC=C(C)CCC=C(C)CCC=C(C)CCC=C(C)CCC=C(C)CCC=C(C)CCC=C(C)CCC=C(C)CCC=C(C)CCC=C(C)CCC=C(C)C)C(NC(C)=O)C9O)C(NC(C)=O)C8O)OC(C)C7NC(C)=O)C(NC(C)=O)C6O)C(NC(C)=O)C5O)OC(C)C4NC(C)=O)C(NC(C)=O)C3O)C(NC(C)=O)C2O)C(O)C1O
cpd00945,O=C([O-])C(=O)CC(O)C(O)COP(=O)([O-])[O-]
cpd10596,O=C([O-])C(O)C(=O)C(O)C(O)COP(=O)([O-])[O-]
cpd15516,CC(=O)NC1C(OC2C(OCC3OC(OC4C(O)C(C)OC(OC5C(O)C(COC6OC(CO)C(O)C(O)C6O)OC(OP(=O)([O-])OP(=O)([O-])OCC=C(C)CCC=C(C)CCC=C(C)CCC=C(C)CCC=C(C)CCC=C(C)CCC=C(C)CCC=C(C)CCC=C(C)CCC=C(C)CCC=C(C)C)C5NC(C)=O)C4OC(C)=O)C(O)C(O)C3O)OC(C(O)CO)C2O)OC(COC2OC(CO)C(O)C(O)C2O)C(O)C1OC1OC(C)C(O)C(OC2OC(COC3OC(C(O)CO)C(O)C3O)C(O)C(O)C2O)C1OC(C)=O
cpd00367,Nc1ccn(C2OC(CO)C(O)C2O)c(=O)n1
cpd15575,CC(C)=CCCC(C)=CCCC(C)=CCCC(C)=CCCC(C)=CCCC(C)=CCCC(C)=CCCC(C)=CCCC(C)=CCCC(C)=CCCC(C)=CCOP(=O)([O-])OC1OCC(N)(C=O)C(O)C1O
cpd00146,NC(=O)OP(=O)([O-])[O-]
cpd01710,CC(C)C(=CC(=O)[O-])C(=O)[O-]
cpd00530,O=c1[nH]c(=O)c2ncn(C3OC(COP(=O)([O-])OP(=O)([O-])OP(=O)([O-])O)C(O)C3O)c2[nH]1
cpd15469,CCCCCCCCCCCCCC(=O)OC(CCCCCCCCCCC)CC(=O)OC1C(NC(=O)CC(CCCCCCCCCCC)OC(=O)CCCCCCCCCCC)C(OCC2OC(OP(=O)([O-])[O-])C(NC(=O)CC(O)CCCCCCCCCCC)C(OC(=O)CC(O)CCCCCCCCCCC)C2O)OC(COC2(C(=O)O)CC(OC3(C(=O)O)CC(OC4(C(=O)O)CC(O)C(O)C(C(O)CO)O4)C(OC4OC(C)C(O)C(O)C4O)C(C(O)CO)O3)C(OC3OC(C(O)CO)C(OP(=O)([O-])[O-])C(OC4OC(C(O)COC5OC(C(O)CO)C(O)C(O)C5O)C(OP(=O)([O-])[O-])C(OC5OC(COC6OC(CO)C(O)C(O)C6O)C(O)C(O)C5O)C4O)C3O)C(C(O)CO)O2)C1OP(=O)([O-])[O-]
cpd04089,COC1C=COC2(C)Oc3c(C)c(O)c4c(O)c(c(C=NN5CC[NH+](C)CC5)c(O)c4c3C2=O)NC(=O)C(C)=CC=CC(C)C(O)C(C)C(O)C(C)C(OC(C)=O)C1C
cpd00521,Cc1cn(C2CC(O)C(COP(=O)([O-])OP(=O)([O-])OC3OC(C)C(=O)C(O)C3O)O2)c(=O)[nH]c1=O
cpd00880,O=C([O-])C1OC(OP(=O)([O-])[O-])C(O)C(O)C1O
cpd00018,Nc1ncnc2c1ncn2C1OC(COP(=O)([O-])[O-])C(O)C1O
cpd02210,O=P([O-])([O-])OCC(O)C(O)c1c[nH]c2ccccc12
cpd26449,CCCCCCC1CC1CCCCCCCCCC(=O)OCC(COP(=O)([O-])OCC[NH3+])OC(=O)CCCCCCCCCC1CC1CCCCCC
cpd00443,Nc1ccc(C(=O)[O-])cc1
cpd01080,CCCCCCCCCCCCCCCCCC(=O)[O-]
cpd00002,Nc1ncnc2c1ncn2C1OC(COP(=O)([O-])OP(=O)([O-])OP(=O)([O-])O)C(O)C1O
cpd00130,O=C([O-])CC(O)C(=O)[O-]
cpd00036,O=C([O-])CCC(=O)[O-]
cpd01775,N=c1c2ncn(C3OC(COP(=O)([O-])OP(=O)([O-])OP(=O)([O-])O)C(O)C3O)c2ncn1C1OC(COP(=O)([O-])[O-])C(O)C1O
cpd00068,O=c1[nH]cnc2c1ncn2C1OC(COP(=O)([O-])OP(=O)([O-])OP(=O)([O-])O)C(O)C1O
cpd03773,CC(=O)Nc1ccccc1C(=O)[O-]
cpd15458,CC(=O)NC1C(C)OC(OC2C(C(=O)[O-])OC(OC3C(CO)OC(OC4C(O)C(OC5C(C(=O)[O-])OC(OC6C(CO)OC(OC7C(O)C(OC8C(C(=O)[O-])OC(OC9C(CO)OC(OC%10C(O)C(OC%11C(C(=O)[O-])OC(OC%12C(CO)OC(OP(=O)([O-])OP(=O)([O-])OCC=C(C)CCC=C(C)CCC=C(C)CCC=C(C)CCC=C(C)CCC=C(C)CCC=C(C)CCC=C(C)CCC=C(C)CCC=C(C)CCC=C(C)C)C(NC(C)=O)C%12O)C(NC(C)=O)C%11O)OC(C)C%10NC(C)=O)C(NC(C)=O)C9O)C(NC(C)=O)C8O)OC(C)C7NC(C)=O)C(NC(C)=O)C6O)C(NC(C)=O)C5O)OC(C)C4NC(C)=O)C(NC(C)=O)C3O)C(NC(C)=O)C2O)C(O)C1O
cpd10719,C[N+](C)(C)CC(O)CC(=O)[O-]
cpd00182,Nc1ncnc2c1ncn2C1OC(CO)C(O)C1O
cpd00044,Nc1ncnc2c1ncn2C1OC(COP(=O)([O-])OS(=O)(=O)[O-])C(OP(=O)([O-])[O-])C1O
cpd00033,[NH3+]CC(=O)[O-]
cpd00930,O=C(COP(=O)([O-])[O-])Cc1c[nH]cn1
cpd15560,COC1=C(OC)C(=O)C(C)C(=CC=C(C)CCC=C(C)CCC=C(C)CCC=C(C)CCC=C(C)CCC=C(C)CCC=C(C)CCC=C(C)C)C1=O
cpd19016,[NH3+]CCCC([NH3+])C(=O)[O-]
cpd01572,O=c1ccn(C2OC(CO)C3OP(=O)([O-])OC32)c(=O)[nH]1
cpd03119,CCCCCCCC(=O)CC(=O)SCCNC(=O)CCNC(=O)C(O)C(C)(C)COP(=O)([O-])OP(=O)([O-])OCC1OC(n2cnc3c(N)ncnc32)C(O)C1OP(=O)([O-])[O-]
cpd00121,OC1C(O)C(O)C(O)C(O)C1O
cpd03828,NC(C[NH3+])C(=O)[O-]
cpd00666,O=C([O-])C(O)C(O)C(=O)[O-]
cpd12219,[NH3+]CCCC=O
cpd00262,CC(C)(COP(=O)([O-])OP(=O)([O-])OCC1OC(n2cnc3c(N)ncnc32)C(O)C1OP(=O)([O-])[O-])C(O)C(=O)NCCC(=O)NCCSC(=O)C(=O)[O-]
cpd08304,O=C([O-])CCc1cccc(O)c1
cpd02961,Nc1nc2c(c(=O)[nH]1)NC(C(O)C(=O)CO)CN2
cpd02894,Cc1ncc(COP(=O)([O-])OP(=O)([O-])O)c(N)n1
cpd08636,CC(=O)C(=O)C(O)CO
cpd00080,O=P([O-])([O-])OCC(O)CO
cpd00248,O=C([O-])C1(O)CC(O)C(O)C(O)C1
cpd15466,[NH3+]C(CCCC[NH2+]CC(=O)C(O)C(O)C(O)CO)C(=O)[O-]
cpd18057,Nc1nc2c(ncn2C2OC(COP(=O)([O-])OC3C(COP(=O)([O-])[O-])OC(n4cnc5c(=O)[nH]c(N)nc54)C3O)C(O)C2O)c(=O)[nH]1
cpd00722,CC(=O)OCC([NH3+])C(=O)[O-]
cpd00322,CCC(C)C([NH3+])C(=O)[O-]
cpd00470,CC(=O)NCCC[NH2+]CCCC[NH3+]
cpd02904,Cc1cc2ncn(C3OC(COP(=O)([O-])[O-])C(O)C3O)c2cc1C
cpd00547,[NH3+]C(CS)C(=O)[O-]
cpd00297,Cc1cn(C2CC(O)C(COP(=O)([O-])OP(=O)([O-])O)O2)c(=O)[nH]c1=O
cpd15520,CC(=O)NC1C(OP(=O)([O-])OP(=O)([O-])OCC=C(C)CCC=C(C)CCC=C(C)CCC=C(C)CCC=C(C)CCC=C(C)CCC=C(C)CCC=C(C)CCC=C(C)CCC=C(C)CCC=C(C)C)OC(COC2OC(CO)C(O)C(O)C2O)C(O)C1OC1OC(C)C(O)C(OC2OC(COC3OC(C(O)CO)C(O)C3O)C(O)C(O)C2O)C1OC(C)=O
cpd27379,CC1OC(O)C(O)C(O)C1O
cpd00294,Nc1ncnc2c1ncn2C1CC(O)C(COP(=O)([O-])[O-])O1
cpd00300,O=c1nc2[n-]c(O)nc(O)c-2[nH]1
cpd14718,N#Cc1c[nH]c2nc(N)[nH]c(=O)c12
cpd21149,CC(=O)NC1C(O)CC(O)(C(=O)[O-])OC1C(O)C(O)CO
cpd03121,CCCCCC(=O)CC(=O)SCCNC(=O)CCNC(=O)C(O)C(C)(C)COP(=O)([O-])OP(=O)([O-])OCC1OC(n2cnc3c(N)ncnc32)C(O)C1OP(=O)([O-])[O-]
cpd19028,O=P([O-])([O-])OCC1OC(O)C(O)C1O
cpd23594,CCCCCCCCCCCCCCCCCC(=O)OCC(COP(=O)([O-])OCC([NH3+])C(=O)[O-])OC(=O)CCCCCCCCCCCCCCCCC
cpd01646,CC(C)C(O)(CC(=O)[O-])C(=O)[O-]
cpd15204,CCCCCCCCCCCCCCCC(O)CC(=O)SCCNC(=O)CCNC(=O)C(O)C(C)(C)COP(=O)([O-])OP(=O)([O-])OCC1OC(n2cnc3c(N)ncnc32)C(O)C1OP(=O)([O-])[O-]
cpd03161,[NH3+]CCc1ccccc1
cpd01186,CC(O)C(O)C(O)C(=O)CO
cpd00357,Cc1cn(C2CC(O)C(COP(=O)([O-])OP(=O)([O-])OP(=O)([O-])O)O2)c(=O)[nH]c1=O
cpd00032,O=C([O-])CC(=O)C(=O)[O-]
cpd02090,O=P([O-])(OCC(O)CO)OCC(O)CO
cpd00106,O=C([O-])C=CC(=O)[O-]
cpd01911,C[NH2+]C(Cc1c[nH]c2ccccc12)C(=O)[O-]
cpd00114,O=c1[nH]cnc2c1ncn2C1OC(COP(=O)([O-])[O-])C(O)C1O
cpd02120,O=C([O-])C1=NC(C(=O)[O-])CC=C1
cpd01024,C
cpd15493,CCCCCCC=CCCCCCCCC(=O)OC(CCCCCCCCCCC)CC(=O)NC1C(OCC2OC(OP(=O)([O-])[O-])C(NC(=O)CC(O)CCCCCCCCCCC)C(OC(=O)CC(O)CCCCCCCCCCC)C2O)OC(COC2(C(=O)[O-])CC(OC3(C(=O)[O-])CC(O)C(O)C(C(O)CO)O3)C(O)C(C(O)CO)O2)C(OP(=O)([O-])[O-])C1OC(=O)CC(CCCCCCCCCCC)OC(=O)CCCCCCCCCCCCC
cpd01015,N=C=O
cpd00022,CC(=O)SCCNC(=O)CCNC(=O)C(O)C(C)(C)COP(=O)([O-])OP(=O)([O-])OCC1OC(n2cnc3c(N)ncnc32)C(O)C1OP(=O)([O-])[O-]
cpd15502,CC(=O)NC1=COC(CO)C2OC3OC(CO)C(OC4OC(CO)C(OC5OC(CO)C(O)C(O)C5NC(C)=O)C(OC(C)C(=O)NC(C)C(=O)NC(CCC(=O)[O-])C(=O)NC(CCCC([NH3+])C(=O)[O-])C(=O)NC(C(=O)[O-])CCCC(C(=O)[O-])NC(=O)C(CCC(=O)[O-])NC(=O)C(C)NC(=O)C(C)OC12)C4NC(C)=O)C(O)C3NC(C)=O
cpd00008,Nc1ncnc2c1ncn2C1OC(COP(=O)([O-])OP(=O)([O-])O)C(O)C1O
cpd15142,NC(=O)CC([NH3+])C(=O)[O-]
cpd03423,Cc1cc2ncn(C3OC(CO)C(O)C3O)c2cc1C
cpd21925,NC(C[NH3+])C(=O)[O-]
cpd02991,NC(=O)c1ncn(C2OC(COP(=O)([O-])[O-])C(O)C2O)c1NC=NCC(=O)C(O)C(O)COP(=O)([O-])[O-]
cpd03294,CC(=O)N(O)CCCCC(NC(=O)CC(O)(CC(=O)NC(CCCCN(O)C(C)=O)C(=O)[O-])C(=O)[O-])C(=O)[O-]
cpd02394,[NH3+]CC(=O)NC1OC(COP(=O)([O-])[O-])C(O)C1O
cpd00296,Nc1nc2c(ncn2C2CC(O)C(COP(=O)([O-])[O-])O2)c(=O)[nH]1
cpd00464,O=CCc1ccccc1
cpd03704,O=c1[nH]cnc2c1ncn2C1CC(O)C(COP(=O)([O-])[O-])O1
cpd00924,Nc1ncnc2c1ncn2C1OC(COP(=O)([O-])OP(=O)([O-])OP(=O)([O-])OP(=O)([O-])OCC2OC(n3cnc4c(N)ncnc43)C(O)C2O)C(O)C1O
cpd15550,CCCCCCCCCCCCCC(=O)OC(CCCCCCCCCCC)CC(=O)OC1C(NC(=O)CC(CCCCCCCCCCC)OC(=O)CCCCCCCCCCC)C(OCC2OC(OP(=O)([O-])[O-])C(NC(=O)CC(O)CCCCCCCCCCC)C(OC(=O)CC(O)CCCCCCCCCCC)C2O)OC(COC2(C(=O)O)CC(OC3(C(=O)O)CC(O)C(O)C(C(O)CO)O3)C(OC3OC(C(O)CO)C(OP(=O)([O-])[O-])C(OC4OC(C(O)COC5OC(C(O)CO)C(O)C(O)C5O)C(OP(=O)([O-])[O-])C(O)C4O)C3O)C(C(O)CO)O2)C1OP(=O)([O-])[O-]
cpd02160,[NH3+]CCCC(NC(=O)CCC(=O)[O-])C(=O)[O-]
cpd26430,CCCCCCCCCCCC(=O)OCC(O)COP(=O)([O-])OCC(O)CO
cpd26854,CC(=O)NC1C(O)OC(CO)C(OC2OC(COP(=O)([O-])[O-])C(O)C(O)C2NC(C)=O)C1O
cpd27608,CC(=O)NC1C(O)OC(CO)C(O)C1O
cpd00810,O=C([O-])c1cc(=O)[nH]c(=O)n1C1OC(COP(=O)([O-])[O-])C(O)C1O
cpd03279,O=c1[nH]cnc2c1ncn2C1CC(O)C(CO)O1
cpd02100,O=C(CO)C(O)C(O)COP(=O)([O-])[O-]
cpd00504,[NH3+]C(CCCC([NH3+])C(=O)[O-])C(=O)[O-]
cpd02103,NC(=[NH2+])NCCCC(NC(=O)CCC(=O)[O-])C(=O)[O-]
cpd30745,[NH3+]C(Cc1ccc(O)cc1)C(=O)[O-]
cpd19069,O=C([O-])Cc1ccccc1
cpd00932,C=C(OC1CC(C(=O)[O-])=CC(OP(=O)([O-])[O-])C1O)C(=O)[O-]
cpd30743,[NH3+]C(CO)C(=O)[O-]
cpd15515,CC(=O)NC1=COC(CO)C2OC3OC(CO)C(OC4OC(CO)C5OC6OC(CO)C(OC7OC(CO)C(OC8OC(CO)C(O)C(O)C8NC(C)=O)C(OC(C)C(=O)NC(C)C(=O)NC(CCC(=O)[O-])C(=O)NC(CCCC([NH3+])C(=O)[O-])C(=O)NC(C)C(=O)NC(C(=O)[O-])CCCC(NC(=O)C(CCC(=O)[O-])NC(=O)C(C)NC(=O)C(C)OC5C4NC(C)=O)C(=O)NC(C)C(=O)NC(C(=O)[O-])CCCC(C(=O)NC(C)C(=O)NC(C)C(=O)[O-])NC(=O)C(CCC(=O)[O-])NC(=O)C(C)NC(=O)C(C)OC12)C7NC(C)=O)C(O)C6NC(C)=O)C(O)C3NC(C)=O
cpd00238,O=C(CO)C(O)C(O)C(O)C(O)COP(=O)([O-])[O-]
cpd03701,Nc1nc2c(ncn2C2OC(CO)C(OP(=O)([O-])[O-])C2O)c(=O)[nH]1
cpd00113,C=C(C)CCOP(=O)([O-])OP(=O)([O-])O
cpd01027,NC(=O)C(=O)[O-]
cpd00066,[NH3+]C(Cc1ccccc1)C(=O)[O-]
cpd15455,CC(=O)NC1C(C)OC(OC2C(C(=O)[O-])OC(OC3C(CO)OC(OC4C(O)C(OC5C(C(=O)[O-])OC(OC6C(CO)OC(OP(=O)([O-])OP(=O)([O-])OCC=C(C)CCC=C(C)CCC=C(C)CCC=C(C)CCC=C(C)CCC=C(C)CCC=C(C)CCC=C(C)CCC=C(C)CCC=C(C)CCC=C(C)C)C(NC(C)=O)C6O)C(NC(C)=O)C5O)OC(C)C4NC(C)=O)C(NC(C)=O)C3O)C(NC(C)=O)C2O)C(O)C1O
cpd26441,CCCCCCCCCCCC(=O)OCC(O)COP(=O)([O-])OCC(COC(=O)CCCCCCCCCCC)OC(=O)CCCCCCCCCCC
cpd15562,CC(=O)NC1C(OP(=O)([O-])OP(=O)([O-])OCC=C(C)CCC=C(C)CCC=C(C)CCC=C(C)CCC=C(C)CCC=C(C)CCC=C(C)CCC=C(C)CCC=C(C)CCC=C(C)CCC=C(C)C)OC(CO)C(O)C1OC1OC(C)C(O)C(O)C1O
cpd27393,CC(O)C=O
cpd02636,Cc1ncsc1CCO
cpd00467,[NH3+]C(CS(=O)[O-])C(=O)[O-]
cpd19185,Nc1nc2[nH]cc(C[NH3+])c2c(=O)[nH]1
cpd00988,Nc1ncnc2c1ncn2C1OC(CO)C(OP(=O)([O-])[O-])C1O
cpd00004,NC(=O)C1=CN(C2OC(COP(=O)([O-])OP(=O)([O-])OCC3OC(n4cnc5c(N)ncnc54)C(O)C3O)C(O)C2O)C=CC1
cpd00282,O=C1CC(C(=O)[O-])NC(=O)N1
cpd02345,[NH3+]C(C=O)CCC(=O)[O-]
cpd00791,C=Cc1c2[nH]c(c1C)Cc1[nH]c(c(CCC(=O)[O-])c1C)Cc1[nH]c(c(C)c1CCC(=O)[O-])Cc1[nH]c(c(C)c1C=C)C2
cpd00095,O=C(CO)COP(=O)([O-])[O-]
cpd02494,Nc1ncnc2c1ncn2C1OC(COP(=O)([O-])OC(=O)c2cccc(O)c2O)C(O)C1O
cpd00129,O=C([O-])C1CCC[NH2+]1
cpd00837,C[S+](CCC[NH3+])CC1OC(n2cnc3c(N)ncnc32)C(O)C1O
cpd01757,CC(=O)NC1C(O)OC(CO)C(O)C1OC(C)C(=O)[O-]
cpd15462,CC(=O)N(O)CCCC1NC(=O)C(CCCN(O)C(C)=O)NC(=O)C(CCCN(O)C=O)NC(=O)CNC(=O)CNC(=O)CNC1=O
cpd00193,Nc1ncnc2c1ncn2C1OC(COP(=O)([O-])OS(=O)(=O)[O-])C(O)C1O
cpd00350,CC(C)=CCCC(C)=CCCC(C)=CCOP(=O)([O-])OP(=O)([O-])O
cpd00939,Cc1ncc(CO)c(N)n1
cpd00144,O=C([O-])C1OC(OP(=O)([O-])OP(=O)([O-])OCC2OC(n3ccc(=O)[nH]c3=O)C(O)C2O)C(O)C(O)C1O
cpd15391,CC(=O)NC1C(O)OC(COP(=O)([O-])[O-])C(O)C1OC(C)C(=O)[O-]
cpd03126,CCCCCCCCCCCCCC=CC(=O)SCCNC(=O)CCNC(=O)C(O)C(C)(C)COP(=O)([O-])OP(=O)([O-])OCC1OC(n2cnc3c(N)ncnc32)C(O)C1OP(=O)([O-])[O-]
cpd00017,C[S+](CCC([NH3+])C(=O)[O-])CC1OC(n2cnc3c(N)ncnc32)C(O)C1O
cpd00186,[NH3+]C(CCC(=O)[O-])C(=O)[O-]
cpd00359,c1ccc2[nH]ccc2c1
cpd15472,CC1OC(OP(=O)([O-])OP(=O)([O-])OCC2OC(n3cnc4c(=O)[nH]c(N)nc43)C(O)C2O)C(O)C(O)C1=O
cpd25200,CCCCCCCCCCCCCCCC(=O)OC(CO)COP(=O)([O-])OCC(O)CO
cpd03830,Nc1ncnc2c1ncn2C1OC(COP(=O)([O-])OP(=O)([O-])OC2OC(C(O)CO)C(O)C(O)C2O)C(O)C1O
cpd03977,C[NH+](C)C1C([O-])=C(C(N)=O)C(=O)C2(O)C(=O)C3C(=O)c4c(O)cccc4C(C)(O)C3CC12
cpd02740,Nc1nc2c(ncn2C2OC(COP(=O)([O-])OP(=O)([O-])OP(=O)([O-])O)C(OP(=O)([O-])OP(=O)([O-])O)C2O)c(=O)[nH]1
cpd00040,O=CC(=O)[O-]
cpd00136,O=C([O-])c1ccc(O)cc1
cpd02784,O=C([O-])C(=O)C(=O)C(O)C(O)CO
cpd00183,C[NH2+]CC(=O)[O-]
cpd00203,O=C(OP(=O)([O-])[O-])C(O)COP(=O)([O-])[O-]
cpd00644,CC(C)(CO)C(O)C(=O)NCCC(=O)[O-]
cpd00977,O=c1[nH]cnc2c1ncn2C1CC(O)C(COP(=O)([O-])OP(=O)([O-])OP(=O)([O-])O)O1
cpd15551,O=C([O-])CNOCC1CCC[NH2+]1
cpd03526,O=CCCC(NC(=O)CCC(=O)[O-])C(=O)[O-]
cpd02501,O=C([O-])CCc1cccc(O)c1O
cpd02932,CC(=O)NC1C(OP(=O)([O-])OP(=O)([O-])OCC2OC(n3ccc(=O)[nH]c3=O)C(O)C2O)OC(CO)C(O)C1OC(C)C(=O)NC(C)C(=O)NC(CCC(=O)NC(CCCC([NH3+])C(=O)[O-])C(=O)NC(C)C(=O)NC(C)C(=O)[O-])C(=O)[O-]
cpd15581,CC(=O)NC1C(OC2C(CO)OC(OP(=O)([O-])OP(=O)([O-])OCC=C(C)CCC=C(C)CCC=C(C)CCC=C(C)CCC=C(C)CCC=C(C)CCC=C(C)CCC=C(C)CCC=C(C)CCC=C(C)CCC=C(C)C)C(NC(C)=O)C2O)OC(C(=O)[O-])C(O)C1O
cpd23601,CCCCCCCCCCCCCCCC(=O)OCC(COP(=O)([O-])OCC(O)COP(=O)([O-])OCC(COC(=O)CCCCCCCCCCCCCCC)OC(=O)CCCCCCCCCCCCCCC)OC(=O)CCCCCCCCCCCCCCC
cpd00550,[NH3+]C(CO)C(=O)[O-]
cpd00905,Nc1nc2c(ncn2C2OC(COP(=O)([O-])OP(=O)([O-])O)C(OP(=O)([O-])OP(=O)([O-])O)C2O)c(=O)[nH]1
cpd21184,CC(C)(COP(=O)([O-])OP(=O)([O-])OCC1OC(n2cnc3c(N)ncnc32)C(O)C1OP(=O)([O-])[O-])C(O)C(=O)NCCC(=O)NCCSC(=O)CC(=O)CC=CCC(=O)[O-]
cpd00861,CC(=O)NC1C(OP(=O)([O-])OP(=O)([O-])OCC2OC(n3ccc(=O)[nH]c3=O)C(O)C2O)OC(CO)C(O)C1O
cpd01270,Cc1cc2c(cc1C)N(CC(O)C(O)C(O)COP(=O)([O-])[O-])c1[nH]c(=O)nc(O)c1N2
cpd00201,Nc1nc2c(c(=O)[nH]1)NC(CN(C=O)c1ccc(C(=O)NC(CCC(=O)[O-])C(=O)[O-])cc1)CN2
cpd00091,O=c1ccn(C2OC(COP(=O)([O-])[O-])C(O)C2O)c(=O)[nH]1
cpd02612,CC(=O)NC1C(O)OC(COP(=O)([O-])[O-])C(O)C1O
cpd00015,Cc1cc2nc3c(=O)nc(O)nc-3n(CC(O)C(O)C(O)COP(=O)([O-])OP(=O)([O-])OCC3OC(n4cnc5c(N)ncnc54)C(O)C3O)c2cc1C
cpd00016,Cc1ncc(COP(=O)([O-])[O-])c(C=O)c1O
cpd09254,O=C([O-])C=Cc1cccc(O)c1O
cpd00229,O=CCO
cpd03521,Nc1nc2c(c(=O)[nH]1)N=C(C(O)C(O)COP(=O)([O-])[O-])CN2
cpd00873,O=C([O-])c1ccc[n+](C2OC(COP(=O)([O-])[O-])C(O)C2O)c1
cpd00712,CC(C)(CO)C(=O)C(=O)[O-]
cpd15454,CC(=O)NC1C(C)OC(OP(=O)([O-])OP(=O)([O-])OCC2OC(n3cc(C)c(=O)[nH]c3=O)CC2O)C(O)C1O
cpd02693,CC(C)C(C(=O)[O-])C(O)C(=O)[O-]
cpd26845,O=P([O-])([O-])OC1CC(O)C(CO)O1
cpd00683,Nc1nc2c(c(=O)[nH]1)N=C(CNc1ccc(C(=O)[O-])cc1)CN2
cpd00168,O=C([O-])c1cccc(O)c1O
cpd19025,O=P([O-])([O-])OC1OC(CO)C(O)C(O)C1O
cpd15439,CC(C)(COP(=O)([O-])OP(=O)([O-])OCC1OC(n2cnc3c(N)ncnc32)C(O)C1OP(=O)([O-])[O-])C(O)C(=O)NCCC(=O)NCCSC(=O)CC(O)C[N+](C)(C)C
cpd00956,O=C([O-])c1ccccc1NCC(=O)C(O)C(O)COP(=O)([O-])[O-]
cpd00152,NC(=[NH2+])NCCCC[NH3+]
cpd15140,O=C([O-])C1CCC[NH2+]1
cpd15141,CC(C)C([NH3+])C(=O)[O-]
cpd00890,CC(=O)NC1C(OP(=O)([O-])OP(=O)([O-])OCC2OC(n3ccc(=O)[nH]c3=O)C(O)C2O)OC(CO)C(O)C1OC(C)C(=O)NC(C)C(=O)[O-]
cpd00218,O=C([O-])c1cccnc1
cpd00108,OCC1OC(O)C(O)C(O)C1O
cpd00519,CC(C(=O)[O-])C(=O)SCCNC(=O)CCNC(=O)C(O)C(C)(C)COP(=O)([O-])OP(=O)([O-])OCC1OC(n2cnc3c(N)ncnc32)C(O)C1OP(=O)([O-])[O-]
cpd00774,O=C([O-])CCc1c2[nH]c(c1CC(=O)[O-])Cc1[nH]c(c(CC(=O)[O-])c1CCC(=O)[O-])Cc1[nH]c(c(CC(=O)[O-])c1CCC(=O)[O-])Cc1[nH]c(c(CCC(=O)[O-])c1CC(=O)[O-])C2
cpd00356,Nc1ccn(C2CC(O)C(COP(=O)([O-])OP(=O)([O-])OP(=O)([O-])O)O2)c(=O)n1
cpd26434,CCCCCCCCCCCCCCCC(=O)OCC(O)COP(=O)([O-])OCC(O)CO
cpd01011,CCCC=O
cpd01777,N=c1c2ncn(C3OC(COP(=O)([O-])[O-])C(O)C3O)c2ncn1C1OC(COP(=O)([O-])[O-])C(O)C1O
cpd00177,Nc1ncnc2c1ncn2C1CC(O)C(COP(=O)([O-])OP(=O)([O-])O)O1
cpd00419,Cc1ncc(CO)c(C[NH3+])c1O
cpd03584,CCCCCCCCCCCC(O)CC(=O)OC1C([NH3+])C(OP(=O)([O-])OP(=O)([O-])OCC2OC(n3ccc(=O)[nH]c3=O)C(O)C2O)OC(CO)C1O
cpd00526,CC(CCC(=O)[O-])C1CCC2C3C(O)CC4CC(O)CCC4(C)C3CC(O)C12C
cpd03116,CCCCCCCCCC(O)CC(=O)SCCNC(=O)CCNC(=O)C(O)C(C)(C)COP(=O)([O-])OP(=O)([O-])OCC1OC(n2cnc3c(N)ncnc32)C(O)C1OP(=O)([O-])[O-]
cpd27042,O=C([O-])C(O)C(O)C(O)C(=O)CO
cpd22119,[NH3+]C(C(=O)[O-])C(O)COP(=O)([O-])[O-]
cpd00083,Nc1nc2c(ncn2C2OC(COP(=O)([O-])OP(=O)([O-])OC3OC(CO)C(O)C(O)C3O)C(O)C2O)c(=O)[nH]1
cpd00226,O=c1[nH]cnc2[nH]cnc12
cpd21864,O=CCC(O)C(O)C(O)COP(=O)([O-])[O-]
cpd26431,CCCCCCCCCCCCCC(=O)OCC(O)COP(=O)([O-])OCC[NH3+]
cpd26448,CCCCCCC1CC1CCCCCCCCCC(=O)OCC(COP(=O)([O-])OCC(O)CO)OC(=O)CCCCCCCCCC1CC1CCCCCC
cpd00800,CC([NH3+])C(=O)CCCCCC(=O)[O-]
cpd00176,O=C([O-])C(=O)CC(O)C(O)CO
cpd00976,O=c1[nH]cnc2c1ncn2C1CC(O)C(COP(=O)([O-])OP(=O)([O-])O)O1
cpd26435,CCCCCCCCCCCCCC(=O)OC(CO)COP(=O)([O-])OCC[NH3+]
cpd01354,OCC1OC(OC2C(CO)OC(O)C(O)C2O)C(O)C(O)C1O
cpd00314,OCC(O)C(O)C(O)C(O)CO
cpd00727,O=C([O-])COP(=O)([O-])[O-]
cpd01571,Nc1ccn(C2OC(CO)C3OP(=O)([O-])OC32)c(=O)n1
cpd00220,Cc1cc2nc3c(=O)nc(O)nc-3n(CC(O)C(O)C(O)CO)c2cc1C
cpd00116,CO
cpd02097,[NH3+]C(CCC(=O)OP(=O)([O-])[O-])C(=O)[O-]
cpd15518,CCCCCCCCCCCCCC(=O)OC(CCCCCCCCCCC)CC(=O)OC1C(NC(=O)CC(CCCCCCCCCCC)OC(=O)CCCCCCCCCCC)C(OCC2OC(OP(=O)([O-])[O-])C(NC(=O)CC(O)CCCCCCCCCCC)C(OC(=O)CC(O)CCCCCCCCCCC)C2O)OC(COC2(C(=O)O)CC(OC3(C(=O)O)CC(OC4(C(=O)O)CC(O)C(O)C(C(O)CO)O4)C(OC4OC(C)C(O)C(O)C4O)C(C(O)CO)O3)C(OC3OC(C(O)CO)C(OP(=O)([O-])[O-])C(OC4OC(C(O)COC5OC(C(O)CO)C(O)C(O)C5O)C(OP(=O)([O-])[O-])C(OC5OC(COC6OC(CO)C(O)C(O)C6O)C(O)C(OC6OC(CO)C(O)C(O)C6OC6OC(COC7OC(C(O)COC8OC(COC9OC(CO)C(O)C(O)C9O)C(O)C(OC9OC(C)C(O)C(OC%10OC(COC%11OC(C(O)CO)C(O)C%11OC%11OC(COC%12OC(CO)C(O)C(O)C%12O)C(O)C(OC%12OC(C)C(O)C(OC%13OC(COC%14OC(C(O)CO)C(O)C%14OC%14OC(COC%15OC(CO)C(O)C(O)C%15O)C(O)C(OC%15OC(C)C(O)C(OC%16OC(COC%17OC(C(O)CO)C(O)C%17OC%17OC(COC%18OC(CO)C(O)C(O)C%18O)C(O)C(OC%18OC(C)C(O)C(OC%19OC(COC%20OC(C(O)CO)C(O)C%20O)C(O)C(O)C%19O)C%18OC(C)=O)C%17NC(C)=O)C(O)C(O)C%16O)C%15OC(C)=O)C%14NC(C)=O)C(O)C(O)C%13O)C%12OC(C)=O)C%11NC(C)=O)C(O)C(O)C%10O)C9OC(C)=O)C8NC(C)=O)C(O)C(O)C7O)C(O)C(O)C6O)C5O)C4O)C3O)C(C(O)CO)O2)C1OP(=O)([O-])[O-]
cpd00334,CC(O)C=O
cpd14720,CS(=O)CCC([NH3+])C(=O)[O-]
cpd15484,CCCCCCCCCCCCCC(=O)OC(CCCCCCCCCCC)CC(=O)OC1C(NC(=O)CC(CCCCCCCCCCC)OC(=O)CCCCCCCCCCC)C(OCC2OC(OP(=O)([O-])[O-])C(NC(=O)CC(O)CCCCCCCCCCC)C(OC(=O)CC(O)CCCCCCCCCCC)C2O)OC(COC2(C(=O)[O-])CC(OC3(C(=O)[O-])CC(O)C(O)C(C(O)CO)O3)C(OC3OC(C(O)CO)C(O)C(OC4OC(C(O)CO)C(O)C(O)C4O)C3O)C(C(O)CO)O2)C1OP(=O)([O-])[O-]
cpd01716,O=C1CC(C(=O)[O-])CC(O)C1=O
cpd00154,OC1COC(O)C(O)C1O
cpd26150,CCCCCCCCCCCCCC(=O)OCC(COP(=O)([O-])[O-])OC(=O)CCCCCCCCCCCCC
cpd02597,CC(C(=O)[O-])=C(CC(=O)[O-])C(=O)[O-]
cpd00069,[NH3+]C(Cc1ccc(O)cc1)C(=O)[O-]
cpd03520,Nc1nc2c(c(=O)[nH]1)NC1C(N2)OC(COP(=O)([O-])[O-])C(=S)C1S
cpd00119,[NH3+]C(Cc1cnc[nH]1)C(=O)[O-]
cpd00383,O=C([O-])C1=CC(O)C(O)C(O)C1
cpd00655,CC(C)(COP(=O)([O-])OP(=O)([O-])OCC1OC(n2cnc3c(N)ncnc32)C(O)C1O)C(O)C(=O)NCCC(=O)NCCS
cpd00041,[NH3+]C(CC(=O)[O-])C(=O)[O-]
cpd00155,OCC1OC(OCC2OC(OC3C(CO)OC(O)C(O)C3O)C(O)C(O)C2OC2OC(CO)C(O)C(O)C2O)C(O)C(O)C1O
cpd26459,CCCCCCCCCCCCCC(=O)OC(CCCCCCCCCCC)CC(=O)OC1C(NC(=O)CC(CCCCCCCCCCC)OC(=O)CCCCCCCCCCC)C(OCC2OC(OP(=O)([O-])[O-])C(NC(=O)CC(O)CCCCCCCCCCC)C(OC(=O)CC(O)CCCCCCCCCCC)C2O)OC(COC2(C(=O)O)CC(OC3(C(=O)O)CC(OC4(C(=O)O)CC(O)C(O)C(C(O)CO)O4)C(OC4OC(C)C(O)C(O)C4O)C(C(O)CO)O3)C(OC3OC(C(O)CO)C(OP(=O)([O-])[O-])C(OC4OC(C(O)COC5OC(C(O)CO)C(O)C(O)C5O)C(OP(=O)([O-])[O-])C(O)C4O)C3O)C(C(O)CO)O2)C1OP(=O)([O-])[O-]
cpd00374,[NH3+]CCc1ccc(O)cc1
cpd01171,OCC(O)C(O)C(O)C(O)CO
cpd03048,O=S(=O)([O-])CCO
cpd00689,[NH3+]Cc1[nH]cc(CCC(=O)[O-])c1CC(=O)[O-]
cpd03123,CCCC(=O)CC(=O)SCCNC(=O)CCNC(=O)C(O)C(C)(C)COP(=O)([O-])OP(=O)([O-])OCC1OC(n2cnc3c(N)ncnc32)C(O)C1OP(=O)([O-])[O-]
cpd00338,[NH3+]CC(=O)CCC(=O)[O-]
cpd03845,OCC1OC(OC2C(CO)OC(O)C(O)C2O)C(O)C(O)C1O
cpd00065,[NH3+]C(Cc1c[nH]c2ccccc12)C(=O)[O-]
cpd25202,CCCCCCCCC=CCCCCCCCC(=O)OCC(O)COP(=O)([O-])OCC(O)CO
cpd11596,CCCCS(=O)(=O)[O-]
cpd02361,O=CCc1ccc(O)cc1
cpd14958,O=C([O-])CCCCC1CCSS1
cpd02027,C[S+](C)CCC([NH3+])C(=O)[O-]
cpd00388,NC(=O)NC(NC(N)=O)C(=O)[O-]
cpd02978,Nc1nc2c(c(=O)[nH]1)N=C(C(O)C(O)COP(=O)([O-])OP(=O)([O-])OP(=O)([O-])O)CN2
cpd00279,CC(=O)CC(=O)SCCNC(=O)CCNC(=O)C(O)C(C)(C)COP(=O)([O-])OP(=O)([O-])OCC1OC(n2cnc3c(N)ncnc32)C(O)C1OP(=O)([O-])[O-]
cpd00073,NC(N)=O
cpd00027,OCC1OC(O)C(O)C(O)C1O
cpd01618,OCCCO
cpd15331,CCCCCCCCCCCCCC(=O)OCC(O)COP(=O)([O-])[O-]
cpd00266,C[N+](C)(C)CC(O)CC(=O)[O-]
cpd03445,CC(C)=CCCC(C)=CCCC(C)=CCCC(C)=CCCC(C)=CCCC(C)=CCCC(C)=CCCC(C)=CCc1cccc(O)c1O
cpd19181,[NH3+]C(CC(=O)[O-])C(=O)[O-]
cpd00092,O=c1cc[nH]c(=O)[nH]1
cpd00206,Nc1ccn(C2CC(O)C(COP(=O)([O-])[O-])O2)c(=O)n1
cpd21482,NC=CC(=O)OO
cpd15412,CC(C)(COP(=O)([O-])OP(=O)([O-])OCC1OC(n2cnc3c(N)ncnc32)C(O)C1OP(=O)([O-])[O-])C(O)C(=O)NCCC(=O)NCCSC(=O)CCC[N+](C)(C)C
cpd15473,CC(=O)NC1C(OP(=O)([O-])OP(=O)([O-])OCC=C(C)CCC=C(C)CCC=C(C)CCC=C(C)CCC=C(C)CCC=C(C)CCC=C(C)CCC=C(C)CCC=C(C)CCC=C(C)CCC=C(C)C)OC(CO)C(O)C1OC1OC(C)C(O)C(OC2OC(COC3OC(C(O)CO)C(O)C3O)C(O)C(O)C2O)C1OC(C)=O
cpd15329,CCCCCCCCCCCCCCCCCC(=O)OCC(O)COP(=O)([O-])[O-]
cpd00831,CC(O)C(O)C(O)C(=O)COP(=O)([O-])[O-]
cpd02150,NC(C[NH3+])C(=O)[O-]
cpd16379,[NH3+]CCCCC[NH2+]CCC[NH3+]
cpd23599,CCCCCCCCCCCCCCCC(=O)OCC(COP(=O)([O-])OCC(O)COP(=O)([O-])[O-])OC(=O)CCCCCCCCCCCCCCC
cpd00047,O=C[O-]
cpd26147,CCCCCCCCCCCCCCCC(=O)OCC(COP(=O)([O-])[O-])OC(=O)CCCCCCCCCCCCCCC
cpd00126,Nc1nc2c(ncn2C2OC(COP(=O)([O-])[O-])C(O)C2O)c(=O)[nH]1
cpd21131,OC1C(O)C(O)C(O)C(O)C1O
cpd23597,CCCCCCCCCCCCCCCC(=O)OCC(COP(=O)([O-])OCC[NH3+])OC(=O)CCCCCCCCCCCCCCC
cpd00024,O=C([O-])CCC(=O)C(=O)[O-]
cpd02113,Cc1cn(C2CC(O)C(COP(=O)([O-])OP(=O)([O-])OC3OC(C)C(O)C(O)C3O)O2)c(=O)[nH]c1=O
cpd14659,O=C([O-])C(O)C(O)C(O)C(O)CO
cpd00100,OCC(O)CO
cpd00408,CC(C)(CO)C(O)C(=O)[O-]
cpd00042,[NH3+]C(CCC(=O)NC(CS)C(=O)NCC(=O)[O-])C(=O)[O-]
cpd02884,NC(=O)c1ncn(C2OC(COP(=O)([O-])[O-])C(O)C2O)c1NC=O
cpd00415,Oc1ccc(O)cc1
cpd00709,OCC1OC(O)C(O)C(O)C1O
cpd00842,CC(O)CC(=O)SCCNC(=O)CCNC(=O)C(O)C(C)(C)COP(=O)([O-])OP(=O)([O-])OCC1OC(n2cnc3c(N)ncnc32)C(O)C1OP(=O)([O-])[O-]
cpd00286,CC(C)=CCCC(C)=CCCC(C)=CCCC(C)=CCCC(C)=CCCC(C)=CCCC(C)=CCCC(C)=CCCC(C)=CCCC(C)=CCCC(C)=CCOP(=O)([O-])[O-]
cpd00223,O=C([O-])C(O)CO
cpd00202,CC(C)=CCOP(=O)([O-])OP(=O)([O-])O
cpd08353,COC(=O)C(=CC(=O)[O-])CC(=O)[O-]
cpd12347,O=C([O-])CO
cpd00078,CC(C)(COP(=O)([O-])OP(=O)([O-])OCC1OC(n2cnc3c(N)ncnc32)C(O)C1OP(=O)([O-])[O-])C(O)C(=O)NCCC(=O)NCCSC(=O)CCC(=O)[O-]
cpd01476,C=Cc1c(C)c2cc3[nH]c(cc4nc(cc5nc(cc1[nH]2)C(C)=C5CCC(=O)[O-])C(CCC(=O)[O-])=C4C)c(C)c3C=C
cpd26433,CCCCCCCCCCCCCCCCCC(=O)OCC(O)COP(=O)([O-])OCC[NH3+]
cpd26444,CCCCCCC1CC1CCCCCCCC(=O)OCC(COP(=O)([O-])OCC(O)CO)OC(=O)CCCCCCCC1CC1CCCCCC
cpd00477,CC(=O)NC(CCC(=O)[O-])C(=O)[O-]
cpd21481,Nc1nc2[nH]cc(C(=O)[O-])c2c(=O)[nH]1
cpd15421,CCCCCCCCCCCCCCCCCC(=O)OCC(COP(=O)([O-])OP(=O)([O-])OCC1OC(n2ccc(N)nc2=O)C(O)C1O)OC(=O)CCCCCCCCCCCCCCCCC
cpd00184,Cc1cn(C2CC(O)C(CO)O2)c(=O)[nH]c1=O
cpd00006,NC(=O)c1ccc[n+](C2OC(COP(=O)([O-])OP(=O)([O-])OCC3OC(n4cnc5c(N)ncnc54)C(OP(=O)([O-])[O-])C3O)C(O)C2O)c1
cpd00061,C=C(OP(=O)([O-])[O-])C(=O)[O-]
cpd00063,[Ca+2]
cpd00870,C[N+](C)(C)CCCC(=O)[O-]
cpd01997,Cc1cc2nc[nH]c2cc1C
cpd15514,CC(=O)NC1=COC(CO)C2OC3OC(CO)C(OC4OC(CO)C(OC5OC(CO)C(O)C(O)C5NC(C)=O)C(OC(C)C(=O)NC(C)C(=O)NC(CCC(=O)[O-])C(=O)NC(CCCC([NH3+])C(=O)[O-])C(=O)NC(C)C(=O)NC(C(=O)[O-])CCCC(C(=O)NC(C)C(=O)NC(C)C(=O)[O-])NC(=O)C(CCC(=O)[O-])NC(=O)C(C)NC(=O)C(C)OC12)C4NC(C)=O)C(O)C3NC(C)=O
cpd02724,O=C([O-])CCC(=O)NC(CCCC(=O)C(=O)[O-])C(=O)[O-]
cpd09844,CC(C)(COP(=O)([O-])OP(=O)([O-])OCC1OC(n2cnc3c(N)ncnc32)C(O)C1OP(=O)([O-])[O-])C(O)C(=O)NCCC(=O)NCCSC(=O)CC(O)CCC(=O)[O-]
cpd03105,CC(=O)CO
cpd03606,O=C([O-])C(=O)C(O)COP(=O)([O-])[O-]
cpd00522,Cc1cn(C2CC(O)C(COP(=O)([O-])OP(=O)([O-])OC3OC(C)C(=O)C(O)C3O)O2)c(=O)[nH]c1=O
cpd00706,O=C([O-])C(=O)CS
cpd00637,CSCCC([NH3+])C(=O)[O-]
cpd03114,CCCCCCCCCCCCCC(=O)CC(=O)SCCNC(=O)CCNC(=O)C(O)C(C)(C)COP(=O)([O-])OP(=O)([O-])OCC1OC(n2cnc3c(N)ncnc32)C(O)C1OP(=O)([O-])[O-]
cpd12270,CC(C)(COP(=O)([O-])OP(=O)([O-])OCC1OC(n2cnc3c(N)ncnc32)C(O)C1OP(=O)([O-])[O-])C(O)C(=O)NCCC(=O)NCCSC(=O)CC(=O)[O-]
cpd00428,CC(=O)C=O
cpd02041,O=C([O-])CCC(O)C(=O)[O-]
cpd00525,CC(=O)NC1C(OP(=O)([O-])OP(=O)([O-])OCC2OC(n3ccc(=O)[nH]c3=O)C(O)C2O)OC(CO)C(O)C1OC(C)C(=O)NC(C)C(=O)NC(CCC(=O)[O-])C(=O)[O-]
cpd00843,O=CC(O)C(=O)[O-]
cpd19002,[NH3+]C(CCC(=O)[O-])C(=O)[O-]
cpd00759,[NH3+]C(CCC(=O)NC(CSC=O)C(=O)NCC(=O)[O-])C(=O)[O-]
cpd00210,[NH3+]CCS(=O)(=O)[O-]
cpd03702,Nc1nc2c(ncn2C2OC(CO)C3OP(=O)([O-])OC32)c(=O)[nH]1
cpd02431,O=C([O-])C1CCC=N1
cpd00107,CC(C)CC([NH3+])C(=O)[O-]
cpd00506,[NH3+]C(CCC(=O)NC(CS)C(=O)[O-])C(=O)[O-]
cpd00185,OC1COC(O)C(O)C1O
cpd11341,[NH3+]C(CCC(=O)NCCCC=O)C(=O)[O-]
cpd02197,Nc1nc2c(c(=O)[nH]1)N(C=O)C(CNc1ccc(C(=O)NC(CCC(=O)[O-])C(=O)[O-])cc1)CN2
cpd00293,CC(=O)NC1C(O)OC(COP(=O)([O-])[O-])C(O)C1O
cpd28293,O=c1ccn(C2OC(COP(=O)([O-])OP(=O)([O-])OC3OC(CO)C(O)C(O)C3O)C(O)C2O)c(=O)[nH]1
cpd00215,Cc1ncc(CO)c(C=O)c1O
cpd02465,O=C([O-])C1=NC(C(=O)[O-])CCC1
cpd19035,O=P([O-])([O-])OCC1OC(O)(CO)C(O)C1O
cpd00858,[NH3+]C(CCC=O)C(=O)[O-]
cpd00284,O=C([O-])C(O)C(O)C(O)C(O)COP(=O)([O-])[O-]
cpd00536,CCCCCCCCC=CCCCCCCCC(=O)[O-]
cpd15479,CCCCCCCCCCCCCC(=O)OC(CCCCCCCCCCC)CC(=O)OC1C(NC(=O)CC(CCCCCCCCCCC)OC(=O)CCCCCCCCCCC)C(OCC2OC(OP(=O)([O-])[O-])C(NC(=O)CC(O)CCCCCCCCCCC)C(OC(=O)CC(O)CCCCCCCCCCC)C2O)OC(COC2(C(=O)O)CC(OC3(C(=O)O)CC(OC4(C(=O)O)CC(O)C(O)C(C(O)CO)O4)C(OC4OC(C)C(O)C(O)C4O)C(C(O)CO)O3)C(OC3OC(C(O)CO)C(OP(=O)([O-])[O-])C(OC4OC(C(O)COC5OC(C(O)CO)C(O)C(O)C5O)C(OP(=O)([O-])[O-])C(OC5OC(CO)C(O)C(O)C5O)C4O)C3O)C(C(O)CO)O2)C1OP(=O)([O-])[O-]
cpd00894,O=C([O-])C(=O)CC(O)C(O)CO
cpd00840,[NH3+]CCCC([NH3+])CC(=O)[O-]
cpd15491,CCCCCCCCCCCCCCCC(=O)OC(CCCCCCCCCCC)CC(=O)NC1C(OCC2OC(OP(=O)([O-])[O-])C(NC(=O)CC(O)CCCCCCCCCCC)C(OC(=O)CC(O)CCCCCCCCCCC)C2O)OC(COC2(C(=O)[O-])CC(OC3(C(=O)[O-])CC(O)C(O)C(C(O)CO)O3)C(O)C(C(O)CO)O2)C(OP(=O)([O-])[O-])C1OC(=O)CC(O)CCCCCCCCCCC
cpd00117,CC([NH3+])C(=O)[O-]
cpd23596,CCCCCCCCCCCCCCCCCC(=O)OCC(COP(=O)([O-])OCC[NH3+])OC(=O)CCCCCCCCCCCCCCCCC
cpd00989,O=c1ccn(C2OC(CO)C(OP(=O)([O-])[O-])C2O)c(=O)[nH]1
cpd14937,CCCCCCCCCCCCCCCC=CC(=O)SCCNC(=O)CCNC(=O)C(O)C(C)(C)COP(=O)([O-])OP(=O)([O-])OCC1OC(n2cnc3c(N)ncnc32)C(O)C1OP(=O)([O-])[O-]
cpd00807,[NH3+]C(COP(=O)([O-])[O-])Cc1cnc[nH]1
cpd03129,CCCCCCCC=CC(=O)SCCNC(=O)CCNC(=O)C(O)C(C)(C)COP(=O)([O-])OP(=O)([O-])OCC1OC(n2cnc3c(N)ncnc32)C(O)C1OP(=O)([O-])[O-]
cpd00196,CC(=O)OP(=O)([O-])[O-]
cpd01042,Cc1ccc(O)cc1
cpd00809,[NH3+]C(CCOP(=O)([O-])[O-])C(=O)[O-]
cpd15390,CC(=O)NC1C(OP(=O)([O-])[O-])OC(CO)C(O)C1O
cpd02678,O=CNCC(=O)NC1OC(COP(=O)([O-])[O-])C(O)C1O
cpd00497,O=c1[nH]c(=O)c2ncn(C3OC(COP(=O)([O-])[O-])C(O)C3O)c2[nH]1
cpd21122,O=P([O-])([O-])OCC(O)C1OC(O)C(O)C(O)C1O
cpd00438,Nc1ncnc2c1ncn2C1CC(O)C(CO)O1
cpd03696,OCC1OC(Oc2ccc(O)cc2)C(O)C(O)C1O
cpd08300,Cc1cn(C2CC(O)C(COP(=O)([O-])OP(=O)([O-])OC3OC(C)C(=O)C(O)C3O)O2)c(=O)[nH]c1=O
cpd00592,CC(C)(COP(=O)([O-])OP(=O)([O-])OCC1OC(n2cnc3c(N)ncnc32)C(O)C1OP(=O)([O-])[O-])C(O)C(=O)NCCC(=O)NCCSC=O
cpd00946,CC(=O)NC1C(OP(=O)([O-])OP(=O)([O-])OCC=C(C)CCC=C(C)CCC=C(C)CCC=C(C)CCC=C(C)CCC=C(C)CCC=C(C)CCC=C(C)CCC=C(C)CCC=C(C)CCC=C(C)C)OC(CO)C(O)C1O
cpd00103,O=P([O-])([O-])OCC1OC(OP(=O)([O-])OP(=O)([O-])O)C(O)C1O
cpd26463,CCCCCCC=CCCCCCCCC(=O)OCC(COP(=O)([O-])OCC(O)CO)OC(=O)CCCCCCCC=CCCCCCC
cpd02069,O=C([O-])C(=O)COP(=O)([O-])[O-]
cpd00039,[NH3+]CCCCC([NH3+])C(=O)[O-]
cpd00371,CCC=O
cpd02656,Cc1nc2c(=O)nc(O)nc-2n(CC(O)C(O)C(O)CO)c1C
cpd08210,C=C(OC1C=C(C(=O)[O-])C=CC1[NH3+])C(=O)[O-]
cpd00381,[NH3+]C(CSSCC([NH3+])C(=O)[O-])C(=O)[O-]
cpd00900,CC1OC(OP(=O)([O-])OP(=O)([O-])OCC2OC(n3cnc4c(=O)[nH]c(N)nc43)C(O)C2O)C(O)C(O)C1=O
cpd15483,CCCCCCCCCCCCCCCC(=O)OC(CCCCCCCCCCC)CC(=O)NC1C(OP(=O)([O-])[O-])OC(COC2OC(CO)C(OP(=O)([O-])[O-])C(OC(=O)CC(CCCCCCCCCCC)OC(=O)CCCCCCCCCCCCC)C2NC(=O)CC(CCCCCCCCCCC)OC(=O)CCCCCCCCCCC)C(O)C1OC(=O)CC(O)CCCCCCCCCCC
cpd00331,O=C([O-])C=C(CC(=O)[O-])C(=O)[O-]
cpd26439,CCCCCCCCCCCC(=O)OC(CO)COP(=O)([O-])OCC[NH3+]
cpd03282,CC(O)C([NH3+])C(=O)[O-]
cpd00094,CCC(=O)C(=O)[O-]
cpd15387,CC([NH3+])C(=O)NC(CCCC(NC(=O)CCC(NC(=O)C(C)[NH3+])C(=O)[O-])C(=O)[O-])C(=O)[O-]
cpd28171,[NH3+]C(CO)C(=O)[O-]
cpd26805,O=P([O-])([O-])OCC(O)C1OC(O)C(O)C(O)C1O
cpd00587,[NH3+]C(CS)C(=O)[O-]
cpd00070,CC(C)(COP(=O)([O-])OP(=O)([O-])OCC1OC(n2cnc3c(N)ncnc32)C(O)C1OP(=O)([O-])[O-])C(O)C(=O)NCCC(=O)NCCSC(=O)CC(=O)[O-]
cpd03118,CCCCCCCC(O)CC(=O)SCCNC(=O)CCNC(=O)C(O)C(C)(C)COP(=O)([O-])OP(=O)([O-])OCC1OC(n2cnc3c(N)ncnc32)C(O)C1OP(=O)([O-])[O-]
cpd00672,O=C([O-])C1OC(O)(CO)C(O)C1O
cpd02333,O=C([O-])c1cccnc1C(=O)[O-]
cpd00156,CC(C)C([NH3+])C(=O)[O-]
cpd00281,[NH3+]CCCC(=O)[O-]
cpd01507,CC(C)(COP(=O)([O-])OP(=O)([O-])OCC1OC(n2cnc3c(N)ncnc32)C(O)C1OP(=O)([O-])[O-])C(O)C(=O)NCCC(=O)NCCSC(=O)CC(=O)CCC(=O)[O-]
cpd00523,O=P([O-])([O-])OCC1OC(OC2OC(CO)C(O)C(O)C2O)C(O)C(O)C1O
cpd01977,[NH3+]C(CC(=O)OP(=O)([O-])[O-])C(=O)[O-]
cpd00137,O=C([O-])CC(O)(CC(=O)[O-])C(=O)[O-]
cpd00728,O=C([O-])CCCO
cpd00132,NC(=O)CC([NH3+])C(=O)[O-]
cpd00697,Nc1nc2c(ncn2C2OC3COP(=O)([O-])OC3C2O)c(=O)[nH]1
cpd15432,CCCCCCCCCCCCCC(=O)OC(CCCCCCCCCCC)CC(=O)OC1C(NC(=O)CC(CCCCCCCCCCC)OC(=O)CCCCCCCCCCC)C(OCC2OC(OP(=O)([O-])[O-])C(NC(=O)CC(O)CCCCCCCCCCC)C(OC(=O)CC(O)CCCCCCCCCCC)C2O)OC(COC2(C(=O)O)CC(OC3(C(=O)O)CC(OC4(C(=O)O)CC(O)C(O)C(C(O)CO)O4)C(OC4OC(C)C(O)C(O)C4O)C(C(O)CO)O3)C(OC3OC(C(O)CO)C(OP(=O)([O-])[O-])C(OC4OC(C(O)COC5OC(C(O)CO)C(O)C(O)C5O)C(OP(=O)([O-])[O-])C(OC5OC(COC6OC(CO)C(O)C(O)C6O)C(O)C(OC6OC(CO)C(O)C(O)C6OC6OC(COC7OC(C(O)CO)C(O)C(O)C7O)C(O)C(O)C6O)C5O)C4O)C3O)C(C(O)CO)O2)C1OP(=O)([O-])[O-]
cpd02851,NC(=O)c1ncn(C2OC(COP(=O)([O-])[O-])C(O)C2O)c1N
cpd00089,O=P([O-])([O-])OC1OC(CO)C(O)C(O)C1O
cpd02775,Cc1ncc(COP(=O)([O-])[O-])c(N)n1
cpd00507,C[N+](C)(C)CCOP(=O)([O-])OCC(O)CO
cpd00059,O=C1OC(C(O)CO)C(=O)C1O
cpd02886,CCCCCCCCCCCC(O)CC(=O)OC1C(O)C(CO)OC(OP(=O)([O-])OP(=O)([O-])OCC2OC(n3ccc(=O)[nH]c3=O)C(O)C2O)C1NC(C)=O
cpd00641,[NH3+]C(CO)Cc1c[nH]cn1
cpd02857,O=C([O-])C(=O)CC(O)C(O)C(O)COP(=O)([O-])[O-]
cpd00151,Cc1c[nH]c(=O)[nH]c1=O
cpd00804,O=P([O-])([O-])OCC(O)C(O)C(O)C(O)CO
cpd00509,O=P([O-])([O-])OC1CC(O)C(CO)O1
cpd19024,CC(O)CO
cpd00171,O=C(CO)C(O)C(O)COP(=O)([O-])[O-]
cpd00793,Cc1ncc(C[n+]2csc(CCOP(=O)([O-])[O-])c2C)c(N)n1
cpd15352,CC(C)=CCCC(C)=CCCC(C)=CCCC(C)=CCCC(C)=CCCC(C)=CCCC(C)=CCCC(C)=CCC1=CC(=O)c2ccccc2C1=O
cpd00452,CC(C)(COP(=O)([O-])OP(=O)([O-])OCC1OC(n2cnc3c(N)ncnc32)C(O)C1OP(=O)([O-])[O-])C(O)C(=O)NCCC(=O)NCCSC(=O)Cc1ccccc1
cpd00098,C[N+](C)(C)CCO
cpd19198,Cc1[nH]c2ccccc2c1CC([NH3+])C(=O)[O-]
cpd14874,[NH3+]C1COC(OP(=O)([O-])OP(=O)([O-])OCC2OC(n3ccc(=O)[nH]c3=O)C(O)C2O)C(O)C1O
cpd03451,O=C([O-])CCC(=O)C1=CC=CC(O)C1C(=O)[O-]
cpd23600,CCCCCCCCCCCCCCCCCC(=O)OCC(COP(=O)([O-])OCC(O)CO)OC(=O)CCCCCCCCCCCCCCCCC
cpd08021,CS(C)=O
cpd02642,O=C([O-])c1ccccc1NC1OC(COP(=O)([O-])[O-])C(O)C1O
cpd00005,NC(=O)C1=CN(C2OC(COP(=O)([O-])OP(=O)([O-])OCC3OC(n4cnc5c(N)ncnc54)C(OP(=O)([O-])[O-])C3O)C(O)C2O)C=CC1
cpd00541,O=C([O-])CCCCC1CCSS1
cpd15397,CC(=O)NC1=COC(CO)C(OC2OC(CO)C(O)C(O)C2NC(C)=O)C1OC(C)C(=O)NC(C)C(=O)NC(CCC(=O)[O-])C(=O)NC(CCCC([NH3+])C(=O)[O-])C(=O)[O-]
cpd27127,CC1OC(OP(=O)([O-])OP(=O)([O-])OCC2OC(n3cnc4c(=O)[nH]c(N)nc43)C(O)C2O)C(O)C(O)C1O
cpd00573,O=C([O-])C(O)C(O)C(O)C(O)CO
cpd02882,Nc1c(NCC(O)C(O)C(O)CO)[nH]c(=O)[nH]c1=O
cpd22811,CC1(O)OCC(O)C1=O
cpd00758,CC(=O)NCCCC[NH2+]CCC[NH3+]
cpd15359,COc1cc(O)cc(CC=C(C)CCC=C(C)CCC=C(C)CCC=C(C)CCC=C(C)CCC=C(C)CCC=C(C)CCC=C(C)C)c1O
cpd00714,O=CCCO
cpd02930,CCCCCCCCCCCC(O)CC(=O)NC1C(OP(=O)([O-])[O-])OC(CO)C(O)C1OC(=O)CC(O)CCCCCCCCCCC
cpd27177,[NH3+]C(CCC(=O)[O-])C(=O)[O-]
cpd02820,C=C(OC1C(O)C(CO)OC(OP(=O)([O-])OP(=O)([O-])OCC2OC(n3ccc(=O)[nH]c3=O)C(O)C2O)C1NC(C)=O)C(=O)[O-]
cpd00902,O=P([O-])(OCC(O)CO)OC1C(O)C(O)C(O)C(O)C1O
cpd14876,O=C1COC(OP(=O)([O-])OP(=O)([O-])OCC2OC(n3ccc(=O)[nH]c3=O)C(O)C2O)C(O)C1O
cpd00123,CC(C)C(=O)C(=O)[O-]
cpd02661,Cc1cn(C2CC(O)C(COP(=O)([O-])OP(=O)([O-])OC3OC(C)C([NH3+])C(O)C3O)O2)c(=O)[nH]c1=O
cpd00133,NC(=O)c1cccnc1
cpd25195,CCCCCCCCCCCCCCCC(=O)OCC(O)COP(=O)([O-])OCC[NH3+]
cpd00446,Nc1ncnc2c1ncn2C1OC2COP(=O)([O-])OC2C1O
cpd15470,CC(=O)NC1C(OP(=O)([O-])OP(=O)([O-])OCC=C(C)CCC=C(C)CCC=C(C)CCC=C(C)CCC=C(C)CCC=C(C)CCC=C(C)CCC=C(C)CCC=C(C)CCC=C(C)CCC=C(C)C)OC(CO)C(O)C1OC1OC(C)C(O)C(OC2OC(CO)C(O)C(O)C2O)C1OC(C)=O
cpd00029,CC(=O)[O-]
cpd00200,CC(C)CC(=O)C(=O)[O-]
cpd02511,Nc1ncnc2c1ncn2C1OC(COP(=O)([O-])OP(=O)([O-])OP(=O)([O-])OP(=O)([O-])OP(=O)([O-])OCC2OC(n3cnc4c(N)ncnc43)C(O)C2O)C(O)C1O
cpd04920,O=P([O-])([O-])OC1OC(C(O)CO)C(O)C(O)C1O
cpd00533,Nc1ccn(C2CC(O)C(COP(=O)([O-])OP(=O)([O-])O)O2)c(=O)n1
cpd00299,O=c1ccn(C2CC(O)C(COP(=O)([O-])[O-])O2)c(=O)[nH]1
cpd01262,OCC1OC(OC2C(CO)OC(OC3C(CO)OC(O)C(O)C3O)C(O)C2O)C(O)C(O)C1O
cpd08023,CS(=O)(=O)[O-]
cpd15517,CC(=O)NC1C(OC2C(OCC3OC(OC4C(O)C(C)OC(OC5C(O)C(COC6OC(CO)C(O)C(O)C6O)OC(OC6C(OCC7OC(OC8C(O)C(C)OC(OC9C(O)C(COC%10OC(CO)C(O)C(O)C%10O)OC(OP(=O)([O-])OP(=O)([O-])OCC=C(C)CCC=C(C)CCC=C(C)CCC=C(C)CCC=C(C)CCC=C(C)CCC=C(C)CCC=C(C)CCC=C(C)CCC=C(C)CCC=C(C)C)C9NC(C)=O)C8OC(C)=O)C(O)C(O)C7O)OC(C(O)CO)C6O)C5NC(C)=O)C4OC(C)=O)C(O)C(O)C3O)OC(C(O)CO)C2O)OC(COC2OC(CO)C(O)C(O)C2O)C(O)C1OC1OC(C)C(O)C(OC2OC(COC3OC(C(O)CO)C(O)C3O)C(O)C(O)C2O)C1OC(C)=O
cpd00403,O=C([O-])C(O)C(O)C(O)C(O)CO
cpd15441,CC(C)(COP(=O)([O-])OP(=O)([O-])OCC1OC(n2cnc3c(N)ncnc32)C(O)C1OP(=O)([O-])[O-])C(O)C(=O)NCCC(=O)NCCSC(=O)C=CC[N+](C)(C)C
cpd00305,Cc1ncc(C[n+]2csc(CCO)c2C)c(N)n1
cpd15507,CC(=O)NC1=COC(CO)C2OC3OC(CO)C(OC4OC(CO)C(OC5OC(CO)C(OC6OC(CO)C(OC7OC(CO)C(O)C(O)C7NC(C)=O)C(OC(C)C(=O)NC(C)C(=O)NC(CCC(=O)[O-])C(=O)NC(CCCC(N)C(=O)[O-])C(=O)NC(C)C(=O)[O-])C6NC(C)=O)C(O)C5NC(C)=O)C(OC(C)C(=O)NC(C)C(=O)NC(CCC(=O)[O-])C(=O)NC(CCCC(N)C(=O)[O-])C(=O)NC(C)C(=O)NC(C(=O)[O-])CCCC(C(=O)NC(C)C(=O)[O-])NC(=O)C(CCC(=O)[O-])NC(=O)C(C)NC(=O)C(C)OC12)C4NC(C)=O)C(O)C3NC(C)=O
cpd00337,O=C1CCNC(=O)N1
cpd19187,O=P([O-])([O-])OCC1OC(OC2(CO)OC(CO)C(O)C2O)C(O)C(O)C1O
cpd19032,Nc1c(C(=O)NC(CC(=O)[O-])C(=O)[O-])ncn1C1OC(COP(=O)([O-])[O-])C(O)C1O
cpd03912,[NH3+]C(Cc1ccc(OP(=O)([O-])[O-])cc1)C(=O)[O-]
cpd23595,CCCCCCCCCCCCCCCC(=O)OCC(COP(=O)([O-])OCC([NH3+])C(=O)[O-])OC(=O)CCCCCCCCCCCCCCC
cpd00330,Nc1nc2c(c(=O)[nH]1)N=C(CNc1ccc(C(=O)NC(CCC(=O)[O-])C(=O)[O-])cc1)CN2
cpd00493,Cc1ncc(COP(=O)([O-])[O-])c(C[NH3+])c1O
cpd00139,O=C([O-])CO
cpd11579,CCS(=O)(=O)[O-]
cpd00180,O=C([O-])C(=O)[O-]
cpd14545,N=CC(=O)[O-]
cpd00773,CC(=O)NC1C(OP(=O)([O-])OP(=O)([O-])OCC2OC(n3ccc(=O)[nH]c3=O)C(O)C2O)OC(CO)C(O)C1OC(C)C(=O)[O-]
cpd00207,Nc1nc2[nH]cnc2c(=O)[nH]1
cpd15475,CCCCCCCCCCCCCC(=O)OC(CCCCCCCCCCC)CC(=O)OC1C(NC(=O)CC(CCCCCCCCCCC)OC(=O)CCCCCCCCCCC)C(OCC2OC(OP(=O)([O-])[O-])C(NC(=O)CC(O)CCCCCCCCCCC)C(OC(=O)CC(O)CCCCCCCCCCC)C2O)OC(COC2(C(=O)O)CC(OC3(C(=O)O)CC(OC4(C(=O)O)CC(O)C(O)C(C(O)CO)O4)C(OC4OC(C)C(O)C(O)C4O)C(C(O)CO)O3)C(OC3OC(C(O)CO)C(OP(=O)([O-])[O-])C(OC4OC(C(O)COC5OC(C(O)CO)C(O)C(O)C5O)C(OP(=O)([O-])[O-])C(OC5OC(COC6OC(CO)C(O)C(O)C6O)C(O)C(OC6OC(CO)C(O)C(O)C6O)C5O)C4O)C3O)C(C(O)CO)O2)C1OP(=O)([O-])[O-]
cpd00104,O=C([O-])CCCCC1SCC2NC(=O)NC21
cpd00019,Nc1ncnc2c1ncn2C1OC(CSCCC([NH3+])C(=O)[O-])C(O)C1O
cpd00014,O=c1ccn(C2OC(COP(=O)([O-])OP(=O)([O-])O)C(O)C2O)c(=O)[nH]1
cpd00358,O=c1ccn(C2CC(O)C(COP(=O)([O-])OP(=O)([O-])OP(=O)([O-])O)O2)c(=O)[nH]1
cpd00035,CC([NH3+])C(=O)[O-]
cpd00608,O=C([O-])C(O)C(O)C(O)C(O)CO
cpd01982,[NH3+]C1OC(COP(=O)([O-])[O-])C(O)C1O
cpd00658,C=C(OC1C=CC=C(C(=O)[O-])C1O)C(=O)[O-]
cpd00191,O=CCC(=O)[O-]
cpd00298,Cc1cn(C2CC(O)C(COP(=O)([O-])[O-])O2)c(=O)[nH]c1=O
cpd21472,Nc1nc2c(c(=O)[nH]1)NC(C(=O)[O-])CN2
cpd01092,NC(=O)Nc1[nH]c([O-])nc1[O-]
cpd00071,CC=O
cpd00508,CCC(C)C(=O)C(=O)[O-]
cpd00134,CCCCCCCCCCCCCCCC(=O)SCCNC(=O)CCNC(=O)C(O)C(C)(C)COP(=O)([O-])OP(=O)([O-])OCC1OC(n2cnc3c(N)ncnc32)C(O)C1OP(=O)([O-])[O-]
cpd00118,[NH3+]CCCC[NH3+]
cpd30746,CSCCC([NH3+])C(=O)[O-]
cpd03453,O=C(NC1COC(=O)C(NC(=O)c2cccc(O)c2O)COC(=O)C(NC(=O)c2cccc(O)c2O)COC1=O)c1cccc(O)c1O
cpd01260,CCCCCCCCCCCC(=O)SCCNC(=O)CCNC(=O)C(O)C(C)(C)COP(=O)([O-])OP(=O)([O-])OCC1OC(n2cnc3c(N)ncnc32)C(O)C1OP(=O)([O-])[O-]
cpd26432,CCCCCCCCCCCC(=O)OCC(O)COP(=O)([O-])OCC[NH3+]
cpd00327,CCCCCCCCCCCCCCCCCC(=O)SCCNC(=O)CCNC(=O)C(O)C(C)(C)COP(=O)([O-])OP(=O)([O-])OCC1OC(n2cnc3c(N)ncnc32)C(O)C1OP(=O)([O-])[O-]
cpd11408,[NH3+]C(CCC(=O)NCCCC(=O)[O-])C(=O)[O-]
cpd15485,CCCCCCCCCCCCCC(=O)OC(CCCCCCCCCCC)CC(=O)OC1C(NC(=O)CC(CCCCCCCCCCC)OC(=O)CCCCCCCCCCC)C(OCC2OC(OP(=O)([O-])[O-])C(NC(=O)CC(O)CCCCCCCCCCC)C(OC(=O)CC(O)CCCCCCCCCCC)C2O)OC(COC2(C(=O)[O-])CC(OC3(C(=O)[O-])CC(O)C(O)C(C(O)CO)O3)C(OC3OC(C(O)CO)C(O)C(O)C3O)C(C(O)CO)O2)C1OP(=O)([O-])[O-]
cpd00510,O=P([O-])([O-])OCC1OC(O)CC1O
cpd00781,O=C([O-])C(O)C(O)C(O)C(=O)CO
cpd00448,O=CC(O)CO
cpd00026,O=c1ccn(C2OC(COP(=O)([O-])OP(=O)([O-])OC3OC(CO)C(O)C(O)C3O)C(O)C2O)c(=O)[nH]1
cpd00808,O=C(CO)C(O)C(O)COP(=O)([O-])[O-]
cpd00412,O=c1ccn(C2CC(O)C(CO)O2)c(=O)[nH]1
cpd19021,NC(=[NH2+])NCCCC([NH3+])C(=O)[O-]
cpd00485,O=P([O-])([O-])OC1OC(CO)C(O)C(O)C1O
cpd03738,CC(=O)C(O)C(O)CO
cpd00232,CC(=O)NC1C(O)CC(O)(C(=O)[O-])OC1C(O)C(O)CO
cpd00064,[NH3+]CCCC([NH3+])C(=O)[O-]
cpd03360,c1ncc2c(n1)=NCCN=2
cpd00441,C[NH+](C)C
cpd25775,CC(C)=CCCC(C)=CCCC(C)=CCCC(C)=CCCC(C)=CCCC(C)=CCCC(C)=CCCC(C)=CCCC(C)=CCCC(C)=CCCC(C)=CCOP(=O)([O-])OP(=O)([O-])O
cpd00515,O=C([O-])C(=O)CC(O)C(O)C(=O)[O-]
cpd02711,O=C([O-])C(=O)CC(O)C(O)COP(=O)([O-])[O-]
cpd01151,COc1cccc2c1C(=O)c1c(O)c3c(c(O)c1C2=O)CC(O)(C(=O)CO)CC3OC1CC([NH3+])C(O)C(C)O1
cpd08289,CC(=O)C(O)C(O)COP(=O)([O-])[O-]
cpd12196,CCC(=O)SCCNC(=O)CCNC(=O)C(O)C(C)(C)COP(=O)([O-])OP(=O)([O-])OCC1OC(n2cnc3c(N)ncnc32)C(O)C1OP(=O)([O-])[O-]
cpd03444,CC(C)=CCCC(C)=CCCC(C)=CCCC(C)=CCCC(C)=CCCC(C)=CCCC(C)=CCCC(C)=CCc1ccccc1O
cpd00663,C=CC(=O)SCCNC(=O)CCNC(=O)C(O)C(C)(C)COP(=O)([O-])OP(=O)([O-])OCC1OC(n2cnc3c(N)ncnc32)C(O)C1OP(=O)([O-])[O-]
cpd00540,C[N+](C)(C)CC(=O)[O-]
cpd00020,CC(=O)C(=O)[O-]
cpd01981,CSCC1OC(O)C(O)C1O
cpd19003,C[N+](C)(C)CC(O)CC(=O)[O-]
cpd15400,CC(=O)NC1COC(CO)C(O)C1OC(C)C(=O)NC(C)C(=O)NC(CCC(=O)[O-])C(=O)NC(CCCC([NH3+])C(=O)[O-])C(=O)[O-]
cpd19019,[NH3+]C(CCSCC([NH3+])C(=O)[O-])C(=O)[O-]
cpd00099,[Cl-]
cpd00037,CC(=O)NC1C(OP(=O)([O-])OP(=O)([O-])OCC2OC(n3ccc(=O)[nH]c3=O)C(O)C2O)OC(CO)C(O)C1O
cpd00260,O=C([O-])CC(C(=O)[O-])C(O)C(=O)[O-]
cpd00516,[NH3+]C(CCCC([NH3+])C(=O)[O-])C(=O)[O-]
cpd00147,CSCC1OC(n2cnc3c(N)ncnc32)C(O)C1O
cpd00309,O=c1[nH]c(=O)c2nc[nH]c2[nH]1
cpd27437,O=CC(O)C(O)C(O)C(O)CO
cpd01055,OCC1OC(O)C(O)C(O)C1O
cpd00214,CCCCCCCCCCCCCCCC(=O)[O-]
cpd15549,CCCCCCCCCCCCCC(=O)OC(CCCCCCCCCCC)CC(=O)OC1C(NC(=O)CC(CCCCCCCCCCC)OC(=O)CCCCCCCCCCC)C(OCC2OC(OP(=O)([O-])[O-])C(NC(=O)CC(O)CCCCCCCCCCC)C(OC(=O)CC(O)CCCCCCCCCCC)C2O)OC(COC2(C(=O)[O-])CC(OC3(C(=O)[O-])CC(O)C(O)C(C(O)CO)O3)C(OC3OC(C(O)CO)C(O)C(OC4OC(C(O)CO)C(OP(=O)([O-])[O-])C(O)C4O)C3O)C(C(O)CO)O2)C1OP(=O)([O-])[O-]
cpd03361,c1ncc2c(n1)NCCN2
cpd02993,CCCCCCCCCCCC(O)CC(=O)NC1C(OP(=O)([O-])[O-])OC(COC2OC(CO)C(OP(=O)([O-])[O-])C(OC(=O)CC(O)CCCCCCCCCCC)C2NC(=O)CC(O)CCCCCCCCCCC)C(O)C1OC(=O)CC(O)CCCCCCCCCCC
cpd00253,NC(=O)CCC([NH3+])C(=O)[O-]
cpd02979,NC(=O)c1ncn(C2OC(COP(=O)([O-])[O-])C(O)C2O)c1NC=NC1OC(COP(=O)([O-])[O-])C(O)C1O
cpd00805,O=P([O-])([O-])OCC1OC(O)(CO)C(O)C1O
cpd00236,O=CC(O)C(O)COP(=O)([O-])[O-]
cpd00348,O=P([O-])([O-])OC1OC(CO)C(O)C(O)C1O
cpd02720,Nc1c(NCC(O)C(O)C(O)COP(=O)([O-])[O-])[nH]c(=O)[nH]c1=O
cpd00342,CC(=O)NC(CCC[NH3+])C(=O)[O-]
cpd00475,O=P([O-])([O-])OC1OC(CO)C(O)C1O
cpd01908,O=P([O-])([O-])OC(CO)CO
cpd02039,CC(O)C[NH3+]
cpd03608,[NH3+]C(C(=O)[O-])C(O)CO
cpd03127,CCCCCCCCCCCC=CC(=O)SCCNC(=O)CCNC(=O)C(O)C(C)(C)COP(=O)([O-])OP(=O)([O-])OCC1OC(n2cnc3c(N)ncnc32)C(O)C1OP(=O)([O-])[O-]
cpd09878,O=C([O-])CS(=O)(=O)[O-]
cpd26821,O=CC(O)C(O)C(O)C(O)CO
cpd00386,O=C([O-])CC(O)C(=O)[O-]
cpd12215,[NH3+]CCCC[NH3+]
cpd09879,[NH3+]C(CCC(=O)NC(CSCO)C(=O)NCC(=O)[O-])C(=O)[O-]
cpd00854,O=C([O-])Cc1ccc(O)c(O)c1
cpd01400,[NH3+]C(Cc1ccccc1)C(=O)[O-]
cpd01113,CCCCCC(=O)[O-]
cpd09252,O=C([O-])C=Cc1cccc(O)c1
cpd03525,O=C([O-])CCC(=O)NC(CCC(=O)[O-])C(=O)[O-]
cpd00355,NC(=O)c1ccc[n+](C2OC(COP(=O)([O-])[O-])C(O)C2O)c1
cpd00055,C=O
cpd02083,Cc1c2[nH]c(c1CCC(=O)[O-])Cc1[nH]c(c(CCC(=O)[O-])c1C)Cc1[nH]c(c(CCC(=O)[O-])c1C)Cc1[nH]c(c(C)c1CCC(=O)[O-])C2
cpd00817,O=CC(O)C(O)C(O)COP(=O)([O-])[O-]
cpd27436,O=P([O-])([O-])OCC(O)C(O)C(O)C(O)CO
cpd00046,Nc1ccn(C2OC(COP(=O)([O-])[O-])C(O)C2O)c(=O)n1
cpd15457,CCCCCCCCCCCCCC(=O)OC(CCCCCCCCCCC)CC(=O)OC1C(NC(=O)CC(CCCCCCCCCCC)OC(=O)CCCCCCCCCCC)C(OCC2OC(OP(=O)([O-])[O-])C(NC(=O)CC(O)CCCCCCCCCCC)C(OC(=O)CC(O)CCCCCCCCCCC)C2O)OC(COC2(C(=O)O)CC(OC3(C(=O)O)CC(O)C(O)C(C(O)CO)O3)C(OC3OC(C(O)CO)C(OP(=O)([O-])[O-])C(OC4OC(C(O)COC5OC(C(CO)OC6OC(CO)C(OC7OC(C(=O)O)C(OC8OC(C)C(NC(C)=O)C(OC9OC(CO)C(OC%10OC(C(=O)O)C(OC%11OC(C)C(NC(C)=O)C(OC%12OC(CO)C(OC%13OC(C(=O)O)C(OC%14OC(C)C(NC(C)=O)C(OC%15OC(CO)C(OC%16OC(C(=O)O)C(OC%17OC(C)C(NC(C)=O)C(O)C%17O)C(O)C%16NC(C)=O)C(O)C%15NC(C)=O)C%14O)C(O)C%13NC(C)=O)C(O)C%12NC(C)=O)C%11O)C(O)C%10NC(C)=O)C(O)C9NC(C)=O)C8O)C(O)C7NC(C)=O)C(O)C6NC(C)=O)C(O)C(O)C5O)C(OP(=O)([O-])[O-])C(OC5OC(COC6OC(CO)C(O)C(O)C6O)C(O)C(OC6OC(CO)C(O)C(O)C6OC6OC(COC7OC(C(O)CO)C(O)C(O)C7O)C(O)C(O)C6O)C5O)C4O)C3O)C(C(O)CO)O2)C1OP(=O)([O-])[O-]
cpd01919,O=P([O-])([O-])OCC1OC(OC2C(CO)OC(O)C(O)C2O)C(O)C(O)C1O
cpd00159,CC(O)C(=O)[O-]
cpd02338,O=c1ccn(C2OC(COP(=O)([O-])OP(=O)([O-])OC3OC(C(O)CO)C(O)C3O)C(O)C2O)c(=O)[nH]1
cpd25117,CCCCCCCCCCCCCCCC(=O)OCC(COP(=O)([O-])OCC(O)CO)OC(=O)CCCCCCCCCCCCCCC
cpd26428,CCCCCCCCCCCCCCCCCC(=O)OCC(O)COP(=O)([O-])OCC(O)CO
cpd00241,Nc1nc2c(ncn2C2CC(O)C(COP(=O)([O-])OP(=O)([O-])OP(=O)([O-])O)O2)c(=O)[nH]1
cpd00482,O=C([O-])C(CO)OP(=O)([O-])[O-]
cpd00755,O=C([O-])CCc1c[nH]c(Cc2[nH]c(Cc3[nH]c(Cc4[nH]c(CO)c(CC(=O)[O-])c4CCC(=O)[O-])c(CC(=O)[O-])c3CCC(=O)[O-])c(CC(=O)[O-])c2CCC(=O)[O-])c1CC(=O)[O-]
cpd00626,Cc1cn(C2CC(O)C(COP(=O)([O-])OP(=O)([O-])OC3OC(CO)C(O)C(O)C3O)O2)c(=O)[nH]c1=O
cpd03495,CC(=O)NC1C(OC2C(CO)OC(OP(=O)([O-])OP(=O)([O-])OCC=C(C)CCC=C(C)CCC=C(C)CCC=C(C)CCC=C(C)CCC=C(C)CCC=C(C)CCC=C(C)CCC=C(C)CCC=C(C)CCC=C(C)C)C(NC(C)=O)C2OC(C)C(=O)NC(C)C(=O)NC(CCC(=O)NC(CCCC([NH3+])C(=O)[O-])C(=O)NC(C)C(=O)NC(C)C(=O)[O-])C(=O)[O-])OC(CO)C(O)C1O
cpd15503,CC(=O)NC1=COC(CO)C2OC3OC(CO)C(OC4OC(CO)C(OC5OC(CO)C(O)C(O)C5NC(C)=O)C(OC(C)C(=O)NC(C)C(=O)NC(CCC(=O)[O-])C(=O)NC(CCCC([NH3+])C(=O)[O-])C(=O)NC(C)C(=O)NC(C(=O)[O-])CCCC(C(=O)[O-])NC(=O)C(CCC(=O)[O-])NC(=O)C(C)NC(=O)C(C)OC12)C4NC(C)=O)C(O)C3NC(C)=O
cpd02654,Cc1ncsc1CCOP(=O)([O-])[O-]
cpd00149,[Co+2]
cpd00654,Nc1ccn(C2CC(O)C(CO)O2)c(=O)n1
cpd00343,NC(=O)NC(CC(=O)[O-])C(=O)[O-]
cpd15559,[NH3+]C(CCCC[NH2+]CC(=O)C(O)C(O)C(O)CO)C(=O)[O-]
cpd01211,N=C=S
cpd00834,CC(C)(COP(=O)([O-])[O-])C(O)C(=O)NCCC(=O)NCCS
cpd00492,CC(=O)NC1C(O)OC(CO)C(O)C1O
cpd08626,[NH3+]C(C=O)C(=O)[O-]
cpd00162,[NH3+]CCO
cpd01399,OCC1OC(OC2C(CO)OC(OC3C(CO)OC(OC4C(CO)OC(O)C(O)C4O)C(O)C3O)C(O)C2O)C(O)C(O)C1O
cpd00045,Nc1ncnc2c1ncn2C1OC(COP(=O)([O-])[O-])C(OP(=O)([O-])[O-])C1O
cpd02605,CC(C)C(C(=O)[O-])C(=O)C(=O)[O-]
cpd01017,[NH3+]C(CS)C(=O)NCC(=O)[O-]
cpd00731,CC([NH3+])C(=O)NC(C)C(=O)[O-]
cpd00011,O=C=O
cpd00085,[NH3+]CCC(=O)[O-]
cpd02371,O=P([O-])([O-])OCC1OC(O)(COP(=O)([O-])[O-])C(O)C1O
cpd03454,Nc1ccn(C2OC(CO)C(OP(=O)([O-])[O-])C2O)c(=O)n1
cpd02701,C[S+](CCC(=O)C(=O)[O-])CC1OC(n2cnc3c(N)ncnc32)C(O)C1O
cpd00847,O=P([O-])([O-])OCC1OC(OP(=O)([O-])[O-])C(O)C1O
cpd00588,OCC(O)C(O)C(O)C(O)CO
cpd01793,O=C([O-])C(=O)C(O)C(O)C(=O)CO
cpd00150,C#N
cpd15385,CC([NH3+])C(=O)NC(CCC(=O)[O-])C(=O)[O-]
cpd00086,CCC(=O)SCCNC(=O)CCNC(=O)C(O)C(C)(C)COP(=O)([O-])OP(=O)([O-])OCC1OC(n2cnc3c(N)ncnc32)C(O)C1OP(=O)([O-])[O-]
cpd15361,COc1cc(O)c(C)c(CC=C(C)CCC=C(C)CCC=C(C)CCC=C(C)CCC=C(C)CCC=C(C)CCC=C(C)CCC=C(C)C)c1O
cpd01003,CC([NH3+])C(=O)[O-]
cpd15388,CC([NH3+])C(=O)NC(CCC(=O)[O-])C(=O)[O-]
cpd02835,CCCCCCCCCCCC(O)CC(=O)NC1C(OP(=O)([O-])OP(=O)([O-])OCC2OC(n3ccc(=O)[nH]c3=O)C(O)C2O)OC(CO)C(O)C1OC(=O)CC(O)CCCCCCCCCCC
cpd15477,CCCCCCCCCCCCCC(=O)OC(CCCCCCCCCCC)CC(=O)OC1C(NC(=O)CC(CCCCCCCCCCC)OC(=O)CCCCCCCCCCC)C(OCC2OC(OP(=O)([O-])[O-])C(NC(=O)CC(O)CCCCCCCCCCC)C(OC(=O)CC(O)CCCCCCCCCCC)C2O)OC(COC2(C(=O)O)CC(OC3(C(=O)O)CC(OC4(C(=O)O)CC(O)C(O)C(C(O)CO)O4)C(OC4OC(C)C(O)C(O)C4O)C(C(O)CO)O3)C(OC3OC(C(O)CO)C(OP(=O)([O-])[O-])C(OC4OC(C(O)COC5OC(C(O)CO)C(O)C(O)C5O)C(OP(=O)([O-])[O-])C(OC5OC(COC6OC(CO)C(O)C(O)C6O)C(O)C(OC6OC(CO)C(O)C(O)C6OC6OC(CO)C(O)C(O)C6O)C5O)C4O)C3O)C(C(O)CO)O2)C1OP(=O)([O-])[O-]
cpd02295,O=C([O-])c1cc(O)c2ccccc2c1O
cpd23598,CCCCCCCCCCCCCCCCCC(=O)OCC(COP(=O)([O-])OCC(O)COP(=O)([O-])[O-])OC(=O)CCCCCCCCCCCCCCCCC
cpd00003,NC(=O)c1ccc[n+](C2OC(COP(=O)([O-])OP(=O)([O-])OCC3OC(n4cnc5c(N)ncnc54)C(O)C3O)C(O)C2O)c1
cpd00246,O=c1[nH]cnc2c1ncn2C1OC(CO)C(O)C1O
cpd01329,OCC1OC(OC2C(CO)OC(OC3C(CO)OC(OC4C(CO)OC(OC5C(CO)OC(OC6C(CO)OC(O)C(O)C6O)C(O)C5O)C(O)C4O)C(O)C3O)C(O)C2O)C(O)C(O)C1O
cpd03130,CCCCCC=CC(=O)SCCNC(=O)CCNC(=O)C(O)C(C)(C)COP(=O)([O-])OP(=O)([O-])OCC1OC(n2cnc3c(N)ncnc32)C(O)C1OP(=O)([O-])[O-]
cpd00076,OCC1OC(OC2(CO)OC(CO)C(O)C2O)C(O)C(O)C1O
cpd26438,CCCCCCCCCCCCCCCC(=O)OC(CO)COP(=O)([O-])OCC[NH3+]
cpd26442,CCCCCCCCCCCCCCCCCC(=O)OCC(O)COP(=O)([O-])OCC(COC(=O)CCCCCCCCCCCCCCCCC)OC(=O)CCCCCCCCCCCCCCCCC
cpd00982,Cc1cc2c(cc1C)N(CC(O)C(O)C(O)COP(=O)([O-])OP(=O)([O-])OCC1OC(n3cnc4c(N)ncnc43)C(O)C1O)c1[nH]c(=O)nc(O)c1N2
cpd02843,O=P([O-])([O-])OCC(O)C(O)c1c[nH]cn1
cpd01298,CC(=O)C[NH3+]
cpd00363,CCO
cpd00396,CC1OC(O)C(O)C(O)C1O
cpd00867,O=P([O-])([O-])OC1C(O)C(O)C(O)C(O)C1O
cpd19030,CC(C)(O)C(O)C(=O)[O-]
cpd00227,[NH3+]C(CCO)C(=O)[O-]
cpd00349,O=C(COP(=O)([O-])[O-])C(O)C(O)C(O)C(O)COP(=O)([O-])[O-]
cpd00434,[NH3+]CCCC=O
cpd15488,CCCCCCCCCCCCCC(=O)OC(CCCCCCCCCCC)CC(=O)OC1C(NC(=O)CC(CCCCCCCCCCC)OC(=O)CCCCCCCCCCC)C(OCC2OC(OP(=O)([O-])[O-])C(NC(=O)CC(O)CCCCCCCCCCC)C(OC(=O)CC(O)CCCCCCCCCCC)C2O)OC(COC2(C(=O)[O-])CC(OC3(C(=O)[O-])CC(O)C(O)C(C(O)CO)O3)C(OC3OC(C(O)CO)C(O)C(OC4OC(C(O)COC5OC(C(O)CO)C(O)C(O)C5O)C(OP(=O)([O-])[O-])C(O)C4O)C3O)C(C(O)CO)O2)C1OP(=O)([O-])[O-]
cpd21090,Nc1nc2c(c(=O)[nH]1)NC1C(N2)OC(COP(=O)([O-])OP(=O)([O-])OCC2OC(n3cnc4c(N)ncnc43)C(O)C2O)C(=S)C1S
cpd00653,O=C([O-])C(O)C(O)C(O)C(O)CO
cpd04122,[NH3+]CC=O
cpd00060,CSCCC([NH3+])C(=O)[O-]
cpd00142,CC(=O)CC(=O)[O-]
cpd00050,Cc1cc2nc3c(=O)nc(O)nc-3n(CC(O)C(O)C(O)COP(=O)([O-])[O-])c2cc1C
cpd01067,OC1COC(O)C(O)C1O
cpd03446,COc1cccc(CC=C(C)CCC=C(C)CCC=C(C)CCC=C(C)CCC=C(C)CCC=C(C)CCC=C(C)CCC=C(C)C)c1O
cpd02566,O=C([O-])C1=CC=CC(O)C1O
cpd21486,NC=CC(=O)[O-]
cpd26148,CCCCCCCCCCCCCCCCCC(=O)OCC(COP(=O)([O-])[O-])OC(=O)CCCCCCCCCCCCCCCCC
cpd00908,[NH3+]CCOP(=O)([O-])OCC(O)CO
cpd00738,[NH3+]C(COP(=O)([O-])[O-])C(=O)[O-]
cpd00665,OCC1OC(OC2C(CO)OC(O)C(O)C2O)C(O)C(O)C1O
cpd27712,CC=CC(=O)C(=O)[O-]
cpd00277,Nc1nc2c(ncn2C2CC(O)C(CO)O2)c(=O)[nH]1
cpd04095,CC(=O)OC1CC2(C)C(CC(O)C3C4(C)CCC(O)C(C)C4CCC32C)C1=C(CCC=C(C)C)C(=O)[O-]
cpd00199,O=CCCC(=O)[O-]
cpd15143,CC(C)CC([NH3+])C(=O)[O-]
cpd03117,CCCCCCCCCC(=O)CC(=O)SCCNC(=O)CCNC(=O)C(O)C(C)(C)COP(=O)([O-])OP(=O)([O-])OCC1OC(n2cnc3c(N)ncnc32)C(O)C1OP(=O)([O-])[O-]
cpd00478,Cc1ncc(COP(=O)([O-])[O-])c(CO)c1O
cpd00249,O=c1ccn(C2OC(CO)C(O)C2O)c(=O)[nH]1
cpd00102,O=CC(O)COP(=O)([O-])[O-]
cpd03091,CC1OC(n2cnc3c(N)ncnc32)C(O)C1O
cpd02211,CC(=O)C([NH3+])C(=O)[O-]
cpd26437,CCCCCCCCCCCCCC(=O)OC(CO)COP(=O)([O-])OCC(O)CO
cpd01311,CC1NC(=O)NC1CCCCCC(=O)[O-]
cpd00216,C=C(OC1C=C(C(=O)[O-])C=CC1O)C(=O)[O-]
cpd26443,CCCCCCCCCCCCCCCC(=O)OCC(O)COP(=O)([O-])OCC(COC(=O)CCCCCCCCCCCCCCC)OC(=O)CCCCCCCCCCCCCCC
cpd15325,CCCCCCCCCCCC(=O)OCC(O)COP(=O)([O-])[O-]
cpd08615,CC(=CCOP(=O)([O-])OP(=O)([O-])O)CO
cpd00198,O=C(CO)C(O)C(O)COP(=O)([O-])[O-]
cpd01620,CC1(CC(=O)[O-])C2=Cc3[nH]c(c(CCC(=O)[O-])c3CC(=O)[O-])Cc3[nH]c(c(CC(=O)[O-])c3CCC(=O)[O-])C=C3NC(=CC(=N2)C1CCC(=O)[O-])C(C)(CC(=O)[O-])C3CCC(=O)[O-]
cpd27607,CC(=O)NC1C(O)OC(CO)C(O)C1O
cpd00430,CC(=O)Oc1ccccc1
cpd03671,[NH3+]C1C(OP(=O)([O-])[O-])OC(CO)C(O)C1O
cpd01217,O=c1[nH]c(=O)c2ncn(C3OC(CO)C(O)C3O)c2[nH]1
cpd00274,NC(=O)NCCCC([NH3+])C(=O)[O-]
cpd11310,O=C([O-])Nc1cncn1C1OC(COP(=O)([O-])[O-])C(O)C1O
cpd24620,CC(C(=O)[O-])C(O)(CC(=O)[O-])C(=O)[O-]
cpd01296,Nc1ncnc2c1ncn2C1OC(COP(=O)([O-])OP(=O)([O-])OC2OC(CO)C(O)C2O)C(O)C1O
cpd00572,[NH3+]C(Cc1cnc[nH]1)C(=O)[O-]
cpd02651,O=C([O-])C1CCC=N1
cpd21464,NC(=O)NC=CC(=O)OO
cpd15380,CC(O)C(O)C(O)C=O
cpd00972,O=c1[nH]c(=O)c2ncn(C3OC(COP(=O)([O-])OP(=O)([O-])O)C(O)C3O)c2[nH]1
cpd19047,CC(=O)C(C)(O)C(=O)[O-]
cpd00062,O=c1ccn(C2OC(COP(=O)([O-])OP(=O)([O-])OP(=O)([O-])O)C(O)C2O)c(=O)[nH]1
cpd00161,CC(O)C([NH3+])C(=O)[O-]
cpd19005,O=CC(O)COP(=O)([O-])[O-]
cpd00822,[NH3+]C(CCOC(=O)CCC(=O)[O-])C(=O)[O-]
cpd01501,CC(C(=O)[O-])C(O)(CC(=O)[O-])C(=O)[O-]
cpd00135,[NH3+]C(CCS)C(=O)[O-]
cpd00079,O=P([O-])([O-])OCC1OC(O)C(O)C(O)C1O
cpd19007,[NH3+]C(Cc1c[nH]c2ccccc12)C(=O)[O-]
cpd15499,CC(C)=CCCC(C)=CCCC(C)=CCCC(C)=CCCC(C)=CCCC(C)=CCCC(C)=CCCC(C)=CCc1c(C)c(O)c2ccccc2c1O
cpd00093,Nc1ccccc1C(=O)[O-]
cpd03002,CCCCCCCCCCCC(O)CC(=O)NC1C(OCC2OC(OP(=O)([O-])[O-])C(NC(=O)CC(O)CCCCCCCCCCC)C(OC(=O)CC(O)CCCCCCCCCCC)C2O)OC(CO)C(O)C1OC(=O)CC(O)CCCCCCCCCCC
cpd00115,Nc1ncnc2c1ncn2C1CC(O)C(COP(=O)([O-])OP(=O)([O-])OP(=O)([O-])O)O1
cpd20131,[NH3+]C(CCC(=O)NC(CS[Se]SCC(NC(=O)CCC([NH3+])C(=O)[O-])C(=O)NCC(=O)[O-])C(=O)NCC(=O)[O-])C(=O)[O-]
cpd15492,CCCCCCCCCCCCCC(=O)OC(CCCCCCCCCCC)CC(=O)OC1C(NC(=O)CC(CCCCCCCCCCC)OC(=O)CCCCCCCCCCC)C(OCC2OC(OP(=O)([O-])[O-])C(NC(=O)CC(O)CCCCCCCCCCC)C(OC(=O)CC(O)CCCCCCCCCCC)C2O)OC(COC2(C(=O)O)CC(OC3(C(=O)O)CC(OC4(C(=O)O)CC(O)C(O)C(C(O)CO)O4)C(O)C(C(O)CO)O3)C(OC3OC(C(O)CO)C(OP(=O)([O-])[O-])C(OC4OC(C(O)COC5OC(C(O)CO)C(O)C(O)C5O)C(OP(=O)([O-])[O-])C(O)C4O)C3O)C(C(O)CO)O2)C1OP(=O)([O-])[O-]
cpd26429,CCCCCCCCCCCCCC(=O)OCC(O)COP(=O)([O-])OCC(O)CO
cpd00084,[NH3+]C(CS)C(=O)[O-]
cpd19045,CCC(O)(C(C)=O)C(=O)[O-]
cpd02799,CC(O)(C(=O)[O-])C(CC(=O)[O-])C(=O)[O-]
cpd01772,O=C([O-])CCC(=O)c1ccccc1C(=O)[O-]
cpd00465,NC(=O)NC(O)C(=O)[O-]
cpd19034,[NH3+]C(CCS)C(=O)[O-]
cpd00143,O=C([O-])C(=O)Cc1ccccc1
cpd00311,Nc1nc2c(ncn2C2OC(CO)C(O)C2O)c(=O)[nH]1
cpd00221,CC(O)C(=O)[O-]
cpd01786,NC(=O)NC(O)C(=O)[O-]
cpd00051,NC(=[NH2+])NCCCC([NH3+])C(=O)[O-]
cpd15519,CC(=O)NC1C(OC2C(OCC3OC(OC4C(O)C(C)OC(OC5C(O)C(COC6OC(CO)C(O)C(O)C6O)OC(OC6C(OCC7OC(OC8C(O)C(C)OC(OC9C(O)C(COC%10OC(CO)C(O)C(O)C%10O)OC(OC%10C(OCC%11OC(OC%12C(O)C(C)OC(OC%13C(O)C(COC%14OC(CO)C(O)C(O)C%14O)OC(OP(=O)([O-])OP(=O)([O-])OCC=C(C)CCC=C(C)CCC=C(C)CCC=C(C)CCC=C(C)CCC=C(C)CCC=C(C)CCC=C(C)CCC=C(C)CCC=C(C)CCC=C(C)C)C%13NC(C)=O)C%12OC(C)=O)C(O)C(O)C%11O)OC(C(O)CO)C%10O)C9NC(C)=O)C8OC(C)=O)C(O)C(O)C7O)OC(C(O)CO)C6O)C5NC(C)=O)C4OC(C)=O)C(O)C(O)C3O)OC(C(O)CO)C2O)OC(COC2OC(CO)C(O)C(O)C2O)C(O)C1OC1OC(C)C(O)C(OC2OC(COC3OC(C(O)CO)C(O)C3O)C(O)C(O)C2O)C1OC(C)=O
cpd15459,CCCCCCCCCCCCCC(=O)OC(CCCCCCCCCCC)CC(=O)OC1C(NC(=O)CC(CCCCCCCCCCC)OC(=O)CCCCCCCCCCC)C(OCC2OC(OP(=O)([O-])[O-])C(NC(=O)CC(O)CCCCCCCCCCC)C(OC(=O)CC(O)CCCCCCCCCCC)C2O)OC(COC2(C(=O)[O-])CC(OC3(C(=O)[O-])CC(O)C(O)C(C(CO)OP(=O)([O-])OCC[NH3+])O3)C(O)C(C(O)CO)O2)C1OP(=O)([O-])[O-]
cpd03476,CC(C)=CCCC(C)=CCOP(=O)([O-])OP(=O)([O-])O
cpd12689,CCCCCCCCCCCC(=O)CC(=O)SCCNC(=O)CCNC(=O)C(O)C(C)(C)COP(=O)([O-])OP(=O)([O-])OCC1OC(n2cnc3c(N)ncnc32)C(O)C1OP(=O)([O-])[O-]
cpd01563,O=C([O-])C=C(CC(=O)[O-])C(=O)[O-]
cpd26440,CCCCCCCCCCCCCC(=O)OCC(O)COP(=O)([O-])OCC(COC(=O)CCCCCCCCCCCCC)OC(=O)CCCCCCCCCCCCC
cpd01695,CCCCCCCCCCCCCC(=O)SCCNC(=O)CCNC(=O)C(O)C(C)(C)COP(=O)([O-])OP(=O)([O-])OCC1OC(n2cnc3c(N)ncnc32)C(O)C1OP(=O)([O-])[O-]
cpd30761,CC(C)=CCCC(C)=CCCC(C)=CCCC(C)=CCCC(C)=CCCC(C)=CCCC(C)=CCCC(C)=CCOP(=O)([O-])OP(=O)([O-])O
cpd00288,[NH3+]C1C(O)OC(COP(=O)([O-])[O-])C(O)C1O
cpd00096,Nc1ccn(C2OC(COP(=O)([O-])OP(=O)([O-])O)C(O)C2O)c(=O)n1
cpd01335,CCCCCCCC(=O)SCCNC(=O)CCNC(=O)C(O)C(C)(C)COP(=O)([O-])OP(=O)([O-])OCC1OC(n2cnc3c(N)ncnc32)C(O)C1OP(=O)([O-])[O-]
cpd00333,O=C([O-])C=Cc1ccccc1
cpd02552,CC(=O)NC(CCC(=O)OP(=O)([O-])[O-])C(=O)[O-]
cpd27351,O=CC(O)C(O)C(O)CO
cpd00295,Nc1nc2c(ncn2C2CC(O)C(COP(=O)([O-])OP(=O)([O-])O)O2)c(=O)[nH]1
cpd15414,O=C([O-])CCCCC1C2NC(=O)NC2CS1=O
cpd00138,OCC1OC(O)C(O)C(O)C1O
cpd00054,[NH3+]C(CO)C(=O)[O-]
cpd00222,O=C([O-])C(O)C(O)C(O)C(O)CO
cpd15561,COc1c(O)c(C)c(CC=C(C)CCC=C(C)CCC=C(C)CCC=C(C)CCC=C(C)CCC=C(C)CCC=C(C)CCC=C(C)C)c(O)c1OC
cpd15468,[NH3+]C(COP(=O)([O-])OCC(O)CO)C(=O)[O-]
cpd24124,Cc1cn(C2CC(O)C(COP(=O)([O-])OP(=O)([O-])OC3OC(C)C([NH3+])C(O)C3O)O2)c(=O)[nH]c1=O
cpd30760,[Cu+]
cpd00031,Nc1nc2c(ncn2C2OC(COP(=O)([O-])OP(=O)([O-])O)C(O)C2O)c(=O)[nH]1
cpd26450,CCCCCCCCCCCCCCCCCC(=O)OC(CO)COP(=O)([O-])OCC[NH3+]
cpd00724,OCC1OC(O)C(O)C(O)C1O
cpd00473,O=C([O-])C(O)C(=O)C(O)C(O)CO
cpd08928,CC(OP(=O)([O-])[O-])C([NH3+])C(=O)[O-]
cpd01101,NC(=O)[O-]
cpd02893,Nc1c(C(=O)[O-])[nH+]cn1C1OC(COP(=O)([O-])[O-])C(O)C1O
cpd00145,O=C([O-])C(=O)CO
cpd03125,CCCC=CC(=O)SCCNC(=O)CCNC(=O)C(O)C(C)(C)COP(=O)([O-])OP(=O)([O-])OCC1OC(n2cnc3c(N)ncnc32)C(O)C1OP(=O)([O-])[O-]
cpd03732,CC(=O)NC1C(OP(=O)([O-])OP(=O)([O-])OCC2OC(n3ccc(=O)[nH]c3=O)C(O)C2O)OC(C(=O)[O-])C(O)C1O
cpd19018,O=C([O-])C(O)C(O)C(=O)[O-]
cpd01844,CCC(=O)OP(=O)([O-])[O-]
cpd00276,[NH3+]C1C(O)OC(CO)C(O)C1O
cpd00242,O=C([O-])O
cpd01570,Nc1ncnc2c1ncn2C1OC(CO)C2OP(=O)([O-])OC21
cpd00596,NC(=O)NC(=O)C(=O)[O-]
cpd15443,Nc1nc2c(c(=O)[nH]1)N=C(C(O)C(O)COP(=O)([O-])OP(=O)([O-])OP(=O)([O-])O)CN2
cpd26451,CCCCCCC=CCCCCCCCC(=O)OCC(COP(=O)([O-])OCC(O)COP(=O)([O-])[O-])OC(=O)CCCCCCCC=CCCCCCC
cpd00283,CC(C)=CCCC(C)=CCOP(=O)([O-])OP(=O)([O-])O
cpd00219,O=C([O-])C(=O)CC1(C(=O)[O-])C=CC(O)C=C1
cpd00346,[NH3+]C(CC=O)C(=O)[O-]
cpd01155,[NH3+]CCCCC[NH3+]
cpd15582,CC(=O)NC1C(C)OC(OC2C(C(=O)[O-])OC(OC3C(CO)OC(OP(=O)([O-])OP(=O)([O-])OCC=C(C)CCC=C(C)CCC=C(C)CCC=C(C)CCC=C(C)CCC=C(C)CCC=C(C)CCC=C(C)CCC=C(C)CCC=C(C)CCC=C(C)C)C(NC(C)=O)C3O)C(NC(C)=O)C2O)C(O)C1O
cpd04461,CN(C)c1ccc(O)c2c1CC1CC3C([NH+](C)C)C([O-])=C(C(N)=O)C(=O)C3(O)C(=O)C1C2=O
cpd25523,O=C([O-])Nc1cncn1C1OC(COP(=O)([O-])[O-])C(O)C1O
cpd15410,CC(=O)NC1C(OP(=O)([O-])OP(=O)([O-])OCC=C(C)CCC=C(C)CCC=C(C)CCC=C(C)CCC=C(C)CCC=C(C)CCC=C(C)CCC=C(C)CCC=C(C)CCC=C(C)CCC=C(C)C)OC(CO)C(O)C1OC1OC(C)C(O)C(O)C1OC(C)=O
cpd01693,O=P([O-])([O-])OCC1OC(CO)(OC2OC(CO)C(O)C(O)C2O)C(O)C1O
cpd00111,[NH3+]C(CCC(=O)NC(CSSCC(NC(=O)CCC([NH3+])C(=O)[O-])C(=O)NCC(=O)[O-])C(=O)NCC(=O)[O-])C(=O)[O-]
cpd26436,CCCCCCCCCCCC(O)CC(=O)SCCNC(=O)CCNC(=O)C(O)C(C)(C)COP(=O)([O-])OP(=O)([O-])OCC1OC(n2cnc3c(N)ncnc32)C(O)C1OP(=O)([O-])[O-]
cpd03032,COC1C(OC(N)=O)C(O)C(Oc2ccc3c([O-])c(NC(=O)c4ccc(O)c(CC=C(C)C)c4)c(=O)oc3c2C)OC1(C)C
cpd00745,O=C([O-])CCO
cpd00450,CSC
cpd00038,Nc1nc2c(ncn2C2OC(COP(=O)([O-])OP(=O)([O-])OP(=O)([O-])O)C(O)C2O)c(=O)[nH]1
cpd27103,[NH3+]C1C(O)OC(CO)C(O)C1O
cpd00082,OCC1OC(O)(CO)C(O)C1O
cpd02698,[NH3+]C(CCCC(NC(=O)CCC(=O)[O-])C(=O)[O-])C(=O)[O-]
cpd00642,CC(O)C(O)C(O)C(=O)CO
cpd00023,[NH3+]C(CCC(=O)[O-])C(=O)[O-]
cpd00169,O=C([O-])C(O)COP(=O)([O-])[O-]
cpd00387,Nc1ncnc2c1ncn2C1OC(COP(=O)([O-])OP(=O)([O-])OC2OC(CO)C(O)C(O)C2O)C(O)C1O
cpd26427,CCCCCCCCCCCCCCCCCC(=O)OC(CO)COP(=O)([O-])OCC(O)CO
cpd03831,Nc1ncnc2c1ncn2C1OC(COP(=O)([O-])OP(=O)([O-])OC2OC(C(O)CO)C(O)C(O)C2O)C(O)C1O
cpd00918,CC(=O)NC(CCC=O)C(=O)[O-]
cpd19012,C#N
cpd26836,O=P([O-])([O-])OCC1OC(O)C(O)C(O)C1O
cpd00290,O=P([O-])([O-])OCC1OC(O)(COP(=O)([O-])[O-])C(O)C1O
cpd00693,CC(O)C=O
cpd15496,O=C([O-])C(CO)OC1OC(COP(=O)([O-])[O-])C(O)C(O)C1O
cpd03494,CC(=O)NC1C(OP(=O)([O-])OP(=O)([O-])OCC=C(C)CCC=C(C)CCC=C(C)CCC=C(C)CCC=C(C)CCC=C(C)CCC=C(C)CCC=C(C)CCC=C(C)CCC=C(C)CCC=C(C)C)OC(CO)C(O)C1OC(C)C(=O)NC(C)C(=O)NC(CCC(=O)NC(CCCC([NH3+])C(=O)[O-])C(=O)NC(C)C(=O)NC(C)C(=O)[O-])C(=O)[O-]
cpd02030,O=C([O-])C1=CC(OP(=O)([O-])[O-])C(O)C(O)C1
cpd03443,CC(C)=CCCC(C)=CCCC(C)=CCCC(C)=CCCC(C)=CCCC(C)=CCCC(C)=CCCC(C)=CCc1cc(C(=O)[O-])ccc1O
cpd00010,CC(C)(COP(=O)([O-])OP(=O)([O-])OCC1OC(n2cnc3c(N)ncnc32)C(O)C1OP(=O)([O-])[O-])C(O)C(=O)NCCC(=O)NCCS
cpd00263,Cc1ncc(CO)c(CO)c1O
cpd26447,CCCCCCC1CC1CCCCCCCC(=O)OCC(COP(=O)([O-])OCC[NH3+])OC(=O)CCCCCCCC1CC1CCCCCC
cpd00931,Nc1c(NC2OC(COP(=O)([O-])[O-])C(O)C2O)[nH]c(=O)[nH]c1=O
cpd19046,CCC(C)(O)C(O)C(=O)[O-]
cpd00247,O=C([O-])c1cc(=O)[nH]c(=O)[nH]1
cpd02201,CC(C)(COP(=O)([O-])[O-])C(O)C(=O)NCCC(=O)[O-]
cpd00794,OCC1OC(OC2OC(CO)C(O)C(O)C2O)C(O)C(O)C1O
cpd27040,O=C(CO)C(O)C(O)C(O)CO
cpd00052,Nc1ccn(C2OC(COP(=O)([O-])OP(=O)([O-])OP(=O)([O-])O)C(O)C2O)c(=O)n1
cpd02500,O=CCc1ccc(O)c(O)c1
cpd00128,Nc1ncnc2nc[nH]c12
cpd03846,CCCCCCCC(=O)[O-]
cpd15401,CC(=O)NC1COC(CO)C(O)C1OC(C)C(=O)NC(C)C(=O)NC(CCC(=O)[O-])C(=O)NC(CCCC([NH3+])C(=O)[O-])C(=O)NC(C)C(=O)[O-]
cpd03697,O=P([O-])([O-])OCC1OC(Oc2ccc(O)cc2)C(O)C(O)C1O
cpd26846,O=P([O-])([O-])OCC1OC(O)CC1O
cpd00053,NC(=O)CCC([NH3+])C(=O)[O-]
cpd01861,CC(O)CO
cpd08301,CC1(CO)OP(=O)([O-])OP(=O)([O-])OCC1O
cpd02666,CC(C)(COP(=O)([O-])[O-])C(O)C(=O)NCCC(=O)NC(CS)C(=O)[O-]
cpd00954,Nc1nc2c(c(=O)[nH]1)N=C(CO)CN2
cpd00925,Nc1nc2c(ncn2C2OC(COP(=O)([O-])OP(=O)([O-])OP(=O)([O-])OP(=O)([O-])OCC3OC(n4cnc5c(=O)[nH]c(N)nc54)C(O)C3O)C(O)C2O)c(=O)[nH]1
cpd00122,CC(=O)NC1C(O)OC(CO)C(O)C1O
cpd00978,O=c1ccn(C2CC(O)C(COP(=O)([O-])OP(=O)([O-])O)O2)c(=O)[nH]1
cpd15392,CCCCCCCCCCCCCC(=O)OC(CCCCCCCCCCC)CC(=O)OC1C(NC(=O)CC(CCCCCCCCCCC)OC(=O)CCCCCCCCCCC)C(OCC2OC(OP(=O)([O-])[O-])C(NC(=O)CC(O)CCCCCCCCCCC)C(OC(=O)CC(O)CCCCCCCCCCC)C2O)OC(COC2(C(=O)[O-])CC(OC3(C(=O)O)CC(OC4(C(=O)O)CC(O)C(O)C(C(O)CO)O4)C(OC4OC(C)C(O)C(O)C4O)C(C(O)CO)O3)C(OC3OC(C(O)CO)C(OP(=O)([O-])[O-])C(OC4OC(C(O)COC5OC(C(O)CO)C(O)C(O)C5O)C(OP(=O)([O-])[O-])C(OC5OC(COC6OC(CO)C(O)C(O)C6O)C(O)C(OC6OC(CO)C(O)C(O)C6OC6OC(COC7OC(C(O)CO)C(O)C(O)C7O)C(O)C(O)C6O)C5O)C4O)C3O)C(C(O)CO)O2)C1OP(=O)([O-])OC1OCC(N)C(O)C1O
cpd00090,O=c1[nH]cnc2c1ncn2C1OC(COP(=O)([O-])OP(=O)([O-])O)C(O)C1O
cpd00699,O=C1CC(O)(C(=O)[O-])CC(O)C1O
cpd00056,Cc1ncc(C[n+]2csc(CCOP(=O)([O-])OP(=O)([O-])O)c2C)c(N)n1
cpd15398,CC(=O)NC1C(OC2C3COC(O3)C(NC(C)=O)C2OC(C)C(=O)NC(C)C(=O)NC(CCC(=O)[O-])C(=O)NC(CCCC([NH3+])C(=O)[O-])C(=O)NC(C)C(=O)[O-])OC(CO)C(O)C1O
cpd08638,CC(=O)C(=O)C(O)CO
cpd03343,O=C([O-])CCc1ccccc1
cpd02182,CC(O)C(=O)SCC(NC(=O)CCC([NH3+])C(=O)[O-])C(=O)NCC(=O)[O-]
cpd14935,CCCCCCCCCCCCCCCC(=O)CC(=O)SCCNC(=O)CCNC(=O)C(O)C(C)(C)COP(=O)([O-])OP(=O)([O-])OCC1OC(n2cnc3c(N)ncnc32)C(O)C1OP(=O)([O-])[O-]
cpd02147,O=C([O-])C(O)C(O)COP(=O)([O-])[O-]
cpd23744,CC1OC(OP(=O)([O-])OP(=O)([O-])OCC2OC(n3cnc4c(=O)[nH]c(N)nc43)C(O)C2O)C(O)C(O)C1O
cpd00164,O=C([O-])C1OC(O)C(O)C(O)C1O
cpd00638,Nc1ncnc2c1ncn2C1OC(COP(=O)([O-])OP(=O)([O-])OCC2OC([n+]3cccc(C(=O)[O-])c3)C(O)C2O)C(O)C1O
cpd03571,CC(O)C=O
cpd00868,O=C([O-])C(=O)Cc1ccc(O)cc1
cpd00764,CC([NH3+])C([NH3+])CCCCCC(=O)[O-]
cpd02543,C[N+](C)(C)CC=CC(=O)[O-]
cpd19182,[NH3+]CCCCC([NH3+])C(=O)[O-]
cpd00806,CC(O)C(O)C(O)C(=O)COP(=O)([O-])[O-]
cpd00447,C[N+](C)(C)CC=O
cpd27569,CC(=O)NC1C(O)CC(O)(C(=O)[O-])OC1C(O)C(O)CO
cpd00157,O=C(CO)CO
cpd00811,C[N+](C)(C)[O-]
cpd15495,OCC1OC(OC2C(CO)OC(OC3C(CO)OC(OC4C(CO)OC(OC5C(CO)OC(O)C(O)C5O)C(O)C4O)C(O)C3O)C(O)C2O)C(O)C(O)C1O
cpd00911,O=C1OC(COP(=O)([O-])[O-])C(O)C(O)C1O
cpd00307,Nc1cc[nH]c(=O)n1
cpd02357,[NH3+]CCc1ccc(O)c(O)c1
cpd00264,[NH3+]CCCC[NH2+]CCC[NH3+]
