id,SMILES
1,C=C(O)COCC(C)O
2,OCC1OCCCC1O
3,CC(O)C(C)OCCO
4,OCC1CCC(O)CO1
5,COCC(O)CCCO
6,C=CC(O)OC=CC
7,COC(=O)C(=O)C(C)C(=O)O
8,C=CCC(O)C(=O)OC
9,COCC(C)(O)C(C)=O
10,CCC(C)OC(O)C(=O)O
11,OCC1CCOCC1O
12,CCOC(=O)C1(C=O)CO1
13,C=CCC(=O)OCC=O
14,CCC(OC(=O)CO)C(=O)O
15,COC(C)C(O)CCO
16,CCC(O)(CC(=O)O)OC
17,O=C1C=COC(CO)C1
18,CC1OC1CC(O)CO
19,CCC1OC1C(O)CO
20,COCC1OC(O)CC1O
21,COC(CCO)C(C)O
22,CC1(O)CC(=O)C=CO1
23,CC(=O)OC(C)C(C)=O
24,CC(=O)CCC(=O)OC=O
25,OCC1C(O)CC2OC21
26,O=C(O)OC1=CC=CC1
27,CC(=O)C(C)=C(C)O
28,CC1C=CC(=O)C(O)O1
29,CC1C=C(CO)C(=O)O1
30,OCC1CC(O)C2OC12
31,C=C(C(=O)O)C(=O)CC
32,CCC(OCCO)C(=O)O
33,CCOC(=O)CC(C)=O
34,OCC1=CCOC=C1
35,CC(=O)C=C(C)CO
36,CCC1OC(=O)C(=O)C1O
37,CCC(O)C1OC1CO
38,CC(O)C1OC1CCO
39,CC1=CC(=O)C=C1
40,C=CCC1OCC(O)O1
41,O=CC1=COCCC1=O
42,CC1OC1C(O)CCO
43,CC1=C(C(=O)O)C(=O)CO1
44,CC1OC(=O)C(C)C1O
45,C=C(C)OC(=O)C(C)=O
46,CC1=C(O)C(=O)C(C)O1
47,COC(=O)C(C)=CC=O
48,CC1CC(=O)OCC1=O
49,CC1CC(O)CC(=O)O1
50,CC(C=CO)CCO
51,O=C(O)C1C2COC(O)C21
52,O=C1CCC(C(O)CO)O1
53,CCC1=CC(=O)OC1O
54,C=C=C(C)C(=O)OC
55,CC1CC(O)CC(O)O1
56,CC1OC(O)CCC1O
57,C=CC1=CC(=O)OC1
58,CCOC(=O)C1(C(=O)O)CO1
59,CC1=C(O)COCC1=O
60,CC=C1C=CC(=O)O1
61,C=C(O)C(O)CCC
62,CC1=CC=COC1O
63,CC(=O)OCC1OC1CO
64,CC(=O)CCOCC(=O)O
65,CC1=CC(O)OC=C1
66,CC(=O)C1CCOC1=O
67,C=C1CC(O)OC1CO
68,OC1COC2C(O)OCC12
69,CCC(=O)C(OC)C(=O)O
70,O=CCCC1=COCO1
71,O=C(O)CCC=CCO
72,C=CC1=CC(=O)CO1
73,C=C(C=O)C(O)CC
74,O=C(O)CC1CCOC(O)O1
75,O=c1oc(CO)ccc1O
76,O=C(O)CC(O)CC1CO1
77,O=C(O)C1OCCOOC1CO
78,OCCC1OC1C(O)CO
79,OCC(O)CC1OC1CO
80,C=CC(C(=O)O)C(C)O
81,CC(CO)(CCO)C(=O)O
82,OCCC(O)C1OC1CO
83,C=C(C)C(O)CC(=O)O
84,CC=CC(O)CC(=O)O
85,CC(C=CC=O)CO
86,CC(CO)C(O)CCO
87,CC(O)(CCCO)C(=O)O
88,COC(C)(C(=O)O)C(O)C(=O)O
89,CCC(C(=O)O)C(O)CO
90,CC(O)=CC(O)=CC(=O)O
91,C=C(C)C=CC=O
92,CC(CO)C(CO)C(=O)O
93,O=C(O)CCCC(O)CO
94,O=C(O)CCCC(O)CO
95,CC(C(=O)O)C(O)CCO
96,O=C(O)CC(O)(C(=O)O)C1OC1=O
97,CC=CCOC(C)O
98,CC(O)C1CCOC1=O
99,C=CC(C)OCCO
100,CCC(=O)OCC(=O)CO
101,COC(=O)C=CCCO
102,O=CC1CCCOC1=O
103,CC=CCOCC(=O)O
104,CC(=O)C1C(=O)OC1C
105,CC=C(C)C(=O)C(=O)O
106,C=CCCOC(=O)C=O
107,COCCCC(=O)C(=O)O
108,COC(=O)CC(O)CCO
109,CCOC(O)CC(C)=O
110,CC(=O)C1(O)CCOC1
111,CC=CC(=O)C(C)O
112,O=C1CCC(O)CCO1
113,COC(=O)C1CCC(O)O1
114,COC1C=C(C)C(=O)O1
115,OCC1=CC=CCO1
116,COC1CC(O)C(O)CO1
117,COCC1C=CC(=O)O1
118,O=COc1cc(=O)cco1
119,COc1ccc(CO)o1
120,CC(O)CC1OC1CO
121,CC(=O)OC=CCC=O
122,CC(=O)C=CC(C)O
123,O=C(O)CCOCCCO
124,C=CCCCOCO
125,CC1=C(O)C=CC1=O
126,OCC12COC(CO1)C2O
127,CC1=C(O)C(=O)C(C)O1
128,COCCC(C)(O)C(=O)O
129,C=C(C)OC(=O)CC(=O)O
130,C=C(O)C(CC)C(=O)O
131,CC1C(=O)OC(CO)C1O
132,CCC(C=CO)C(=O)O
133,O=C1C=CC=COC1
134,O=COc1cc(=O)c(O)co1
135,C=CCC1(O)CC1O
136,O=C(O)C1CC(O)CCO1
137,O=C(O)C1CCC(O)CO1
138,C=CC(C=O)OCC
139,Cc1occc1OC(=O)O
140,O=C1CCC(C(=O)CO)O1
141,O=C1OC2C(O)COC1C2O
142,CCOC(=O)C1OC1C(=O)O
143,CC(=O)C1COC(=O)C1
144,CCC(C)(O)C(=O)C(=O)O
145,O=C1CCC2=C(O2)C1=O
146,C=CC(CO)C(C)O
147,C=CCC(O)C=CO
148,C=CC(O)C1COCO1
149,O=c1cc(CO)cco1
150,O=C(O)c1ccoc(=O)c1
151,CC=CCC(O)C(=O)O
152,C=CC(C)(CO)C(=O)O
153,CCC(O)COCC(=O)O
154,C=C(CC=C=O)C(=O)O
155,OCC(O)c1ccoc1
156,O=C(O)C1(CO)CC1CO
157,COCCCC(=O)C=O
158,O=CCCCOCCO
159,C=C(C)C=CC=O
160,CC(=O)OC(C)C(=O)C(=O)O
161,CCCCOC(O)C(=O)O
162,C=CC1C=CC(=O)O1
163,OCCC1OCCC1O
164,C=C1CC(O)CC(=O)O1
165,CCOCCC(=O)CO
166,OCC(O)CCC1CO1
167,C=C(C=O)CCOC
168,C=CC(=O)C(C)CO
169,CCOC1OCC(CO)O1
170,C=CCC(=C)C=O
171,CCOC(C)C(=O)C(=O)O
172,CC=CC(OC=O)C(=O)O
173,C=CC(=O)C(=O)CC
174,CC=CC(O)CCO
175,C=C1OC(C)=C(O)C1=O
176,C=CC(C=O)OC(C)=O
177,OCCC(O)CC1CO1
178,CC1CC(O)CC(O)O1
179,CC(O)=C1C=COC1=O
180,CC1=CC(O)C(O)OC1
181,CC1C(=O)CCOC1=O
182,CC=C(C(=O)O)C(=O)OC
183,COC(=O)C(O)CCC(=O)O
184,CC(=O)OC(CCO)C(=O)O
185,CC1(C=O)CCOC1=O
186,C=CC(CC)OC(=O)O
187,C=COC(=O)C(=C)C(=O)O
188,Cc1oc(=O)oc1COC(=O)O
189,COC1CC(O)C(CO)O1
190,CC1OC(=O)CCC1=O
191,CC1OC(=O)C(CC(=O)O)O1
192,O=C1C=CC2COC1O2
193,CC(O)C1CCC(=O)O1
194,COC(C(=O)O)=C(C)C(=O)O
195,CC(CCO)C(O)CO
196,CC1OCC(O)(CO)C1O
197,C=C(O)C=C(O)OCC
198,CC=CC(C)(O)C(=O)O
199,OC1C=CC2OCC1O2
200,C=C(C)C(O)CCO
201,O=C1C=CC2OCC1O2
202,O=C(O)C1=CCOCC1O
203,O=CC=CCCC(=O)O
204,O=C(O)c1ccoc1CO
205,CC(O)COCCC(=O)O
206,COC=CCC(O)C(=O)O
207,C=C(C(=O)O)C1CC1O
208,C=CC(=C)CCO
209,CC(O)C=CCC(=O)O
210,C=CC=CCCO
211,OC=CC=CCCO
212,Oc1coc2c1OCC2O
213,Oc1cc2occc2o1
214,C=CCCOC(=O)CO
215,CCOC(=O)C(C)(O)CO
216,C=C(C)COC(=O)CO
217,COC(=O)C(C)C(=O)C(=O)O
218,OCC(O)C1CCCO1
219,COCC=CCC(=O)O
220,CC1(O)COCCC1=O
221,C=C1CC(CO)OC1=O
222,COCC=CC(C)=O
223,CC=CC(=O)C(=O)OC
224,COC(=O)C1CCC(O)O1
225,OCCCC(O)C1CO1
226,COCC=C(C)C=O
227,CCC(O)(COC=O)C(=O)O
228,C=CCCC(=O)CO
229,COCC1CC(O)C(O)O1
230,CC(O)=C1C=COC1=O
231,O=C1CCC(O)COC1
232,C=C1OC(=O)C=C1C
233,CCOC(=O)CC(C)=O
234,CC1=C(O)OC(=O)C1(C)O
235,OCC(O)C1=COCC1
236,O=C(O)COCCCCO
237,O=CC1(C(=O)O)CCCO1
238,CC1=CCC(=O)OC1=O
239,CC=C1OC(=O)CC1=O
240,CC1CC(O)CC(O)O1
241,CC1OC(O)CCC1O
242,OCCCCCOCO
243,C=C(C)C(=O)OC=CO
244,CC=COC(=O)C(C)O
245,C=C(O)CCC(C)O
246,O=C(O)C1COCCC1=O
247,CCC=CC(O)CO
248,C=C(C)CC(O)CO
249,C=C(C)CC(O)CO
250,CC=CCC(O)CO
251,COCC(O)CC(C)O
252,CC(O)CC(=O)OCC(=O)O
253,CC=CCC(O)C(=O)O
254,C=CC=CC(C)=O
255,O=C(O)C=CCCCO
256,CC(O)C1OC1CC=O
257,CC(CCO)C(O)C(=O)O
258,COC(=O)CC=CCO
259,CCOC(=O)C(O)C(C)O
260,CC(CO)OC(=O)C(C)O
261,CCCOC(=O)C(O)C(=O)O
262,COCC(C)=CC(=O)O
263,C=CCC(O)COC
264,C=C(C=O)COC(C)=O
265,C=C(O)CC(C)C=O
266,COC(=O)CC(O)C(C)O
267,CCC(O)C(CO)OC
268,CC1COC(CO)C1O
269,COC(=O)C1CC(O)CO1
270,CCc1occ(O)c1O
271,C=C(C(=O)OC)C(C)O
272,O=CC1C=CCCO1
273,O=C(O)CC(=O)OCCCO
274,CCC1OC(=O)C(O)=C1O
275,CC1(O)CC(=O)OC(O)C1
276,OCC1CCCC(O)O1
277,CCOC(=O)CC(C)=O
278,CCOC(=O)CC(C)=O
279,CC1=C(O)C(=O)CCO1
280,O=C1OCC=C1CCO
281,CC(CC(=O)O)OCCO
282,CCC(=O)C=CCO
283,CC(O)C(=O)OCCC(=O)O
284,CC1=C(C(=O)O)COC1=O
285,CC(=O)OC1CC1C=O
286,COc1cc(C(=O)O)co1
287,O=C1CCC(C(O)CO)O1
288,O=CCCOCCCO
289,CC(=O)OC(=O)CCC=O
290,CCC(CO)(OC)C(=O)O
291,CC(CO)CC(O)CO
292,CC1=CC(O)CC(=O)O1
293,O=C(O)CCCC=CO
294,COC(=O)C1CC(=O)CO1
295,C=C(C=CC)CO
296,O=C1OCCC1C(O)CO
297,CC(O)C(C)C(O)CO
298,COC1(C)OCC(C=O)O1
299,CC(CC=O)OC(=O)CO
300,CC1(O)C(O)COC1CO
301,O=C1OC2C=CC=C1O2
302,O=C1OC2=CC=CC1O2
303,C=CC(O)C1COC(=O)O1
304,O=C(O)CC(O)CC1CO1
305,CC(=O)OOC(C(=O)O)C(O)C(=O)O
306,O=CCC=CCC=O
307,CC(CC(O)CO)C(=O)O
308,CC(O)OCCCCO
309,C=C(C)OC(=O)CCO
310,CCOC(C)(O)C(C)=O
311,C=CCC(O)C(=O)OC
312,C=CCC(O)COC
313,C=CC(=O)CCOC=O
314,CC1OC(CO)COC1=O
315,COc1occc1C(=O)O
316,C=C(C)C(=O)C(=O)OC
317,CCOC(=O)CC(C)=O
318,OCC1OCC=CC1O
319,OC1COC(C2CO2)C1O
320,CCC1(O)C=CC(=O)O1
321,C=CC=C(C)CO
322,CCOC1(C)OCC(O)O1
323,OC=CC(O)CCCO
324,CCOC(=CC(=O)O)C(=O)O
325,O=C1COCC(C(=O)O)C1
326,O=CC1=COCC=C1
327,CCC=C(O)C(O)CO
328,CCC=C(CO)C(=O)O
329,C=CCC(CO)C(=O)O
330,O=C(O)C1(O)CC(O)CCO1
331,CC(O)CC=CC(=O)O
332,CCC(O)C(O)CC(=O)O
333,C=C(C=O)C(=O)OCC
334,CC(O)CCOCCO
335,C=C1OC(C)C(O)C1O
336,CCC(O)C(C)(O)CO
337,COC(=O)CC(C)(O)C(=O)O
338,CCOC(C)(O)CC(=O)O
339,O=C(O)CCC1CC1=O
340,CC=C(COC=O)C(=O)O
341,O=CC1CCCOC1O
342,CC(O)C=CCCO
343,CC(=O)OC(=O)CCCO
344,Cc1cc(O)oc(=O)c1
345,CCC(C)(C=O)C(=O)O
346,C=CCC(C=O)C=O
347,CC(=O)OC1C=CC(=O)O1
348,CCC1=C(O)C(=O)CO1
349,C=C(OC(C)=O)C(C)=O
350,O=C(O)C1COCC(O)C1
351,CC(=O)C1COC(=O)C1
352,C=CC(C)=CC(=O)O
353,C=CC(O)(CC)C(=O)O
354,C=CCOC(O)(CO)C(=O)OO
355,C=C(CO)C(=C)OC
356,O=C(O)c1cocc1CO
357,O=C(O)c1coc(CO)c1
358,CCC(=CC=O)C(=O)O
359,C=CC(=C)OCC(=O)O
360,C=CCC(O)CC(=O)O
361,CCC(O)CC(O)C(=O)O
362,O=C(O)CCC(O)CCO
363,C=CCC(=O)OCCO
364,C=CC(C)OC(=O)CO
365,CC=CCOC(=O)CO
366,C=CC(OC(C)=O)C(=O)O
367,CC(=O)C=COC(C)=O
368,COC(=O)C=CC(C)O
369,C=C(C=O)COCC
370,C=C(C)C(=O)OC(=O)CO
371,C=CC(OCC)C(=O)O
372,CCOC(=O)CC(C)=O
373,O=C(O)OCc1ccco1
374,OC=C(O)CCCCO
375,C=C(C=O)C(C)OC
376,C=C(C)C(O)OCCO
377,OCC1=CC=CC1
378,CC1OC=CC(=O)C1=O
379,CC(CC(=O)O)C(=O)C(=O)O
380,COC(=O)C(CC(=O)O)C(=O)O
381,C=C(C)COC(C)O
382,O=C1CC(O)CC(CO)O1
383,CC1=COC(O)C(=O)C1
384,COC(=O)C1CC(O)CO1
385,COC(=O)CC(O)CC(=O)O
386,O=C1CC=CC=CO1
387,O=COC=C(CC(=O)O)C(=O)O
388,OC1C=CC2OCC1O2
389,CC(CC(=O)O)C(O)C(=O)O
390,CC(=CC(=O)O)CCO
391,CC(O)CC=CC(=O)O
392,CCC(O)OCC(C)O
393,CCCC(O)OCCO
394,CCOC(=O)C(C)(O)CO
395,CC(=O)OCC=CC(=O)O
396,CC(=O)OCC(O)C(C)O
397,COCC(C)(C=O)CO
398,CC=C(C(C)=O)C(=O)O
399,COC(=O)CCC(O)CO
400,C=C(CC(C)=O)OC
401,CC(=O)C(C)=C(C)O
402,CCOC(=O)C1OC1C=O
403,CCOCC=CC(=O)O
404,O=C1C=CC(CCO)O1
405,COC(=O)C1COCC1O
406,C=C1CC(OC)OC1=O
407,CC(O)(CO)CCCO
408,CC(O)C(O)C(C)CO
409,CC1=C(O)CC(O)C(=O)O1
410,C=CC(C)C(=O)C(=O)O
411,CC(=O)OC(=O)C(O)CC(=O)O
412,O=C(O)CC(CO)CCO
413,CC(O)C(C)C(O)C(=O)O
414,CC=CCOCCO
415,C=CC(C)(O)C(=O)OC
416,CCC(=O)C(C)=CO
417,C=CCC(=O)C(=O)OC
418,O=CC1=CCC=C1
419,C=C(C)C(=O)COC
420,C=CC(C)(CO)OC
421,COCC1OCC(O)C1O
422,CCOC=CC(=O)C(=O)O
423,COC(C)(C(C)=O)C(=O)O
424,CC(=O)C1CCC(=O)O1
425,O=C(O)CC1=CCC(=O)O1
426,COC(=O)C(C)CC=O
427,CC(CO)=C(C)C(=O)O
428,CCC(C)(O)C(O)C(=O)O
429,C=CC(=C)C(C)O
430,O=CC=CCCC(=O)O
431,O=C(O)CC=CCCO
432,C=CC(O)COCC
433,C=CC(=O)OC(=O)CCO
434,O=CC1=CCOCC1
435,O=C1C=CCC(CO)O1
436,CC1CC(O)CC(=O)O1
437,C=C(C)C(O)OC(C)=O
438,C=C(CO)COC(C)=O
439,CC(C=CC(=O)O)C(=O)O
440,OC1CC2C=CC1O2
441,CC(=O)C(C)OCC(=O)O
442,CC(=O)C1=CCOC1=O
443,CC1(O)C(=O)CCOC1=O
444,CC=CCC(=O)C(=O)O
445,CCC(=CCO)C(=O)O
446,CC(O)(CCC(=O)O)C(=O)O
447,CC=CCC(O)CO
448,C=C(C)C(O)CC(=O)O
449,CCC(O)OCCCO
450,CCOCC(O)CCO
451,COC(=O)C=C(C)CO
452,CC(=O)OC(C)C(=O)CO
453,OCC1CC(O)CCO1
454,C=CCC(C)(O)CO
455,O=C1C=CC=CCO1
456,CC1=CC=CC1O
457,COC1CC(O)C(CO)O1
458,C=COCC=CC(=O)O
459,C=C(C=CC)C(=O)O
460,O=Cc1cocc1CO
461,CC=C(C(=O)O)C(C)O
462,OCC(O)c1ccco1
463,O=CCC=CCC=O
464,CC(O)CCC(O)C(=O)O
465,CC(O)(CCO)CC(=O)O
466,CCOC(=O)C(C)(O)C(=O)O
467,CC1=CC=CC1=O
468,O=C(O)c1coccc1=O
469,CCC1C(=O)COC1=O
470,C=CC(O)OCCCO
471,COC1OC(CO)C2OC12
472,CC(COCCO)C(=O)O
473,CC=C(CO)C(=O)OC
474,CC(=O)C1(O)CCOC1=O
475,CC(=CC(=O)O)CCO
476,CC(O)CC(O)CC(=O)O
477,CC1C=CC(=O)OC1=O
478,C=CC(=O)CC=C=O
479,COC(=O)C(=O)CCC(=O)O
480,CCC(O)CC(O)OC
481,C=C(C)C(=O)C(C)=O
482,O=CCC1CCOC1=O
483,OCC1COCC(O)CO1
484,OCC1COCC(O)CO1
485,OC1COC2COC1C2O
486,CC(O)OC(=O)CCC(=O)O
487,C=C(C)C(=C)C(=O)O
488,O=C(O)CC1OC(=O)CC1O
489,C=C1C=COC=C1O
490,C=C(C(=C)C(=O)O)C(=O)O
491,O=C(O)CC=CCCO
492,O=CC=CCCCO
493,C=CC(C)(O)CC(=O)O
494,O=C(O)CC(OCCO)C(=O)O
495,CC(O)CC(O)CC(=O)O
496,OCC1OCCCC1O
497,CCOC(=O)CC(O)CO
498,CCC(O)OCC(C)=O
499,CC(C=O)C(C)C(=O)O
500,CC1CC(O)C(CO)O1
501,C=CCOC(C)C=O
502,O=C(CCO)OCCCO
503,O=C(OCO)c1ccco1
504,CC1=CC(C)(O)OC1=O
505,CC1CC(O)CC(O)O1
506,CCCC(O)=C(O)C(=O)O
507,O=C1CCOC(C(=O)O)C1
508,CCOC(C)C(=O)C=O
509,CC1=CC(=O)OC(=O)C1
510,CCOC(=O)C(=O)C(C)O
511,OCC1COCCC1O
512,CC(=O)CC(C)C(=O)O
513,C=CC(=O)COCC
514,CCC(OC(=O)O)C(C)O
515,CC1=CC(=O)C(C)(O)O1
516,CCC(O)C=CCO
517,CCCC(O)=CC(=O)O
518,CC(=O)CCOCCO
519,OCC1OCC=CC1O
520,CC(=O)C(C)=CC(=O)O
521,CC(O)C(C)(O)CCO
522,C=C1C(=O)OCC1C(=O)O
523,O=CC(=O)C1COCCO1
524,OCC(O)c1ccco1
525,CC(O)C(O)CCC(=O)O
526,O=C=CCC=CC=O
527,CCCOC(O)CCO
528,CC1OC(CO)CC1O
529,COCCC=CC(=O)O
530,CCC(O)CC=CO
531,C=C(O)CCCC=O
532,C=C(O)OC(=O)C(=C)C
533,C=COCC(=C)C(=O)O
534,O=C(O)CCCC(O)C(=O)O
535,O=CC1OCCC1C(=O)O
536,CCC(C)(O)C(O)C(=O)O
537,CC(C(=O)O)C(O)CC(=O)O
538,C=C(OO)C(O)(CC(=O)O)C(=O)O
539,CCOC(=O)C1OC1CO
540,COC1C=CC(=O)CO1
541,C=CCCC(=O)C(=O)O
542,C=C1C=C(C)C(=O)O1
543,Cc1ccc(=O)oc1O
544,CCOCC(=O)CC(=O)O
545,COCCC(=O)CC(=O)O
546,O=CC1=CC=COC1
547,C=CCOOCC(O)CO
548,O=c1cc(O)cc(CO)o1
549,CC(O)(CCCO)C(=O)O
550,CC(O)CC(C)(O)C(=O)O
551,C=CC(OC)C(C)O
552,COC(=O)C(CO)CCO
553,CCC1OC(=O)CC1=O
554,OCC1COCC(O)CO1
555,O=c1ccoc(CO)c1
556,O=CC1CCC(CO)O1
557,C=COC(C=C)C(=O)O
558,C=CC(=CC)CO
559,C=CC(=C)C(C)=O
560,CCOCC(O)CC(=O)O
561,O=C(O)CC(O)CCCO
562,C=C(C)OCC(C)=O
563,O=C1CC2C=CC1O2
564,CC(=O)OC(C)C(C)=O
565,COC(=O)CCC(=O)CO
566,COC(=O)C1CC1C=O
567,C=C(O)CCCCO
568,CC1OC(O)CCC1O
569,OC1C=CC2COC1O2
570,CC(O)CC(C)(O)CO
571,O=C(O)C=CCCCO
572,C=CC=C(C)C=O
573,COCC(O)CCCO
574,CCC(O)C=CCO
575,CC1(O)COC(CO)C1O
576,O=C(O)CCC(OCO)C(=O)O
577,CC(=O)OCC=CCO
578,CC(=O)OCCC(O)CO
579,CC(O)CC(=O)OCCO
580,O=C(CCCO)OCCO
581,CC(=O)C1CCC(=O)O1
582,COC(=O)C1OCCC1=O
583,O=C1CCOC(CO)C1
584,O=CC1(CO)CC=CO1
585,C=CC1=CCOC1=O
586,OC1C=CC2COC1O2
587,O=Cc1cc(O)cc(=O)o1
588,CCCOC(=O)C(=O)CO
589,C=CC(C)OCC(=O)O
590,C=CCCOCC=O
591,CC(=CCO)CCO
592,CCC(C)(O)OCCO
593,CC1OC(O)C=CC1=O
594,OCc1coc(CO)c1
595,COC(CC(=O)O)C(C)O
596,C=CC(=O)OC(=O)C(C)O
597,CC(=O)C1CC1C(=O)O
598,COC(=O)CC(C)C=O
599,O=C(O)CC1C=CC(=O)O1
600,C=C(CC(=O)O)C(C)=O
601,O=C(O)C(O)C1CCCO1
602,CCC(O)C(OC)C(=O)O
603,CCOC(=O)C(O)C(C)O
604,CCOC(=O)CC(O)CO
605,COC(=O)C=CCC(=O)O
606,CC(=O)OC(=O)C=CC(=O)O
607,O=C(O)CCCC(=O)OCO
608,CCOC(=O)C(CO)C(=O)O
609,CC1CC(O)CC(=O)O1
610,C=CC=CC(C)=O
611,CCCC(O)C(=O)C(=O)O
612,CCCCC(O)OC(=O)O
613,C=CC(=O)C(O)CC
614,COC(=O)C(C)(O)CC(=O)O
615,COC1CC(O)C(CO)O1
616,C=CC(=O)OCCC=O
617,CCOC(=O)C1OC1C(=O)O
618,CC(=O)C=C(C)C(=O)O
619,C=CC(O)C(=O)OCC
620,C=CCOCC(C)=O
621,CC(=O)C=CCCO
622,CCC(O)C(=O)OCC(=O)O
623,CCC(=O)C=CC(=O)O
624,OCC1CC(O)C(O)CO1
625,C=CC(CO)OCC
626,C=CC(=O)OC(C)C=O
627,O=COc1ccc(C(=O)O)o1
628,CC(O)=COC(C)=CO
629,CCCOC(=O)C(O)CO
630,COC(=O)C(C)=CCO
631,COCCC=CC(=O)O
632,CCOC(=O)C(O)C(C)=O
633,CCC(O)=CC(C)=O
634,CCCOC(=O)C(O)=CO
635,C=C1CCC(=O)OC1=O
636,CC(C=O)=C(C)C(=O)O
637,OC12C=CC=CC1O2
638,C=CCOC(=C)C(=O)O
639,CC1CC(O)CC(=O)O1
640,CC1OC(=O)C(C)C1=O
641,Cc1oc(=O)cc(O)c1O
642,O=C(O)OCCCCCO
643,CC(O)C(=O)OCCCO
644,CC(=O)OCC=CC=O
645,CC(=O)C=C(C)C(=O)O
646,CCC(=O)C(=O)OC(C)=O
647,O=C1CCCC(=O)OC1
648,COC(CC(C)=O)C(=O)O
649,COC(CC(=O)O)C(C)=O
650,C=CC(=O)OC1CC1O
651,CC1OC(CO)CC1O
652,O=CC1=CC=CC1
653,COC(=O)C=C(C)C=O
654,C=CC(=O)C(=O)OCC
655,O=C(O)C1=CC=COC1
656,O=C(O)c1cc(CO)co1
657,CCC(O)(C(=O)O)C(C)O
658,CCOC(C(=O)O)C(O)C(=O)O
659,O=C1CCOC(=O)CC1
660,CCC(O)C(C)OC(=O)O
661,CC=COCC(O)CO
662,CC1(CO)C=CC(=O)O1
663,C=C(O)CC(=C)C(=O)O
664,CC(=O)OCC=CCO
665,COC(=O)C=C(C)C(=O)O
666,C=CC(=O)CC(=O)OC
667,C=COC(=O)C(O)C=C
668,CCOC(=O)CC(O)CO
669,C=CCC=CC(=O)O
670,O=C1CC=C(CCO)O1
671,CCC=CC(=O)C(=O)O
672,C=C(C)OC(=O)C(C)O
673,C=CC(O)C(C)C(=O)O
674,C=CC(C=O)=CC
675,C=CCOCCC=O
676,CCC(CO)C(O)CO
677,CCC(=O)OCCC=O
678,CCOC(=O)C1OC1C(=O)O
679,O=C(O)C(O)c1ccoc1
680,O=Cc1cc(CO)co1
681,CC(=O)OC=C(C)C(=O)O
682,COC(=O)C(C)(O)C(C)=O
683,C=CCCOCC(=O)O
684,C=C(C)OCC(O)CO
685,C=CC(=O)CCCO
686,CC(=O)C=CCC(=O)O
687,CCC(CC=O)C(=O)O
688,O=C(O)CCCOCCO
689,CC=CC(O)C(C)O
690,C=CCCC(O)C(=O)O
691,CC1CC(O)(C(O)CO)O1
692,CCC(O)C(C)(O)C(=O)O
693,C=C(C)C(O)C(=O)OC
694,CCC(O)C=CC=O
695,C=CCC1(C=O)CO1
696,OC1C=CC2COC1O2
697,C=CCOC(C)C(=O)O
698,CC(C=CC(=O)O)CO
699,CCOC(=O)CC(O)C(=O)O
700,CCC(=O)OC(C)C=O
701,CC(=O)C1COC(=O)C1
702,O=CC1=CCOC=C1
703,OCC12COC(CO1)C2O
704,COCC(=O)C(C)C(=O)O
705,C=CCOC=CC(=O)O
706,OCCC1OCCC(O)O1
707,O=COCC(O)(CC(=O)O)C(=O)O
708,Cc1c(O)ccoc1=O
709,CC(O)COCCCO
710,O=C1C=CCC=C1O
711,CC(O)C(CO)CCO
712,CC1CC(O)C(CO)O1
713,CCC(C=O)OC(C)=O
714,CC(=O)OC(C)CC=O
715,CCC(=O)OC(=O)C(C)O
716,C=C(CC)C(=O)OCO
717,CCC(C(=O)O)C(=O)C(=O)O
718,O=CC1C=CC=CO1
719,CC(O)C(CC(=O)O)C(=O)O
720,CC(=O)OC(CC(=O)O)C(=O)O
721,O=C(O)C1=CC=CCO1
722,O=C(O)C1=CCC=C1
723,CCC(O)=CC(C)=O
724,COC(C)C(=O)CC(=O)O
725,CC=CC(=O)OC(C)O
726,O=C(O)C(=O)c1ccoc1
727,CC1=CC(=O)CC(=O)O1
728,COC1CC(O)C(CO)O1
729,C=CC(C)=CCO
730,C=C(C(=O)O)C(C)CO
731,COC(=O)C=CC(C)=O
732,C=COC(=O)CCC=O
733,CC(O)CC=CCO
734,C=CCC(=O)C=C
735,C=CC=CCC(=O)O
736,OCC1CC2OC2C1O
737,C=CCCOCCO
738,COC(=O)C(C)=CC(=O)O
739,CCCC(O)COC(=O)O
740,C=C(C)C(=O)CCO
741,C=CC(=O)C(C)C(=O)O
742,O=C1C=CC2COC1O2
743,CC1=C(C)C(O)OC1=O
744,CC(CC(=O)C(=O)O)C(=O)O
745,O=c1occcc1CO
746,CC1OC=CC(O)C1O
747,CC(CC=O)CC(=O)O
748,CCC(C=O)C(=O)OC
749,CC(O)C(C)COC(=O)O
750,C=CCOCC(=C)O
751,OCC=CCCCO
752,CCC(O)CCOC(=O)O
753,C=CC(=C)OC(C)=O
754,CC=CCOCCO
755,C=CC(O)CC(C)O
756,C=CC(O)COC(C)=O
757,CCOC(=O)CC(=O)C(=O)O
758,CC(CO)C(O)CCO
759,CC(=CC(C)O)C(=O)O
760,CC1CC(O)C(CO)O1
761,CC(=O)OCC(C)C=O
762,C=CC(C)C(O)CO
763,C=CC(=O)OC=CC(=O)O
764,CCC(C(=O)O)C(O)C(=O)O
765,C=CCC=CC=O
766,C=C(C)C=CC(=O)O
767,CC(O)CC(C)OC(=O)O
768,C=CC(=O)COC(C)=O
769,C=CC=CCC=O
770,C=C(COC(C)=O)C(=O)O
771,O=C(O)CCOC(=O)CCO
772,C=CCOC(C)CO
773,CCCOC(O)C(C)O
774,C=CC(=C)C(=O)OC
775,CCOC(=O)CC(=O)CO
776,Cc1ccc(O)c(=O)o1
777,C=CC1OCC(CO)O1
778,COCC=C(C)C(=O)O
779,CCOC(=O)C=CCO
780,C=C(C)C(=O)C(C)O
781,CC=CC(O)CC(=O)O
782,CC=CC=CC=O
783,C=COC(O)CCCO
784,C=COC(=O)C(C)CO
785,CC(CCC=O)C(=O)O
786,C=CC(O)C(O)CC
787,COc1ccc(C(=O)O)o1
788,CCOC(=O)C(=O)CC(=O)O
789,C=CCC(C)(O)C(=O)O
790,CC(O)CC(O)CC(=O)O
791,C=CCOC(=O)C=CO
792,O=CC1CC=CCO1
793,CCOC(=O)C1OC1C(=O)O
794,CC(C(=O)O)C(C)(O)C(=O)O
795,C=C(C)COCC(=O)O
796,O=C(O)C1=COCC=C1
797,C=CCC(O)CC(=O)O
798,OCC(O)c1ccco1
799,C=CC(CO)OC(C)=O
800,O=C(O)c1occc1CO
801,C=CC=CCC(=O)O
802,C=C(O)CCCC(=O)O
803,C=C(C)CC(O)C(=O)O
804,O=C(O)CCCC(O)CO
805,CC1CC(O)C(CO)O1
806,C=COC(=O)C(O)CC
807,C=C=CC(=O)OCC
808,CC1CC(O)C(CO)O1
809,CCC(O)C=CC=O
810,C=CC=CC(=O)OC
811,CCOC(=O)C=CCO
812,OCC=CCCCO
813,C=C(C)COCCO
814,CCC=C(CO)C(=O)O
815,CC=CC(O)CC(=O)O
816,C=CC(O)CCCO
817,CC(=COCCO)C(=O)O
818,O=C(O)C1=CCOC=C1
819,C=C(C(C)=O)C(=O)OC
820,OCC1CCC(O)CO1
821,C=C(C)C(=O)OCC=O
822,CCC(C=O)CC(=O)O
823,CCCC(O)C(O)C(=O)O
824,C=CCC(C)OC(=O)O
825,CCCOC(=O)CC=O
826,CCCC(=O)OCC=O
827,CC(C=O)CCC(=O)O
828,O=C1C=CC2OCC1O2
829,COC(=O)C=CC(C)=O
830,O=CC1=CC=CCO1
831,CC(O)C(O)CCCO
832,C=CC=CC(=O)OC
833,CCOC(=O)C=CC=O
834,O=C(O)CC(CCO)C(=O)O
835,COC1CC(O)C(CO)O1
836,COC(C)(C(=O)O)C(O)C(=O)O
837,C=CC(CC(=O)O)C(=O)O
838,CCCC(=CO)C(=O)O
839,C=CCC(O)C(C)O
840,CC=C(CCO)C(=O)O
841,CCC(O)C(O)CCO
842,C=COC(=O)CCCO
843,C=CCOC=CCO
844,CCC(=O)OCC(C)=O
845,COCC=CC(C)=O
846,C=CC=C(C(=O)O)C(=O)O
847,C=C1C(=O)OC(=O)C1C
848,O=C(O)C(O)c1ccco1
849,C=CCC(O)CCO
850,COC1(C)OCC(CO)O1
851,C=CC(=C)CC(=O)O
852,C=C(C)C(=O)CC(=O)O
853,C=CC(O)C=CC(=O)O
854,CCC(O)(CC(=O)O)C(=O)O
855,CC=CC(O)=CCO
856,O=C(O)C(O)CCCCO
857,C=CC(=O)C(C)OC
858,O=C(O)C1=CC=CC1
859,OCC(O)C1COCCO1
860,CCC(O)C=CC(=O)O
861,C=CC=CC(C)O
862,COC(=O)C1COCC1=O
863,O=CCc1ccoc1
864,O=C1C=CC2COC1O2
865,CC(=O)CC(C)C(=O)O
866,O=CC1=CCCOC1
867,CC(=O)OCCCC=O
868,C=COC(=O)CC=CO
869,C=CCC(O)C=C
870,C=C(COCC)C(=O)O
871,C=CCC(O)C(=C)O
872,CC(=O)C1=COC=CO1
873,CC(C(=O)O)C(C)(O)C(=O)O
874,C=CC1CC(=O)OC1=O
875,O=C(CO)C1CCCO1
876,CC(=O)C(C)CC(=O)O
877,C=CCOC(O)CC
878,CCCCOC(O)CO
879,C=CC(=O)OCC(C)=O
880,C=CC(=O)CCC(=O)O
881,CCOC(=O)C(O)CC(=O)O
882,CC=CC(=O)OCCO
883,O=C(O)CCC(CO)C(=O)O
884,C=COC(=O)C=CC(=O)O
885,O=C(O)C1C=CC=CO1
886,CC=CC(=O)OCCO
887,OCC1OC1C(O)C1CO1
888,C=CCOC(=O)CC=O
889,C=C(CCO)C(=O)OC
890,C=CC(=O)OCC(=C)O
891,C=CCOCC=CO
892,O=C(O)c1cc(=O)cco1
893,CC(=CC(=O)O)CC(=O)O
894,CC(=O)CCOC(C)=O
895,C=CC=COC(C)=O
896,C=COC(=O)C=CC(=O)O
897,COC(=O)C(C)C(C)=O
898,CCC(=O)C(C)C(=O)O
899,C=COC(=O)CCC(=O)O
900,CC(=O)CC(=O)OC(C)=O
901,O=CC1(CO)CCCO1
902,CCCC(C=O)C(=O)O
903,CC(=O)OC(C)C(C)=O
904,CC(=CCC(=O)O)C(=O)O
905,CC1CC(=O)CC(=O)O1
906,CCC(O)(CO)C(C)O
907,CC(=O)C1CC(=O)OC1=O
908,C=CCC(O)C1CO1
909,O=C(O)CC(O)(CC(=O)OO)C(=O)O
910,C=CCOCCC(=O)O
911,C=CCOC(=O)CCO
912,O=C(O)CCC(O)CC(=O)O
913,Cc1c(O)coc1C=O
914,C=C(C(=O)OC)C(C)O
915,O=C(O)CCC(=O)OCCO
916,OCc1ccoc1CO
917,CCC(=O)CCC(=O)O
918,CCC(C)(O)C(O)C(=O)O
919,CC1CC1(O)C(O)CO
920,C=CC=C(C)C(=O)O
921,OC=CCCCCO
922,CC(O)COC(=O)C(C)O
923,C=C(C(=O)O)C(C)OC
924,CC(=O)OC(=O)CCC(=O)O
925,Cc1cc(=O)c(O)co1
926,CC(=O)C1CCC(=O)O1
927,Cc1cocc(O)c1=O
928,C=C(CC)C(=O)OC(=O)O
929,COC(=O)CCCC=O
930,CCC(O)COCCO
931,O=C(O)COC(=O)CCCO
932,O=C(O)CCCC(O)C(=O)O
933,CCOC(=O)C(C=O)C=O
934,CC1C=COC(O)C1=O
935,O=C(O)C=CCCC(=O)O
936,C=C(C(=O)O)C(C)C(=O)O
937,OCC1C=CC=CO1
938,CCOC(=O)CCC=O
939,C=CC(=O)CCOC
940,CCCC(O)OCC(=O)O
941,O=C(O)CCC(=O)OCC(=O)O
942,CCCOCC(O)CO
943,CC(=C=CCO)C(=O)O
944,COC(=O)C(C)=CC(=O)O
945,CC=C(CC(=O)O)C(=O)O
946,C=C(C(=O)O)C(=O)OCC
947,C=CCOC(=O)CC(=O)O
948,CCC(C(=O)O)=C(C)O
949,C=CCOCCCO
950,Cc1cc(O)cc(=O)o1
951,O=C(O)CCC(=O)CC(=O)O
952,O=C(O)c1ccc(=O)oc1
953,C=CCOC(O)C=C
954,CC=CC=CC=O
955,C=CCOC(=O)C(C)=O
956,CC=C1CC(=O)OC1=O
957,COC(=O)CCC(C)=O
958,CCOC(C)C(O)C(=O)O
959,O=C(O)c1cccoc1=O
960,C=CCCC(O)CO
961,CC(=O)c1occc1O
962,O=C(O)CCCC(=O)C(=O)O
963,C=C(C)C(=O)OCC(=O)O
964,O=CCc1ccco1
965,CCC(=CC(=O)O)C(=O)O
966,CCC1=CC(=O)OC1=O
967,CCC(=CC(=O)O)C(=O)O
968,C=CC(=O)OC(C)CO
969,CCC(O)CC(O)CO
970,CC=C(CC(=O)O)C(=O)O
971,CC(O)CCC(O)CO
972,CC(O)(CC=O)CC=O
973,O=C(CCCCO)OCO
974,OCCCC(O)CCO
975,CC(=O)C1CCOC1=O
976,C=C(CCOC)C(=O)O
977,CCCC(O)C(O)CO
978,C=COC(=O)CC(C)=O
979,CC=CC=CCO
980,COC(=O)C(C)CC=O
981,CC(O)C(=O)OC(C)C(=O)O
982,O=CCCCCC(=O)O
983,C=CCOC(=O)C(=C)O
984,C=CCOCC(C)O
985,O=C(O)C(CO)CCCO
986,C=CCCCOC(=O)O
987,CC1=C(O)C(=O)C(C)O1
988,C=CCC(=CO)C(=O)O
989,C=CCC=C(O)C(=O)O
990,O=C(O)C=CCCC(=O)O
991,C=CC(=O)OC(C)C(=O)O
992,CC=C1CC(=O)OC1=O
993,C=CC(O)C(=C)C(=O)O
994,C=C(CC=CO)C(=O)O
995,C=C(CC(=O)OC)C(=O)O
996,CC(O)CC(O)CCO
997,CCOC(=O)C(C)C=O
998,C=C(C(=O)O)C(O)CC
999,C=C(CCC(=O)O)C(=O)O
1000,CCCC(=O)CC(=O)O
1001,O=C(CO)c1ccco1
1002,O=Cc1occc1CO
1003,CCC(=O)OCC(O)CO
1004,C=C(CO)C(=O)OCC
1005,C=C(CC(C)O)C(=O)O
1006,C=CC(=CC)C(=O)O
1007,CC(O)(CCO)CC(=O)O
1008,C=CCOC(=O)C(C)O
1009,C=C(CC(=O)O)C(=O)OC
1010,C=CCC(=C)C(=O)O
1011,CC(=O)CCCC(=O)O
1012,CCC(C(C)=O)C(=O)O
1013,CCOC(=O)C=CC(=O)O
1014,CCOC(=O)C=CC(=O)O
1015,O=Cc1ccc(CO)o1
1016,C=CC(=CC)C(=O)O
1017,C=CC(=O)OCC=CO
1018,CC(O)(CCO)CC(=O)O
1019,C=CC(=O)OCCC(=O)O
1020,Cc1occc(=O)c1O
1021,C=CC(=O)OC(O)CC
1022,CCC(O)=C(C)C(=O)O
1023,O=C(O)C=CC=CC(=O)O
1024,C=CCOC(=O)C=C
1025,C=CC(=O)OCC(C)O
1026,CC(=CCCO)C(=O)O
1027,C=CC(=O)OCCCO
1028,CCOC(=O)CC(C)=O
1029,OCCCCC(O)CO
1030,CC=CC=CC(=O)O
1031,C=C(CCCO)C(=O)O
1032,CC(O)COC(C)CO
1033,C=C(C)C(=O)OCCO